# 3ds Max Wavefront OBJ Exporter v0.97b - (c)2007 guruware
# File Created: 17.11.2012 11:10:07

mtllib alvin.mtl

#
# object DrawCall_0007
#

v  -1.4616 -0.5611 -7.6322
v  -1.4715 -0.4422 -7.6244
v  -1.4746 -0.4612 -7.6876
v  -1.3390 -0.4357 -7.8936
v  -1.3408 -0.4416 -7.8511
v  -1.3564 -0.4280 -7.8603
v  -1.4571 -0.2772 -7.6918
v  -1.4071 -0.2663 -7.7943
v  -1.4258 -0.2985 -7.7925
v  -1.3183 -0.4351 -7.8944
v  -1.3391 -0.3662 -7.8968
v  -1.3154 -0.3678 -7.8972
v  -1.2981 -0.4373 -7.8902
v  -1.2920 -0.3683 -7.8929
v  -1.2770 -0.3804 -7.8833
v  -1.3208 -0.6236 -7.5195
v  -1.3553 -0.6354 -7.4946
v  -1.3236 -0.6428 -7.4947
v  -1.3286 -0.7727 -7.5319
v  -1.3639 -0.7720 -7.5470
v  -1.3274 -0.7293 -7.5908
v  -1.3415 -0.5918 -7.7026
v  -1.3336 -0.4847 -7.7430
v  -1.2962 -0.5936 -7.6904
v  -1.2120 -0.4547 -7.6025
v  -1.2140 -0.3256 -7.5753
v  -1.2668 -0.4020 -7.5133
v  -1.3031 -0.5733 -7.5361
v  -1.2428 -0.5469 -7.5848
v  -1.2950 -0.5199 -7.5539
v  -1.0384 -0.6053 -6.8617
v  -1.0828 -0.5938 -6.8340
v  -1.0425 -0.5385 -6.8858
v  -1.1093 -0.7216 -7.0804
v  -1.1049 -0.6713 -7.2761
v  -1.1128 -0.6237 -7.1796
v  -1.2363 -1.1035 -7.1506
v  -1.3081 -1.0567 -7.3183
v  -1.2597 -1.1043 -7.2603
v  -1.2431 -0.7765 -7.4742
v  -1.3340 -0.8704 -7.4786
v  -1.2663 -0.7596 -7.4977
v  -1.2084 -1.1177 -7.3190
v  -1.2576 -1.0723 -7.3768
v  -1.2093 -1.0296 -7.4259
v  -1.2356 -1.1520 -7.2394
v  -1.2886 -1.0614 -7.3022
v  -1.2391 -1.1028 -7.2017
v  -0.9281 -1.1502 -7.1673
v  -0.9178 -1.1494 -7.1896
v  -0.9263 -1.1528 -7.1659
v  -0.9273 -1.1291 -7.1541
v  -0.9302 -1.1393 -7.1592
v  -0.9293 -1.1438 -7.1553
v  -1.2307 -1.0997 -7.3833
v  -1.2923 -1.0904 -7.3898
v  -1.2233 -1.0851 -7.3801
v  -1.0491 -1.1070 -7.1297
v  -1.0379 -1.0767 -7.1288
v  -1.0522 -1.0768 -7.1429
v  -1.1972 -1.1245 -7.1221
v  -1.2093 -1.1244 -7.1110
v  -1.1946 -1.1320 -7.1146
v  -1.1973 -1.1530 -7.1241
v  -1.1938 -1.1459 -7.1176
v  -1.1978 -1.1558 -7.1166
v  -1.0239 -1.1194 -7.0574
v  -1.0383 -1.1168 -7.0376
v  -1.0250 -1.1309 -7.0496
v  -1.0607 -1.1382 -7.0293
v  -1.0506 -1.1558 -7.0386
v  -1.0521 -1.1435 -7.0349
v  -0.9548 -1.1169 -7.1143
v  -0.9598 -1.1230 -7.0950
v  -0.9486 -1.1268 -7.1111
v  -0.9208 -1.1456 -7.2718
v  -0.9256 -1.1481 -7.2532
v  -0.9257 -1.1461 -7.2734
v  -0.9272 -1.1432 -7.2476
v  -0.9262 -1.1315 -7.2450
v  -0.9343 -1.1379 -7.2426
v  -0.9265 -1.1062 -7.1740
v  -0.9294 -1.1190 -7.1577
v  -0.9208 -1.1161 -7.1757
v  -0.9228 -1.1449 -7.1919
v  -1.2504 -1.1578 -7.2232
v  -1.2381 -1.1468 -7.1656
v  -1.2667 -1.1409 -7.2220
v  -1.0168 -1.0735 -7.1949
v  -1.0621 -1.1065 -7.2139
v  -1.0118 -1.1122 -7.1857
v  -1.1723 -1.1201 -7.3567
v  -1.1235 -1.1000 -7.3298
v  -1.1211 -1.1215 -7.3339
v  -0.9897 -1.1103 -7.2374
v  -1.0508 -1.1063 -7.2602
v  -1.0013 -1.0718 -7.2310
v  -0.9534 -1.0839 -7.1841
v  -0.9843 -1.0716 -7.2257
v  -0.9932 -1.0630 -7.2044
v  -1.1574 -1.0871 -7.2147
v  -1.1813 -1.0914 -7.2715
v  -1.2153 -1.1080 -7.2298
v  -0.9907 -1.1099 -7.3021
v  -1.0374 -1.0915 -7.3011
v  -1.0010 -1.0810 -7.2921
v  -1.0011 -1.1010 -7.0965
v  -1.0057 -1.1273 -7.0975
v  -1.0133 -1.1067 -7.1775
v  -0.9706 -1.1247 -7.1425
v  -1.0183 -1.1381 -7.1706
v  -0.9717 -1.0963 -7.1338
v  -1.2772 -1.1378 -7.2529
v  -1.2796 -1.1213 -7.2535
v  -1.3232 -1.1274 -7.3018
v  -1.1791 -1.1501 -7.1977
v  -1.2094 -1.1313 -7.2143
v  -1.2098 -1.1488 -7.2262
v  -0.9517 -1.1338 -7.1202
v  -0.9762 -1.1498 -7.1377
v  -1.0713 -1.1580 -7.0575
v  -1.0276 -1.1549 -7.0577
v  -0.9802 -1.1365 -7.0841
v  -0.9777 -1.1185 -7.0842
v  -1.2203 -1.1541 -7.1056
v  -1.2130 -1.1471 -7.0935
v  -1.2215 -1.1347 -7.1026
v  -1.0170 -1.1469 -7.0285
v  -1.0170 -1.1499 -7.0517
v  -1.0164 -1.1372 -7.0487
v  -0.9729 -1.1318 -7.0807
v  -0.9750 -1.1414 -7.0813
v  -0.9699 -1.1417 -7.0767
v  -0.9536 -1.1520 -7.1091
v  -0.9461 -1.1390 -7.1161
v  -0.9486 -1.1535 -7.1078
v  -0.9414 -1.1387 -7.1126
v  -0.8980 -1.1358 -7.1679
v  -0.9054 -1.1462 -7.1610
v  -0.9226 -1.1471 -7.2457
v  -0.9078 -1.1450 -7.2499
v  -0.9215 -1.1372 -7.2447
v  -1.7160 -0.5036 -6.8705
v  -1.6645 -0.5391 -6.8118
v  -1.7063 -0.5641 -6.8344
v  -1.4157 -0.8024 -7.5119
v  -1.3702 -0.8113 -7.5171
v  -1.4198 -0.8571 -7.4838
v  -1.7576 -1.0174 -7.2799
v  -1.8050 -1.0046 -7.1592
v  -1.8151 -0.9592 -7.1605
v  -1.7237 -0.8616 -7.0317
v  -1.7048 -0.9673 -7.0370
v  -1.6882 -0.8949 -7.0361
v  -1.6708 -1.0129 -7.3719
v  -1.6674 -1.0669 -7.3244
v  -1.8061 -0.8598 -7.0985
v  -1.8071 -0.9362 -7.0885
v  -1.7731 -0.8649 -7.0485
v  -1.5543 -1.0608 -7.1641
v  -1.5514 -1.1044 -7.1994
v  -1.5586 -1.0412 -7.1267
v  -1.5700 -1.0894 -7.3325
v  -1.6386 -1.1048 -7.2730
v  -1.6079 -1.0690 -7.3319
v  -1.5008 -1.0549 -7.2631
v  -1.5124 -1.0829 -7.2223
v  -1.4801 -1.0721 -7.2746
v  -1.8809 -1.1298 -7.1332
v  -1.8732 -1.1425 -7.1333
v  -1.8772 -1.1459 -7.1343
v  -1.8694 -1.1531 -7.1277
v  -1.5637 -1.1027 -7.3340
v  -1.5010 -1.0948 -7.3436
v  -1.5091 -1.1049 -7.2188
v  -1.5457 -1.0926 -7.2028
v  -1.5511 -1.0994 -7.2011
v  -1.7378 -1.1044 -7.0741
v  -1.7362 -1.0747 -7.0885
v  -1.7500 -1.0745 -7.0739
v  -1.5767 -1.1160 -7.0606
v  -1.5892 -1.1170 -7.0712
v  -1.5913 -1.1242 -7.0633
v  -1.5874 -1.1479 -7.0647
v  -1.5650 -1.1459 -7.0678
v  -1.5679 -1.1490 -7.0604
v  -1.7222 -1.1315 -6.9732
v  -1.7308 -1.1373 -6.9783
v  -1.7320 -1.1497 -6.9815
v  -1.8393 -1.1391 -7.0558
v  -1.8371 -1.1267 -7.0513
v  -1.8340 -1.1338 -7.0602
v  -1.8716 -1.1331 -7.2096
v  -1.8684 -1.1311 -7.1990
v  -1.8646 -1.1264 -7.2162
v  -1.8671 -1.1192 -7.1152
v  -1.8579 -1.1212 -7.0973
v  -1.8617 -1.1091 -7.1140
v  -1.8522 -1.1469 -7.1069
v  -1.8565 -1.1415 -7.0982
v  -1.8585 -1.1527 -7.1058
v  -1.5222 -1.1348 -7.1728
v  -1.5488 -1.1395 -7.1153
v  -1.5379 -1.1522 -7.1728
v  -1.7767 -1.1128 -7.1285
v  -1.7274 -1.1066 -7.1587
v  -1.7732 -1.0744 -7.1392
v  -1.5626 -1.1184 -7.0662
v  -1.5727 -1.1026 -7.0894
v  -1.5780 -1.1133 -7.0689
v  -1.7102 -1.0877 -7.2218
v  -1.6994 -1.0785 -7.1767
v  -1.6783 -1.0823 -7.2018
v  -1.7899 -1.0745 -7.1748
v  -1.7401 -1.1084 -7.2045
v  -1.8004 -1.1135 -7.1794
v  -1.6375 -1.1282 -7.0868
v  -1.6479 -1.1476 -7.0923
v  -1.6249 -1.1314 -7.1045
v  -1.7553 -1.0957 -7.2453
v  -1.7493 -1.0853 -7.2270
v  -1.7978 -1.1431 -7.2313
v  -1.7576 -1.1235 -7.2530
v  -1.7560 -1.1451 -7.2409
v  -1.7689 -1.1380 -7.1128
v  -1.8161 -1.1250 -7.0835
v  -1.7751 -1.1070 -7.1206
v  -1.7879 -1.1096 -7.1889
v  -1.8295 -1.1077 -7.1831
v  -1.8283 -1.1275 -7.1791
v  -1.5127 -1.1326 -7.2041
v  -1.4686 -1.1227 -7.2548
v  -1.5111 -1.1159 -7.2052
v  -1.7119 -1.1519 -7.0010
v  -1.6873 -1.1459 -7.0401
v  -1.7057 -1.1262 -6.9934
v  -1.8550 -1.1430 -7.1816
v  -1.8280 -1.1477 -7.1840
v  -1.8400 -1.1090 -7.2290
v  -1.8366 -1.0968 -7.2079
v  -1.8065 -1.0863 -7.2323
v  -1.7298 -1.1261 -6.9676
v  -1.7257 -1.1404 -6.9696
v  -1.8361 -1.1532 -7.0471
v  -1.8349 -1.1573 -7.0200
v  -1.8459 -1.1564 -7.0330
v  -1.8117 -1.1298 -7.0216
v  -1.8142 -1.1396 -7.0172
v  -1.8093 -1.1393 -7.0220
v  -1.8145 -1.1506 -7.0289
v  -1.8184 -1.1536 -7.0264
v  -1.8312 -1.1515 -7.0486
v  -1.8439 -1.1388 -7.0521
v  -1.8909 -1.1466 -7.1148
v  -1.8891 -1.1393 -7.1058
v  -1.3682 -0.2359 -7.7934
v  -1.3535 -0.2694 -7.8427
v  -1.3159 -0.2643 -7.8410
v  -1.2342 -0.2731 -7.7798
v  -1.2649 -0.2245 -7.6220
v  -1.2166 -0.2494 -7.6374
v  -1.2674 -0.2993 -7.5380
v  -1.2183 -0.3286 -7.7026
v  -1.2440 -0.3536 -7.7694
v  -1.2031 -0.2871 -7.6700
v  -1.2186 -0.3067 -7.7751
v  -1.0377 -0.5566 -6.9601
v  -1.0891 -0.5519 -6.9465
v  -1.0447 -0.6162 -6.9446
v  -1.0930 -0.6118 -6.9311
v  -0.9861 -1.0231 -7.0883
v  -1.0187 -0.9585 -7.0347
v  -1.0197 -1.0243 -7.0477
v  -1.0686 -0.9559 -7.0198
v  -1.3195 -1.0950 -7.3120
v  -1.2822 -1.0943 -7.2704
v  -1.3115 -1.0709 -7.3190
v  -1.2829 -1.1103 -7.2674
v  -1.2409 -1.1051 -7.2509
v  -1.2484 -1.1017 -7.2532
v  -1.1969 -1.1043 -7.2717
v  -1.2147 -1.1101 -7.1392
v  -1.1994 -1.1079 -7.1656
v  -1.2200 -1.1047 -7.1609
v  -1.2047 -1.1084 -7.1788
v  -1.2083 -1.1213 -7.1193
v  -1.2235 -1.1270 -7.1162
v  -1.2369 -1.1214 -7.1349
v  -1.1133 -1.0823 -7.2545
v  -1.0820 -1.0859 -7.2757
v  -1.0916 -1.0787 -7.2300
v  -1.1895 -1.1400 -7.1252
v  -1.1959 -1.1480 -7.1484
v  -1.1891 -1.1314 -7.1485
v  -1.2019 -1.1416 -7.1727
v  -1.1620 -1.1366 -7.1572
v  -1.1382 -1.1525 -7.1463
v  -1.1490 -1.1336 -7.1398
v  -1.0972 -1.1513 -7.0955
v  -1.1009 -1.0846 -7.1723
v  -1.0675 -1.0862 -7.1235
v  -1.0889 -1.1129 -7.1655
v  -1.0552 -1.1114 -7.1233
v  -1.0835 -1.1417 -7.3102
v  -1.0350 -1.1410 -7.2985
v  -1.0539 -1.1388 -7.2593
v  -0.9995 -1.1355 -7.2578
v  -0.9614 -1.1233 -7.2385
v  -0.9612 -1.1433 -7.2442
v  -1.0211 -1.1353 -7.0605
v  -1.0369 -1.1546 -7.0804
v  -1.0276 -1.1218 -7.0823
v  -1.0632 -1.1455 -7.1180
v  -1.0244 -1.1399 -7.0202
v  -1.0346 -1.1222 -7.0332
v  -1.0568 -1.1471 -7.0261
v  -1.0531 -1.1328 -7.0237
v  -1.0547 -1.1275 -7.0296
v  -1.6529 -0.5729 -6.9045
v  -1.6691 -0.5190 -6.9304
v  -1.6996 -0.5891 -6.9142
v  -1.7186 -0.5360 -6.9399
v  -1.7455 -0.8659 -7.3184
v  -1.6966 -0.7291 -7.2765
v  -1.6536 -0.7590 -7.3860
v  -1.6367 -0.6186 -7.3164
v  -1.3884 -0.6097 -7.4786
v  -1.3529 -0.6078 -7.4739
v  -1.3181 -0.6168 -7.4735
v  -1.4007 -0.7661 -7.5373
v  -1.4637 -0.7395 -7.5122
v  -1.6199 -1.0987 -7.2923
v  -1.6109 -1.0894 -7.2208
v  -1.6135 -1.0978 -7.2872
v  -1.5983 -1.0952 -7.2196
v  -1.5682 -1.0979 -7.1114
v  -1.5888 -1.1019 -7.1153
v  -1.5839 -1.1027 -7.1286
v  -1.5964 -1.1328 -7.0734
v  -1.5978 -1.1250 -7.0970
v  -1.5905 -1.1414 -7.0966
v  -1.5854 -1.1357 -7.1213
v  -1.6329 -1.0842 -7.1635
v  -1.5748 -1.1039 -7.1799
v  -1.7314 -1.1084 -7.0678
v  -1.7200 -1.0828 -7.0693
v  -1.6990 -1.1104 -7.1111
v  -1.6882 -1.0820 -7.1193
v  -1.6794 -1.0913 -7.0443
v  -1.6420 -1.0997 -7.0903
v  -1.6647 -1.0831 -7.1043
v  -1.6286 -1.1028 -7.1077
v  -1.7628 -1.1310 -7.0030
v  -1.7574 -1.1181 -7.0255
v  -1.7470 -1.1505 -7.0228
v  -1.7222 -1.1420 -7.0616
v  -1.5628 -1.1395 -7.0596
v  -1.5646 -1.1452 -7.0545
v  -1.5639 -1.1256 -7.0522
v  -1.7489 -1.1165 -6.9768
v  -1.7670 -1.1326 -6.9911
v  -1.7581 -1.1340 -6.9628
v  -1.7656 -1.1415 -6.9705
v  -0.8962 -1.1427 -7.1771
v  -0.8989 -1.1523 -7.1689
v  -1.8876 -1.1558 -7.1063
v  -1.8811 -1.1493 -7.0989
v  -1.4402 -0.6806 -7.5198
v  -1.4202 -0.6476 -7.5119
v  -1.4219 -0.6376 -7.5407
v  -1.3859 -0.6184 -7.5246
v  -1.3998 -0.5676 -7.5439
v  -1.4758 -0.2905 -7.6551
v  -1.4652 -0.3156 -7.5964
v  -1.4460 -0.2402 -7.6590
v  -1.3282 -0.4017 -7.7602
v  -1.3288 -0.3531 -7.7299
v  -1.3533 -0.3889 -7.7658
v  -1.3939 -0.3418 -7.7289
v  -1.4056 -0.3472 -7.7830
v  -1.3560 -0.7238 -7.6044
v  -1.3865 -0.7246 -7.5954
v  -1.3936 -0.6637 -7.6509
v  -1.3499 -0.3988 -7.5004
v  -1.3367 -0.2536 -7.5877
v  -1.3332 -0.2135 -7.6108
v  -1.1424 -0.5891 -6.8384
v  -1.1278 -0.5282 -6.8624
v  -1.0810 -0.5290 -6.8580
v  -1.1037 -1.0331 -7.3845
v  -1.1286 -0.9617 -7.4198
v  -1.0294 -0.9023 -7.2988
v  -1.1117 -0.7878 -7.3492
v  -1.0783 -0.7743 -7.2326
v  -0.9146 -1.1385 -7.1949
v  -0.9105 -1.1418 -7.1962
v  -0.9152 -1.1519 -7.1900
v  -1.1741 -1.0975 -7.3436
v  -1.1815 -1.0999 -7.3384
v  -1.0237 -1.0662 -7.1442
v  -1.0403 -1.0662 -7.1594
v  -1.0871 -1.0742 -7.1959
v  -1.0193 -1.1438 -7.0551
v  -1.0281 -1.1551 -7.0512
v  -1.0078 -1.1372 -7.1951
v  -0.9692 -1.1242 -7.1642
v  -0.9662 -1.1482 -7.1733
v  -0.9375 -1.1322 -7.1568
v  -0.9488 -1.1467 -7.2127
v  -0.9345 -1.1445 -7.1679
v  -1.2321 -1.1514 -7.1404
v  -1.2203 -1.1544 -7.1189
v  -1.2171 -1.1577 -7.1117
v  -1.1594 -1.1078 -7.1594
v  -1.1455 -1.1049 -7.1424
v  -1.1239 -1.0870 -7.1566
v  -1.1070 -1.0969 -7.0974
v  -1.0877 -1.0820 -7.1109
v  -1.0840 -1.1219 -7.3215
v  -1.0841 -1.0993 -7.3165
v  -1.0345 -1.1190 -7.3098
v  -1.0057 -1.0777 -7.2738
v  -1.0431 -1.0820 -7.2822
v  -1.3295 -1.1482 -7.3639
v  -1.2924 -1.1529 -7.3408
v  -1.3098 -1.1514 -7.3062
v  -1.2453 -1.1536 -7.3097
v  -1.2547 -1.1532 -7.2591
v  -0.9573 -1.1530 -7.1150
v  -0.9356 -1.1246 -7.2433
v  -0.9218 -1.1249 -7.2599
v  -0.9536 -1.1433 -7.2869
v  -0.9315 -1.1469 -7.2508
v  -1.1969 -1.1467 -7.0975
v  -1.2041 -1.1544 -7.0943
v  -1.1978 -1.1560 -7.1000
v  -1.2116 -1.1567 -7.0961
v  -1.2138 -1.1600 -7.1084
v  -1.2058 -1.1255 -7.1060
v  -1.2039 -1.1422 -7.0955
v  -1.1934 -1.1331 -7.1096
v  -1.2224 -1.1483 -7.1104
v  -1.2234 -1.1347 -7.1076
v  -1.0241 -1.1572 -7.0491
v  -1.0185 -1.1572 -7.0332
v  -1.0229 -1.1558 -7.0211
v  -1.0474 -1.1571 -7.0342
v  -1.0350 -1.1576 -7.0222
v  -1.0330 -1.1460 -7.0164
v  -0.9189 -1.1264 -7.2708
v  -0.9150 -1.1334 -7.2749
v  -0.9206 -1.1374 -7.2745
v  -0.9168 -1.1440 -7.2738
v  -1.6798 -0.4816 -6.8471
v  -1.6341 -0.4726 -6.8542
v  -1.6072 -0.5239 -6.8204
v  -1.6464 -0.7818 -7.0789
v  -1.5872 -0.9152 -7.0767
v  -1.5564 -0.8661 -7.0115
v  -1.5378 -0.9548 -7.0538
v  -1.4852 -0.9054 -6.9885
v  -1.6201 -0.5534 -7.2816
v  -1.5265 -0.5378 -7.3760
v  -1.5310 -0.5160 -7.3588
v  -1.4308 -0.5111 -7.4012
v  -1.4732 -1.0942 -7.2646
v  -1.8277 -1.1527 -7.0546
v  -1.8095 -1.1497 -7.0780
v  -1.8493 -1.1341 -7.0963
v  -1.8207 -1.1497 -7.1133
v  -1.8182 -1.1254 -7.1051
v  -1.7801 -1.1383 -7.1369
v  -1.8393 -1.1502 -7.1520
v  -1.8647 -1.1486 -7.1304
v  -1.5540 -1.1433 -7.0897
v  -1.5882 -1.1455 -7.0722
v  -1.5917 -1.1383 -7.0658
v  -1.6761 -1.1198 -7.0340
v  -1.7865 -1.0819 -7.2175
v  -1.7917 -1.0859 -7.2355
v  -1.8014 -1.1155 -7.2440
v  -1.7030 -1.0729 -7.1428
v  -1.7489 -1.0651 -7.1049
v  -1.7650 -1.0651 -7.0892
v  -1.8577 -1.1524 -7.1894
v  -1.8620 -1.1488 -7.1861
v  -1.8637 -1.1539 -7.1916
v  -1.8542 -1.1298 -7.1828
v  -1.8605 -1.1191 -7.1989
v  -1.8313 -1.1167 -7.0551
v  -1.8255 -1.1219 -7.0358
v  -1.8023 -1.0828 -7.2137
v  -1.7972 -1.0848 -7.1918
v  -1.7825 -1.0826 -7.1968
v  -1.5800 -1.1171 -7.0553
v  -1.5811 -1.1334 -7.0442
v  -1.5923 -1.1251 -7.0583
v  -1.5880 -1.1382 -7.0458
v  -1.5804 -1.1455 -7.0426
v  -1.5718 -1.1379 -7.0424
v  -1.5710 -1.1513 -7.0568
v  -1.5860 -1.1507 -7.0607
v  -1.8733 -1.1508 -7.2119
v  -1.8716 -1.1557 -7.2060
v  -1.8823 -1.1568 -7.2022
v  -1.8680 -1.1565 -7.1921
v  -1.8794 -1.1569 -7.1896
v  -0.9052 -1.1455 -7.2649
v  -0.9039 -1.1507 -7.2576
v  -0.9072 -1.1500 -7.2646
v  -0.9098 -1.1507 -7.2519
v  -0.9212 -1.1505 -7.2540
v  -1.8781 -1.1567 -7.1006
v  -1.8865 -1.1557 -7.1170
v  -1.8720 -1.1557 -7.1279
v  -1.8854 -1.1573 -7.1950
v  -1.8845 -1.1524 -7.2026
v  -1.2567 -0.6511 -7.6101
v  -1.2654 -0.6029 -7.5549
v  -1.2753 -0.6827 -7.5433
v  -1.2858 -0.6485 -7.5304
v  -1.2767 -0.6950 -7.5062
v  -1.2911 -0.6588 -7.5021
v  -1.1250 -0.8196 -7.0584
v  -0.9994 -0.8755 -7.0937
v  -1.0729 -0.7852 -7.1177
v  -0.9729 -0.8746 -7.1587
v  -1.2295 -0.6836 -7.4651
v  -1.1955 -0.8034 -7.4681
v  -1.1675 -0.6756 -7.4030
v  -1.1639 -0.8125 -7.4292
v  -1.1206 -1.0891 -7.3391
v  -1.1119 -1.0883 -7.3492
v  -1.0245 -1.0547 -7.2926
v  -1.0118 -0.9723 -7.2940
v  -0.9519 -1.1027 -7.2882
v  -0.9861 -1.0809 -7.2895
v  -0.9550 -1.0914 -7.2666
v  -0.9898 -1.0782 -7.2706
v  -0.9942 -1.0812 -7.2487
v  -1.0091 -1.0793 -7.2531
v  -1.1989 -1.1587 -7.1127
v  -1.1938 -1.1516 -7.1124
v  -0.9697 -1.1523 -7.0888
v  -0.9656 -1.1552 -7.0866
v  -0.9488 -1.1586 -7.0809
v  -0.9382 -1.1569 -7.0942
v  -0.9181 -1.1491 -7.2680
v  -1.5377 -1.0044 -7.0736
v  -1.4167 -1.0415 -7.0644
v  -1.4194 -0.9947 -7.0318
v  -1.2913 -1.0421 -7.0694
v  -1.2951 -0.9878 -7.0421
v  -1.2354 -0.9591 -7.0591
v  -1.3246 -0.8096 -7.5116
v  -1.8369 -1.1494 -7.2263
v  -1.7904 -1.1391 -7.1992
v  -1.7360 -1.1408 -7.2026
v  -1.7079 -1.1446 -7.2543
v  -1.7088 -1.1025 -7.2621
v  -1.7083 -1.1252 -7.2663
v  -1.6699 -1.1025 -7.2767
v  -1.6717 -1.1242 -7.2800
v  -1.6213 -1.1220 -7.3047
v  -1.7587 -1.1524 -6.9910
v  -1.7548 -1.1502 -6.9934
v  -1.7351 -1.1510 -6.9770
v  -1.8602 -1.1554 -7.1043
v  -1.8572 -1.1459 -7.0941
v  -1.8596 -1.1312 -7.0934
v  -1.8634 -1.1370 -7.1839
v  -1.8679 -1.1428 -7.1833
v  -1.8728 -1.1314 -7.1969
v  -1.8844 -1.1479 -7.1951
v  -1.8754 -1.1404 -7.2133
v  -1.8665 -1.1527 -7.1840
v  -1.8814 -1.1513 -7.1877
v  -1.4439 -0.7285 -7.5253
v  -1.4319 -0.7010 -7.5723
v  -1.4359 -0.6695 -7.5555
v  -1.4434 -0.6393 -7.6250
v  -1.4366 -0.5921 -7.5686
v  -1.4506 -0.5356 -7.6017
v  -1.4016 -0.5143 -7.5626
v  -1.3488 -0.5129 -7.5468
v  -1.3517 -0.5677 -7.5336
v  -1.3533 -0.6170 -7.5182
v  -1.3563 -0.3769 -7.8900
v  -1.3644 -0.3870 -7.8824
v  -1.3823 -0.3841 -7.8207
v  -1.3470 -0.3965 -7.8102
v  -1.2708 -0.4867 -7.7243
v  -1.2013 -0.4742 -7.6650
v  -1.2289 -0.5740 -7.6381
v  -1.2642 -0.3476 -7.7172
v  -1.3017 -0.3910 -7.7614
v  -1.3013 -0.4014 -7.8047
v  -1.3248 -0.4094 -7.8044
v  -1.3223 -0.4404 -7.8497
v  -1.2735 -0.5576 -7.4127
v  -1.1848 -0.5726 -7.3510
v  -1.1111 -0.6052 -7.2444
v  -1.1780 -1.0681 -7.3676
v  -1.2652 -1.0590 -7.3561
v  -1.2945 -1.0643 -7.3755
v  -1.3222 -1.0891 -7.3691
v  -0.9073 -1.1256 -7.1946
v  -0.9141 -1.1243 -7.1910
v  -0.9142 -1.1119 -7.1717
v  -1.2086 -1.1477 -7.2118
v  -1.2064 -1.1313 -7.2073
v  -1.1948 -1.1239 -7.1742
v  -1.2408 -1.1126 -7.1584
v  -1.2247 -1.1063 -7.1758
v  -1.2200 -1.1200 -7.2128
v  -1.1930 -1.1171 -7.1452
v  -1.0019 -1.0739 -7.1855
v  -0.9658 -1.0971 -7.1646
v  -0.9353 -1.1155 -7.1592
v  -0.9444 -1.0939 -7.2113
v  -0.9181 -1.1154 -7.1958
v  -1.3356 -1.1167 -7.3706
v  -1.2988 -1.1437 -7.3857
v  -1.0780 -1.1328 -7.0487
v  -1.1090 -1.1258 -7.0880
v  -1.0414 -1.1387 -7.1407
v  -0.9994 -1.1507 -7.1080
v  -0.9758 -1.1535 -7.0920
v  -0.9532 -1.1224 -7.0901
v  -0.9372 -1.1410 -7.0835
v  -0.9480 -1.1534 -7.0767
v  -0.9371 -1.1563 -7.0825
v  -0.9082 -1.1538 -7.1629
v  -0.9004 -1.1518 -7.1796
v  -0.9174 -1.1252 -7.2580
v  -0.9052 -1.1413 -7.2573
v  -1.7920 -0.9912 -7.0979
v  -1.8197 -0.8826 -7.1701
v  -1.8076 -0.8090 -7.1894
v  -1.7649 -0.9338 -7.3005
v  -1.8738 -1.1151 -7.1110
v  -1.8741 -1.1282 -7.1298
v  -1.4708 -1.0918 -7.3238
v  -1.4958 -1.0736 -7.3326
v  -1.5220 -1.0610 -7.3180
v  -1.5734 -1.0917 -7.2841
v  -1.7878 -1.0749 -7.1293
v  -1.8225 -1.0984 -7.1063
v  -1.8522 -1.1175 -7.0992
v  -1.5943 -1.1106 -7.0944
v  -1.5932 -1.1184 -7.1231
v  -1.8084 -1.1518 -7.0323
v  -1.7854 -1.1488 -7.0492
v  -1.7449 -1.1367 -7.0837
v  -1.4950 -1.1426 -7.3373
v  -1.4579 -1.1162 -7.3242
v  -1.4635 -1.1453 -7.3164
v  -1.4814 -1.1471 -7.2580
v  -1.5349 -1.1488 -7.2090
v  -1.7555 -1.1502 -6.9998
v  -1.7641 -1.1393 -6.9973
v  -1.4997 -1.1503 -7.2919
v  -1.5458 -1.1514 -7.2591
v  -1.6019 -1.1532 -7.2200
v  -1.5913 -1.1437 -7.0604
v  -1.5868 -1.1476 -7.0480
v  -1.5730 -1.1476 -7.0446
v  -1.7662 -1.1454 -6.9936
v  -1.7638 -1.1519 -6.9749
v  -1.7592 -1.1500 -6.9631
v  -1.7471 -1.1514 -6.9645
v  -1.7492 -1.1396 -6.9591
v  -1.7285 -1.1210 -6.9737
v  -1.7455 -1.1112 -6.9815
v  -1.7587 -1.1260 -6.9924
v  -1.8320 -1.1214 -7.0306
v  -1.8472 -1.1401 -7.0228
v  -1.8510 -1.1498 -7.0327
v  -1.8467 -1.1554 -7.0212
v  -0.9334 -1.1501 -7.0938
v  -1.8357 -1.1520 -7.0160
v  -1.2787 -0.2944 -7.8507
v  -1.2531 -0.3192 -7.8390
v  -1.2712 -0.3906 -7.8746
v  -1.2860 -0.4310 -7.8544
v  -1.3977 -1.0199 -7.3301
v  -1.3491 -1.0356 -7.3263
v  -1.3371 -1.0934 -7.1765
v  -1.2509 -1.0978 -7.1573
v  -1.1949 -1.0285 -7.0798
v  -1.1568 -1.0420 -7.0636
v  -1.1046 -0.9849 -7.0324
v  -1.0917 -1.0562 -7.0487
v  -1.0026 -1.1064 -7.2463
v  -0.9609 -1.1034 -7.2419
v  -0.9301 -1.1131 -7.2591
v  -0.9264 -1.1197 -7.2768
v  -0.9930 -1.1380 -7.2903
v  -1.0783 -1.0830 -7.0982
v  -1.0985 -1.0978 -7.0862
v  -1.0543 -1.0987 -7.0594
v  -1.0738 -1.1125 -7.0488
v  -1.0422 -1.1130 -7.0430
v  -1.0583 -1.1209 -7.0333
v  -1.7616 -0.8083 -7.0650
v  -1.6744 -0.7623 -7.0960
v  -1.7858 -0.7979 -7.1248
v  -1.7151 -0.7280 -7.1627
v  -1.5636 -1.0157 -7.4110
v  -1.5626 -0.8725 -7.4883
v  -1.5213 -0.9253 -7.4638
v  -1.5461 -0.7695 -7.4935
v  -1.4930 -0.7501 -7.4932
v  -1.4888 -0.6572 -7.4841
v  -1.4518 -0.6394 -7.4879
v  -1.5500 -1.1131 -7.0855
v  -1.5471 -1.1050 -7.1094
v  -1.5639 -1.0999 -7.1264
v  -1.5693 -1.1151 -7.1627
v  -1.7974 -1.0650 -7.1482
v  -1.8066 -1.0747 -7.1688
v  -1.8359 -1.0863 -7.1258
v  -1.8454 -1.0976 -7.1523
v  -1.8704 -1.1193 -7.1351
v  -1.6087 -1.1459 -7.1451
v  -1.5789 -1.1446 -7.1746
v  -1.5795 -1.1268 -7.1634
v  -1.5798 -1.1430 -7.1603
v  -1.5823 -1.1266 -7.1564
v  -1.3990 -0.2189 -7.6367
v  -1.4168 -0.2934 -7.5505
v  -1.4297 -0.3956 -7.5269
v  -1.2813 -0.7439 -7.5132
v  -1.2821 -0.7149 -7.5659
v  -1.3052 -0.6690 -7.6438
v  -1.3489 -0.6676 -7.6546
v  -1.3882 -0.5888 -7.6979
v  -0.9646 -0.9527 -7.1542
v  -0.9822 -0.9450 -7.0807
v  -1.0267 -0.8975 -7.0393
v  -1.1564 -0.8378 -7.0462
v  -1.2612 -0.6588 -7.4740
v  -1.3499 -0.5458 -7.4268
v  -1.2400 -1.0909 -7.2475
v  -1.1787 -1.1316 -7.1798
v  -1.1842 -1.1258 -7.2566
v  -1.1250 -1.1497 -7.2068
v  -1.1150 -1.1371 -7.2644
v  -1.0176 -1.1118 -7.2071
v  -1.0583 -1.0870 -7.1124
v  -1.0328 -1.1063 -7.0761
v  -1.2487 -1.1126 -7.2397
v  -1.2644 -1.1235 -7.2225
v  -0.9928 -1.1362 -7.2290
v  -0.9441 -1.1205 -7.2200
v  -0.9176 -1.1315 -7.2002
v  -1.0958 -1.1476 -7.1737
v  -0.9649 -1.1099 -7.0974
v  -1.5204 -1.0499 -7.3523
v  -1.4701 -0.9403 -7.4368
v  -1.3867 -0.6370 -7.4994
v  -1.5542 -1.0808 -7.1981
v  -1.6995 -1.0775 -7.0576
v  -1.7085 -1.0784 -7.0446
v  -1.6875 -1.0920 -7.0328
v  -1.7308 -1.0934 -7.0045
v  -1.7106 -1.1062 -6.9940
v  -1.7419 -1.1074 -6.9871
v  -1.7252 -1.1144 -6.9777
v  -1.7604 -1.1149 -7.0006
v  -1.7525 -1.1023 -7.0200
v  -1.7288 -1.0835 -7.0579
v  -1.8706 -1.1356 -7.1389
v  -1.8451 -1.1245 -7.1600
v  -1.7962 -1.1390 -7.1702
v  -1.5250 -1.1175 -7.1738
v  -1.5417 -1.1078 -7.1909
v  -1.7795 -1.1248 -7.0398
v  -1.8043 -1.1343 -7.0251
v  -1.8642 -1.1526 -7.2117
v  -1.8691 -1.1522 -7.2100
v  -1.6045 -1.1038 -7.1399
v  -1.5996 -1.1301 -7.1380
v  -1.8157 -1.0963 -7.0759
v  -1.8209 -1.1088 -7.0388
v  -1.8074 -1.1164 -7.0258
v  -1.6912 -1.1451 -7.1183
v  -1.5622 -1.1258 -7.0573
v  -1.2426 -0.3416 -7.8280
v  -1.2636 -0.3888 -7.8108
v  -1.3039 -0.4433 -7.8479
v  -1.1608 -1.1104 -7.1054
v  -1.1204 -1.1155 -7.1008
v  -1.0529 -1.1218 -7.1284
v  -0.9870 -1.0729 -7.1725
v  -1.2281 -1.1449 -7.1160
v  -1.2403 -1.1370 -7.1378
v  -1.2480 -1.1283 -7.1635
v  -1.2432 -1.1141 -7.1721
v  -1.2407 -1.1134 -7.2223
v  -1.1880 -1.1550 -7.2726
v  -1.1368 -1.1536 -7.2531
v  -1.1516 -1.1545 -7.1651
v  -1.0881 -1.1486 -7.2456
v  -1.0713 -1.1414 -7.2190
v  -1.6689 -0.6753 -7.1212
v  -1.6224 -0.7714 -7.0494
v  -1.6096 -0.7767 -7.0463
v  -1.5338 -0.8356 -6.9928
v  -1.4761 -0.8602 -6.9666
v  -1.4124 -0.8713 -6.9538
v  -1.4284 -0.5418 -7.4241
v  -1.3511 -0.5182 -7.4072
v  -1.2731 -0.5251 -7.3897
v  -1.1824 -0.5471 -7.3334
v  -1.1105 -0.5890 -7.2352
v  -1.6837 -1.0783 -7.2874
v  -1.7765 -1.0526 -7.1809
v  -1.7466 -1.0458 -7.0997
v  -1.7620 -0.9892 -7.0601
v  -1.7759 -0.9303 -7.0465
v  -1.5491 -1.1082 -7.1732
v  -1.5451 -1.1070 -7.1231
v  -1.5395 -1.1207 -7.1142
v  -1.5461 -1.1286 -7.0879
v  -1.5574 -1.1361 -7.0655
v  -1.3984 -0.4810 -7.7349
v  -1.0036 -1.0729 -7.1108
v  -1.0362 -1.0776 -7.0753
v  -1.1844 -1.1084 -7.1908
v  -1.1884 -1.1349 -7.1897
v  -1.4111 -1.0851 -7.1669
v  -1.4829 -1.0636 -7.1630
v  -1.4443 -1.0179 -7.3255
v  -1.5488 -1.0396 -7.1385
v  -1.4818 -1.0238 -7.3070
v  -1.5268 -1.0614 -7.2312
v  -1.1924 -0.3118 -7.6287
v  -1.1971 -0.3340 -7.6536
v  -1.2635 -0.3549 -7.6888
v  -1.3315 -0.3588 -7.7008
v  -1.4013 -0.3445 -7.6818
v  -1.4400 -0.3202 -7.7207
v  -1.1978 -0.8924 -7.4654
v  -1.2491 -0.9454 -7.4576
v  -1.2979 -0.9633 -7.4366
v  -1.3372 -0.9392 -7.4385
v  -1.3771 -0.8671 -7.4756
v  -1.3820 -0.9289 -7.4206
v  -1.4272 -0.9217 -7.4534
v  -1.1573 -1.1165 -7.3235
v  -0.9517 -1.1242 -7.2932
v  -0.9251 -1.1319 -7.2822
v  -1.6419 -0.9466 -7.4220
v  -1.5902 -0.7845 -7.4579
v  -1.5580 -0.6365 -7.4332
v  -1.7173 -1.1414 -7.1628
v  -1.7010 -1.1489 -7.1898
v  -1.6350 -1.1499 -7.1114
v  -1.6525 -1.1527 -7.1988
v  -1.6696 -1.1448 -7.2642
v  -1.6226 -1.1479 -7.2823
v  -1.5620 -1.1472 -7.3057
v  -1.5673 -1.1217 -7.3309
v  -1.4919 -1.1172 -7.3485
v  -1.7351 -1.0858 -7.2058
v  -1.7249 -1.0773 -7.1869
v  -1.7802 -1.0652 -7.1575
v  -1.7183 -1.0804 -7.1649
v  -1.3023 -1.1155 -7.3961
v  -1.2270 -1.1201 -7.3813
v  -1.2307 -1.1472 -7.3566
v  -1.1694 -1.1468 -7.3354
v  -1.1220 -1.1427 -7.3188
v  -1.0566 -1.0838 -7.2605
v  -1.0664 -1.0763 -7.2409
v  -1.0107 -1.0634 -7.2131
v  -1.0723 -1.0804 -7.2189
v  -1.8396 -1.1306 -7.2332
v  -1.8656 -1.1388 -7.2211
v  -1.8697 -1.1441 -7.2130
v  -1.4182 -0.9167 -6.9746
v  -1.3469 -0.9173 -6.9784
v  -1.2647 -0.8941 -6.9964
v  -0.9739 -1.0298 -7.1625
v  -1.2701 -0.2398 -7.7851
v  -1.3187 -0.2258 -7.7890
v  -1.6063 -0.9588 -7.0766
v  -1.6365 -0.9603 -7.0523
v  -1.6349 -1.0371 -7.0773
v  -1.6219 -1.0816 -7.1340
v  -1.6149 -1.1024 -7.2035
v  -1.1227 -1.0804 -7.1861
v  -0.9848 -1.0876 -7.1126
v  -1.0107 -1.0738 -7.1636
v  -1.0267 -1.0740 -7.1757
v  -1.6830 -1.1023 -7.2177
v  -1.6766 -1.1003 -7.1589
v  -1.6799 -1.0376 -7.0704
v  -1.6342 -0.5772 -7.2177
v  -1.6224 -0.5434 -7.2725
v  -1.6669 -1.0777 -7.1340
v  -1.7850 -1.0987 -7.0395
v  -1.8022 -1.0864 -7.0555
v  -1.7784 -1.0737 -7.1078
v  -1.7627 -1.0739 -7.1204
v  -1.3823 -0.3141 -7.8499
v  -1.3963 -0.3355 -7.8409
v  -1.4696 -0.3219 -7.6750
v  -1.3463 -0.8700 -6.9572
v  -1.2828 -0.8548 -6.9745
v  -1.1923 -0.8086 -7.0159
v  -1.1785 -0.8053 -7.0172
# 913 vertices

vn -0.9933 -0.0876 0.0750
vn -0.6036 -0.7857 -0.1353
vn -0.8172 0.4581 -0.3499
vn -0.0214 -0.0414 -0.9989
vn 0.4910 -0.0772 -0.8677
vn 0.1818 0.7676 0.6147
vn 0.2309 -0.7855 -0.5742
vn 0.2294 -0.3584 -0.9049
vn 0.8180 -0.1060 0.5654
vn 0.5690 0.1800 0.8024
vn -0.5591 -0.3123 -0.7680
vn 0.9959 0.0794 0.0429
vn -0.7874 -0.5919 0.1720
vn 0.4744 -0.4231 -0.7720
vn 0.0352 -0.7711 -0.6358
vn 0.8981 0.3057 -0.3160
vn -0.6859 -0.6445 -0.3378
vn -0.9347 0.0985 0.3416
vn 0.1264 0.1521 -0.9803
vn -0.6874 0.2335 0.6877
vn 0.4896 0.6977 0.5230
vn 0.9221 -0.3780 -0.0826
vn 0.7901 0.2905 0.5398
vn 0.4432 -0.2079 0.8720
vn 0.7294 0.5760 0.3691
vn 0.1302 -0.9864 -0.0998
vn 0.4410 -0.2302 0.8675
vn 0.8079 0.3859 0.4454
vn -0.5655 -0.7731 -0.2872
vn -0.6815 -0.6784 0.2743
vn -0.4716 0.1448 0.8698
vn 0.4023 0.2169 -0.8894
vn 0.3523 0.2571 -0.8999
vn 0.5114 0.8495 -0.1298
vn -0.3570 0.9308 0.0791
vn 0.1213 0.3620 -0.9243
vn -0.5725 0.0702 0.8169
vn 0.5437 -0.2615 -0.7975
vn 0.6740 0.2388 -0.6990
vn -0.7350 -0.0798 0.6734
vn -0.6237 -0.4299 0.6529
vn 0.6726 -0.2812 -0.6845
vn 0.0713 -0.9968 0.0359
vn -0.4453 0.0675 0.8928
vn -0.8093 -0.1404 0.5704
vn 0.9990 -0.0434 0.0046
vn -0.6606 0.1002 0.7440
vn 0.0639 -0.5045 -0.8610
vn 0.5194 0.4101 -0.7497
vn 0.4584 0.2408 0.8555
vn 0.2882 -0.1317 0.9485
vn -0.6785 -0.6413 0.3581
vn 0.5956 -0.3388 -0.7284
vn -0.1852 -0.4388 -0.8793
vn -0.9166 -0.2148 -0.3372
vn 0.0894 -0.0337 0.9954
vn -0.5930 -0.5520 -0.5863
vn -0.8276 0.0833 0.5551
vn -0.9888 0.0489 -0.1408
vn -0.3807 -0.6890 -0.6167
vn 0.6975 0.4829 0.5294
vn 0.1533 0.1011 -0.9830
vn 0.4522 -0.2845 -0.8453
vn -0.1549 0.0386 -0.9872
vn 0.3798 -0.0712 0.9223
vn 0.7013 0.2795 0.6558
vn -0.4943 0.7015 0.5134
vn 0.0309 -0.9254 -0.3776
vn -0.4062 -0.1901 0.8938
vn -0.7797 0.3280 -0.5333
vn -0.6614 0.7481 0.0542
vn -0.8054 0.3771 0.4574
vn 0.5935 -0.5219 0.6127
vn 0.7115 -0.6458 0.2768
vn 0.4954 0.1909 0.8474
vn 0.1951 0.8483 0.4922
vn -0.0479 0.9810 -0.1879
vn -0.3907 0.2126 -0.8956
vn 0.6562 -0.5086 0.5574
vn 0.1218 0.8458 -0.5195
vn -0.2175 -0.4884 -0.8451
vn -0.5609 -0.3069 -0.7689
vn 0.1428 0.2081 0.9676
vn 0.7573 -0.0324 0.6523
vn 0.8202 -0.3347 0.4640
vn 0.0469 -0.2391 0.9699
vn -0.5494 0.7585 -0.3505
vn 0.6212 0.0734 0.7802
vn 0.1022 -0.9829 -0.1531
vn 0.6808 0.1477 0.7174
vn 0.5752 -0.6036 0.5521
vn 0.4332 -0.8404 -0.3257
vn -0.5570 0.3654 -0.7458
vn -0.8086 -0.1441 -0.5705
vn -0.9090 0.3941 -0.1353
vn -0.4913 0.6454 -0.5849
vn -0.3894 0.7038 -0.5942
vn -0.2120 0.7778 -0.5916
vn -0.0843 0.8124 -0.5770
vn 0.3978 0.8957 -0.1986
vn 0.5101 0.8084 0.2939
vn 0.4837 0.8676 0.1157
vn 0.5117 0.6342 0.5797
vn 0.9402 -0.0866 -0.3296
vn 0.9040 -0.4173 -0.0934
vn 0.9304 -0.3278 -0.1642
vn 0.8766 -0.4794 -0.0406
vn 0.2676 0.2133 0.9396
vn 0.2735 0.2173 0.9370
vn 0.2751 0.2184 0.9363
vn 0.2812 0.2226 0.9335
vn 0.7656 -0.1356 0.6289
vn 0.4209 -0.1814 0.8888
vn 0.6545 -0.1557 0.7398
vn 0.2718 -0.1898 0.9434
vn -0.6842 0.4030 0.6078
vn -0.6615 0.4362 0.6101
vn -0.6663 0.4293 0.6097
vn -0.6400 0.4656 0.6113
vn -0.3502 -0.1249 0.9283
vn 0.1290 0.7463 0.6530
vn -0.2567 0.1056 0.9607
vn 0.2200 0.8390 0.4976
vn 0.1902 0.9630 0.1911
vn 0.1537 0.9880 0.0157
vn 0.1739 0.9786 0.1101
vn 0.1296 0.9876 -0.0891
vn -0.2043 0.8237 0.5289
vn -0.2762 0.8211 0.4995
vn -0.2658 0.8218 0.5039
vn -0.3235 0.8166 0.4780
vn -0.0396 0.9737 -0.2242
vn -0.0113 0.9829 -0.1838
vn -0.0230 0.9794 -0.2006
vn 0.0102 0.9882 -0.1529
vn 0.9179 -0.3774 -0.1228
vn 0.9002 -0.3707 -0.2284
vn 0.9036 -0.3720 -0.2124
vn 0.8777 -0.3620 -0.3139
vn -0.6209 -0.5498 0.5587
vn -0.6358 -0.5519 0.5396
vn -0.6307 -0.5512 0.5463
vn -0.6430 -0.5527 0.5302
vn 0.8096 0.2115 -0.5475
vn 0.7540 0.3079 -0.5803
vn 0.7898 0.2484 -0.5608
vn 0.7272 0.3476 -0.5919
vn -0.0011 -0.9984 0.0573
vn 0.0262 -0.9972 0.0704
vn 0.0310 -0.9969 0.0727
vn 0.0581 -0.9946 0.0857
vn -0.0047 -0.2747 0.9615
vn -0.2011 -0.2705 0.9415
vn -0.1968 -0.2707 0.9423
vn -0.3692 -0.2580 0.8928
vn 0.8649 -0.2691 -0.4237
vn 0.8032 -0.2582 -0.5368
vn 0.8205 -0.2614 -0.5083
vn 0.7635 -0.2503 -0.5954
vn 0.8015 0.5317 0.2737
vn 0.7601 0.5921 0.2678
vn 0.7659 0.5842 0.2687
vn 0.7381 0.6207 0.2644
vn -0.5964 0.0257 0.8023
vn -0.6847 0.2845 0.6710
vn -0.6453 0.1489 0.7493
vn -0.7064 0.4142 0.5740
vn -0.2836 -0.1806 0.9418
vn -0.3676 -0.0929 0.9253
vn -0.3193 -0.1442 0.9366
vn -0.4045 -0.0520 0.9131
vn -0.3021 0.3376 0.8915
vn -0.2934 0.3348 0.8954
vn -0.2952 0.3353 0.8946
vn -0.2868 0.3325 0.8984
vn -0.8012 0.4174 -0.4287
vn -0.8299 0.3617 -0.4248
vn -0.8263 0.3691 -0.4254
vn -0.8529 0.3104 -0.4198
vn 0.0738 0.5933 -0.8016
vn 0.1187 0.5882 -0.8000
vn 0.1170 0.5884 -0.8001
vn 0.1615 0.5822 -0.7968
vn -0.1940 -0.5066 -0.8401
vn -0.3261 -0.4469 -0.8330
vn -0.3681 -0.4252 -0.8269
vn -0.4736 -0.3639 -0.8020
vn -0.0404 0.9914 -0.1242
vn 0.4078 0.9036 -0.1308
vn -0.0026 0.9921 -0.1258
vn 0.4288 0.8939 -0.1304
vn -0.2149 0.9631 0.1622
vn -0.2019 0.9761 0.0799
vn -0.1854 0.9826 -0.0146
vn -0.1648 0.9790 -0.1204
vn -0.9084 -0.4103 -0.0802
vn -0.8971 -0.4076 -0.1702
vn -0.8943 -0.4068 -0.1866
vn -0.8748 -0.4004 -0.2728
vn 0.3306 0.9428 0.0429
vn 0.1792 0.9663 0.1847
vn 0.2506 0.9607 0.1197
vn 0.0681 0.9577 0.2795
vn -0.7567 0.3023 -0.5797
vn -0.7816 0.2624 -0.5659
vn -0.8148 0.2025 -0.5432
vn -0.8329 0.1657 -0.5281
vn 0.4774 0.8472 0.2331
vn 0.4809 0.8469 0.2271
vn 0.4794 0.8470 0.2297
vn 0.4837 0.8466 0.2223
vn -0.8686 -0.3111 -0.3858
vn -0.8273 -0.3050 -0.4717
vn -0.8110 -0.3023 -0.5009
vn -0.7735 -0.2953 -0.5608
vn 0.8739 -0.4455 -0.1944
vn 0.9739 -0.1844 0.1326
vn 0.9459 -0.3230 -0.0323
vn 0.9628 -0.0651 0.2622
vn -0.7489 0.6072 0.2654
vn -0.7699 0.5780 0.2706
vn -0.7754 0.5699 0.2719
vn -0.8091 0.5166 0.2799
vn 0.9686 -0.0697 0.2385
vn 0.8885 -0.0784 0.4520
vn 0.8639 -0.0798 0.4973
vn 0.7396 -0.0833 0.6679
vn -0.9580 -0.0914 0.2719
vn -0.8445 -0.0889 0.5281
vn -0.8706 -0.0899 0.4836
vn -0.7141 -0.0822 0.6952
vn -0.8576 0.4688 0.2117
vn -0.7491 0.6114 0.2550
vn -0.6738 0.5699 0.4704
vn -0.5423 0.3927 0.7428
vn -0.4851 0.1917 0.8532
vn -0.9984 -0.0173 0.0542
vn -0.9967 -0.0120 0.0802
vn -0.9116 0.3018 0.2792
vn -0.9630 0.1364 0.2325
vn -0.7916 0.4968 0.3558
vn -0.4185 -0.4840 0.7685
vn -0.1978 -0.6231 0.7568
vn -0.3963 -0.6422 0.6561
vn -0.4500 -0.7581 0.4720
vn -0.6506 -0.7288 0.2135
vn 0.1495 -0.7671 -0.6239
vn -0.0098 -0.7650 -0.6440
vn -0.0748 -0.7365 -0.6723
vn -0.1811 -0.7092 -0.6813
vn -0.1917 -0.6731 -0.7143
vn -0.2484 0.5156 0.8201
vn -0.1624 0.6032 0.7808
vn 0.0015 0.6156 0.7881
vn 0.0914 0.6574 0.7480
vn 0.2166 0.4730 0.8540
vn 0.0391 -0.3738 -0.9267
vn 0.0624 -0.3597 -0.9310
vn -0.1407 -0.3520 -0.9254
vn -0.2837 -0.3256 -0.9019
vn -0.6078 -0.2602 -0.7503
vn 0.7810 -0.0351 -0.6236
vn 0.7576 0.0581 -0.6501
vn 0.7861 0.2539 -0.5635
vn 0.7968 0.3591 -0.4860
vn 0.8328 0.4700 -0.2926
vn -0.4725 -0.2685 -0.8395
vn -0.4638 -0.2783 -0.8411
vn -0.5811 -0.5078 -0.6360
vn -0.5723 -0.5114 -0.6410
vn -0.6729 -0.6594 -0.3353
vn 0.5746 -0.1098 -0.8110
vn 0.5899 -0.0368 -0.8066
vn -0.1219 0.9884 0.0905
vn -0.2329 0.9672 0.1013
vn -0.3707 0.9215 -0.1154
vn -0.3194 0.8951 0.3112
vn -0.3166 0.8896 0.3291
vn -0.3427 0.8856 0.3134
vn -0.3471 0.8820 0.3187
vn -0.3780 0.8780 0.2937
vn 0.6416 -0.3123 -0.7006
vn 0.7048 -0.3854 -0.5957
vn 0.6199 -0.7754 -0.1202
vn 0.3299 -0.9440 -0.0045
vn 0.0161 -0.9994 -0.0303
vn -0.4996 -0.3738 0.7815
vn -0.5012 -0.3704 0.7821
vn -0.4186 -0.3710 0.8289
vn -0.4188 -0.3690 0.8297
vn -0.2998 -0.3724 0.8783
vn 0.0366 -0.9987 0.0359
vn -0.0673 -0.9976 -0.0152
vn -0.5223 -0.8313 0.1900
vn -0.6621 -0.7470 0.0595
vn -0.5557 -0.5631 0.6117
vn 0.0236 -0.9883 -0.1508
vn -0.0073 -0.9596 -0.2813
vn 0.0060 -0.9659 -0.2588
vn -0.0216 -0.9328 -0.3597
vn -0.0151 -0.9118 -0.4104
vn -0.5023 0.8221 0.2681
vn -0.4993 0.8223 0.2729
vn -0.4905 0.8269 0.2749
vn -0.4723 0.8376 0.2746
vn -0.4621 0.8438 0.2728
vn 0.3118 0.2136 -0.9258
vn 0.3106 0.2112 -0.9268
vn 0.2639 0.2103 -0.9413
vn 0.2654 0.2091 -0.9412
vn 0.2128 0.2117 -0.9539
vn -0.0697 0.9789 -0.1919
vn -0.0918 0.9531 -0.2882
vn -0.1449 0.8829 -0.4467
vn -0.1460 0.8648 -0.4804
vn -0.1670 0.8591 -0.4838
vn -0.1157 -0.9931 -0.0165
vn -0.0770 -0.9970 0.0030
vn -0.0584 -0.9983 0.0060
vn -0.0334 -0.9994 0.0102
vn -0.0338 -0.9994 0.0029
vn 0.6875 -0.3668 -0.6267
vn 0.5244 -0.3595 -0.7719
vn 0.6746 -0.4682 -0.5707
vn 0.4276 -0.4031 -0.8091
vn 0.7246 -0.6013 -0.3368
vn 0.1834 0.0706 0.9805
vn 0.2069 0.0727 0.9757
vn 0.3203 0.2461 0.9148
vn 0.4701 0.4590 0.7539
vn 0.5742 0.6745 0.4641
vn 0.7825 0.3271 -0.5299
vn 0.7847 0.3265 -0.5270
vn 0.7717 0.3446 -0.5345
vn 0.7778 0.3392 -0.5291
vn 0.7512 0.3724 -0.5451
vn -0.0735 -0.9958 -0.0547
vn -0.0950 -0.9937 -0.0602
vn -0.0493 -0.9651 0.2573
vn -0.1316 -0.9765 0.1708
vn 0.1197 -0.7346 0.6679
vn 0.6086 -0.2634 0.7485
vn 0.3352 -0.7413 0.5815
vn 0.4204 -0.6769 0.6042
vn 0.1272 -0.9470 0.2950
vn 0.1129 -0.9638 0.2415
vn -0.1213 0.5183 0.8466
vn -0.1175 0.5243 0.8434
vn -0.0205 0.3905 0.9204
vn 0.0076 0.3577 0.9338
vn 0.1625 0.0919 0.9824
vn 0.3225 0.0847 0.9428
vn 0.4396 0.3091 0.8433
vn 0.4611 0.3630 0.8097
vn 0.5108 0.4981 0.7007
vn 0.5084 0.5007 0.7006
vn -0.8655 -0.4659 -0.1839
vn -0.9359 -0.3518 -0.0153
vn -0.9611 -0.2116 0.1776
vn -0.9345 -0.1309 0.3309
vn -0.9277 -0.1400 0.3460
vn 0.6537 -0.7212 -0.2291
vn 0.8110 -0.5643 -0.1544
vn 0.9437 -0.3167 0.0957
vn 0.9517 -0.2348 0.1977
vn 0.8869 -0.2969 0.3539
vn -0.4505 -0.7809 0.4327
vn -0.3891 -0.5325 0.7517
vn -0.4222 -0.3723 0.8265
vn -0.3511 -0.2709 0.8963
vn -0.3741 -0.0528 0.9259
vn -0.0907 -0.9717 -0.2182
vn -0.3771 -0.9261 0.0047
vn -0.4518 -0.8916 -0.0305
vn -0.8647 -0.4943 -0.0891
vn -0.8890 -0.4353 -0.1421
vn -0.2994 0.3439 -0.8900
vn -0.2059 0.2046 -0.9569
vn -0.1454 -0.0135 -0.9893
vn -0.2205 -0.2334 -0.9470
vn -0.3223 -0.2875 -0.9019
vn 0.6331 -0.2758 -0.7232
vn 0.3256 -0.4304 -0.8419
vn 0.1906 -0.4878 -0.8519
vn -0.0072 -0.5356 -0.8445
vn 0.0186 -0.5438 -0.8390
vn -0.7406 -0.3186 0.5916
vn -0.6896 -0.3819 0.6153
vn -0.6374 -0.3972 0.6602
vn -0.5750 -0.4462 0.6858
vn -0.4922 -0.4555 0.7418
vn -0.6623 0.4771 -0.5777
vn -0.6666 0.4627 -0.5844
vn -0.5258 0.4745 -0.7059
vn -0.5691 0.4335 -0.6987
vn -0.3512 0.5347 -0.7686
vn 0.4496 0.2053 0.8693
vn 0.6166 0.2119 0.7582
vn 0.6272 0.2469 0.7387
vn 0.7202 0.4146 0.5562
vn 0.7084 0.4636 0.5322
vn -0.7149 -0.6354 -0.2918
vn -0.4413 -0.4452 -0.7791
vn -0.6770 -0.5090 -0.5316
vn -0.5376 -0.4031 -0.7407
vn -0.6951 -0.4103 -0.5904
vn 0.3414 -0.3301 0.8800
vn 0.4582 -0.3247 0.8274
vn 0.4579 -0.3267 0.8268
vn 0.5386 -0.3252 0.7773
vn 0.5371 -0.3286 0.7769
vn -0.0026 -0.9973 0.0729
vn 0.4248 -0.8906 -0.1620
vn 0.2972 -0.9496 -0.0993
vn 0.6215 -0.7310 -0.2817
vn 0.5805 -0.7657 -0.2772
vn 0.0037 -0.9934 -0.1143
vn 0.0097 -0.9893 -0.1459
vn -0.3982 -0.8956 -0.1985
vn -0.4423 -0.8652 -0.2363
vn -0.9113 -0.4097 -0.0398
vn 0.6774 -0.5119 0.5283
vn 0.6824 -0.4910 0.5415
vn 0.7216 -0.4443 0.5309
vn 0.7264 -0.4347 0.5323
vn 0.7589 -0.4370 0.4829
vn 0.0308 0.9729 -0.2291
vn 0.0731 0.8974 -0.4351
vn -0.0618 0.7151 -0.6963
vn 0.0092 0.7274 -0.6862
vn -0.1648 0.3239 -0.9316
vn 0.3587 0.8994 0.2498
vn 0.3285 0.9034 0.2755
vn 0.3238 0.9067 0.2703
vn 0.2982 0.9105 0.2866
vn 0.3002 0.9153 0.2685
vn -0.0385 -0.6333 0.7730
vn -0.0198 -0.6368 0.7708
vn -0.0307 -0.6686 0.7430
vn -0.0037 -0.6717 0.7408
vn -0.0724 -0.7131 0.6973
vn -0.1516 0.1006 0.9833
vn -0.1563 0.1700 0.9730
vn -0.3139 0.3235 0.8927
vn -0.3180 0.3671 0.8741
vn -0.5267 0.5966 0.6056
vn -0.8090 0.2824 -0.5155
vn -0.8108 0.2819 -0.5129
vn -0.8775 0.4424 -0.1851
vn -0.8784 0.4578 -0.1373
vn -0.7354 0.5668 0.3715
vn -0.3897 0.9171 -0.0845
vn -0.3720 0.9271 0.0449
vn -0.3270 0.9432 0.0587
vn -0.2072 0.9688 0.1360
vn -0.1059 0.9878 0.1140
vn 0.1331 0.5523 0.8230
vn -0.2020 0.5611 0.8027
vn -0.3138 0.5462 0.7767
vn -0.5031 0.5079 0.6992
vn -0.5092 0.5008 0.7000
vn -0.2927 0.1090 0.9500
vn -0.2045 0.1169 0.9719
vn -0.1072 0.2764 0.9550
vn 0.0128 0.3913 0.9202
vn 0.1210 0.5692 0.8133
vn 0.6677 -0.7358 0.1130
vn 0.3091 -0.8976 -0.3141
vn 0.4653 -0.8687 -0.1701
vn 0.0864 -0.8095 -0.5807
vn 0.0858 -0.8002 -0.5936
vn -0.0769 -0.5373 -0.8399
vn 0.1071 -0.8269 -0.5520
vn 0.1003 -0.8525 -0.5130
vn 0.1708 -0.9715 -0.1644
vn 0.1590 -0.9751 -0.1544
vn -0.1304 -0.7824 -0.6090
vn -0.0337 -0.9256 -0.3770
vn 0.0135 -0.9800 -0.1983
vn 0.0569 -0.9974 -0.0433
vn 0.0378 -0.9992 -0.0160
vn 0.8206 -0.3872 -0.4204
vn 0.1686 -0.9716 -0.1661
vn 0.5036 -0.8106 -0.2988
vn -0.0209 -0.9983 -0.0546
vn -0.0068 -0.9986 -0.0518
vn -0.4991 -0.3870 0.7753
vn -0.2240 -0.9496 0.2193
vn -0.3380 -0.8265 0.4502
vn -0.0489 -0.9980 -0.0403
vn -0.0366 -0.9982 -0.0466
vn 0.0882 -0.9957 -0.0278
vn -0.1422 -0.9818 -0.1256
vn -0.6381 -0.5622 -0.5261
vn -0.6962 -0.3868 -0.6047
vn -0.5725 -0.3394 -0.7464
vn 0.9697 -0.0868 0.2282
vn 0.9326 -0.0637 0.3554
vn 0.9583 0.0972 0.2686
vn 0.8759 0.1304 0.4646
vn 0.9392 0.2837 0.1936
vn 0.9005 0.3256 0.2884
vn 0.4431 0.5486 0.7090
vn 0.6437 0.6364 0.4251
vn 0.6138 0.6816 0.3983
vn 0.7555 0.6544 -0.0305
vn 0.7438 0.6401 -0.1924
vn 0.7630 0.5024 -0.4067
vn 0.1659 0.0716 -0.9835
vn 0.5822 0.1849 -0.7917
vn 0.6096 0.1422 -0.7798
vn 0.8201 0.1461 -0.5532
vn 0.8212 0.1277 -0.5562
vn 0.8900 0.1079 -0.4430
vn 0.2658 -0.9514 0.1553
vn 0.4808 -0.8431 -0.2409
vn 0.7120 -0.2800 -0.6439
vn 0.6736 -0.2745 -0.6862
vn 0.6931 0.0261 -0.7204
vn 0.6586 0.1133 -0.7439
vn 0.5132 0.7884 -0.3391
vn 0.4167 0.8950 -0.1595
vn 0.4501 0.8781 -0.1624
vn 0.2993 0.9505 0.0836
vn 0.1810 0.9695 0.1652
vn 0.0788 0.9860 0.1472
vn 0.1392 -0.9709 0.1950
vn 0.5061 -0.8514 0.1378
vn 0.7762 -0.5902 0.2217
vn 0.9393 -0.3000 0.1663
vn 0.9663 -0.1081 0.2338
vn 0.9742 -0.0562 0.2184
vn -0.4179 -0.8413 -0.3429
vn -0.2446 -0.9329 -0.2642
vn -0.2885 -0.9174 -0.2741
vn -0.1615 -0.9624 -0.2185
vn -0.1137 -0.9760 -0.1857
vn -0.0766 -0.9795 -0.1861
vn -0.0507 -0.9927 -0.1096
vn 0.0493 -0.9102 -0.4113
vn 0.3242 -0.7119 -0.6230
vn 0.4669 -0.3985 -0.7894
vn 0.5662 -0.2596 -0.7824
vn 0.5837 -0.1806 -0.7916
vn -0.2332 -0.5646 0.7917
vn -0.0882 -0.5724 0.8152
vn -0.0847 -0.5542 0.8280
vn 0.1940 -0.4537 0.8698
vn 0.2701 -0.4172 0.8677
vn 0.4197 -0.3838 0.8225
vn -0.2945 -0.5488 -0.7824
vn 0.0064 -0.6066 -0.7950
vn 0.0476 -0.5576 -0.8288
vn 0.3479 -0.4785 -0.8062
vn 0.2989 -0.4347 -0.8495
vn 0.5053 -0.3730 -0.7782
vn 0.1702 -0.9820 0.0822
vn 0.0797 -0.9914 0.1042
vn 0.0408 -0.9929 0.1119
vn 0.0034 -0.9938 0.1111
vn 0.0043 -0.9940 0.1095
vn 0.0358 -0.9950 0.0931
vn -0.2520 0.1699 -0.9527
vn -0.3038 0.1660 -0.9381
vn -0.3025 0.1673 -0.9384
vn -0.3891 0.1692 -0.9055
vn -0.3931 0.1706 -0.9035
vn -0.4385 0.1713 -0.8822
vn 0.2760 -0.8845 -0.3761
vn 0.2599 -0.8971 -0.3573
vn 0.4009 -0.9161 0.0015
vn 0.4797 -0.8774 -0.0127
vn 0.8770 -0.4702 -0.0987
vn 0.8977 -0.4125 -0.1546
vn 0.0714 -0.9972 -0.0226
vn 0.1462 -0.9158 0.3741
vn -0.0057 -0.7601 0.6497
vn -0.0711 -0.3336 0.9400
vn -0.1597 -0.2268 0.9608
vn -0.1842 -0.0787 0.9797
vn 0.3212 -0.1369 0.9371
vn -0.3203 0.3467 0.8816
vn -0.2421 0.2786 0.9294
vn -0.7561 0.5737 0.3151
vn -0.7787 0.5760 0.2488
vn -0.8131 0.5561 -0.1720
vn 0.7101 -0.6057 0.3590
vn 0.6229 -0.3150 0.7161
vn 0.3058 -0.2783 0.9105
vn -0.1146 0.0674 0.9911
vn -0.5335 0.4946 0.6861
vn -0.5682 0.6399 0.5173
vn -0.6418 -0.5780 -0.5040
vn -0.7693 -0.4448 -0.4586
vn -0.9569 -0.1880 -0.2214
vn -0.9980 -0.0597 -0.0187
vn -0.9897 -0.0604 0.1296
vn -0.9821 -0.0682 0.1759
vn -0.9701 -0.1152 0.2137
vn -0.2576 -0.3661 0.8942
vn -0.2870 0.0296 0.9575
vn -0.2659 -0.0600 0.9621
vn -0.2238 0.2856 0.9319
vn -0.2013 0.2703 0.9415
vn -0.1981 0.2992 0.9334
vn -0.1965 0.2983 0.9340
vn -0.5926 -0.1247 -0.7958
vn -0.8265 -0.3238 -0.4605
vn -0.7883 -0.2439 -0.5649
vn -0.8608 -0.5042 -0.0694
vn -0.7560 -0.5933 0.2766
vn -0.6211 -0.6657 0.4135
vn -0.4177 -0.6409 0.6441
vn 0.6418 -0.3606 -0.6768
vn 0.9201 -0.3172 -0.2297
vn 0.9491 -0.3117 -0.0457
vn 0.8777 -0.1854 0.4418
vn 0.7814 -0.2651 0.5649
vn 0.6456 -0.2492 0.7218
vn 0.3207 -0.3760 0.8693
vn 0.3124 -0.9227 0.2260
vn 0.4145 -0.8722 0.2596
vn 0.4832 -0.8366 0.2582
vn 0.5133 -0.8256 0.2342
vn 0.3759 -0.8703 0.3183
vn 0.2944 -0.8500 0.4369
vn 0.2744 -0.7862 0.5537
vn 0.5907 0.4769 -0.6509
vn 0.5733 0.4590 -0.6787
vn 0.6902 0.4282 -0.5833
vn 0.7125 0.3988 -0.5774
vn 0.9010 0.2712 -0.3384
vn 0.9607 0.1889 -0.2036
vn 0.9963 0.0722 0.0465
vn 0.1665 0.6365 0.7531
vn 0.1424 0.9295 0.3402
vn 0.1965 0.9372 -0.2880
vn 0.0230 0.6622 -0.7490
vn -0.1089 0.5750 -0.8109
vn -0.1903 0.4611 -0.8667
vn -0.5164 0.3796 -0.7676
vn -0.1916 0.1306 -0.9727
vn -0.2486 0.1622 -0.9549
vn -0.3195 0.4641 -0.8262
vn -0.2594 0.6723 -0.6933
vn -0.3523 0.8793 -0.3204
vn -0.3387 0.8743 -0.3478
vn -0.4898 0.8667 -0.0940
vn 0.9953 0.0377 -0.0891
vn 0.9569 0.0047 -0.2903
vn 0.9872 -0.0155 -0.1587
vn 0.9597 -0.1068 -0.2601
vn 0.9071 -0.3388 -0.2496
vn 0.8847 -0.3821 -0.2671
vn 0.8734 -0.3805 -0.3038
vn -0.3606 0.8520 0.3797
vn -0.3357 0.8775 0.3425
vn -0.3442 0.9054 0.2486
vn -0.2315 0.9682 0.0944
vn -0.0570 0.9846 -0.1652
vn 0.0590 0.9612 -0.2696
vn 0.0462 0.9387 -0.3417
vn 0.9491 0.2884 -0.1267
vn 0.9660 0.2446 0.0837
vn 0.9549 0.2914 0.0561
vn 0.9134 0.3728 0.1636
vn 0.9270 0.2549 0.2752
vn 0.9308 0.2766 0.2388
vn 0.8829 -0.0550 0.4663
vn 0.1539 0.8243 0.5448
vn 0.1504 0.8103 0.5664
vn 0.2232 0.7438 0.6301
vn 0.2349 0.7327 0.6387
vn 0.3087 0.7035 0.6401
vn 0.2954 0.7210 0.6268
vn 0.2760 0.7325 0.6224
vn 0.5201 0.8429 -0.1382
vn 0.5957 0.7974 -0.0964
vn 0.5922 0.7997 -0.0995
vn 0.7394 0.6733 0.0020
vn 0.7838 0.6198 0.0385
vn 0.8698 0.4753 0.1328
vn 0.8726 0.4699 0.1329
vn -0.4126 -0.7903 0.4530
vn -0.4744 -0.7394 0.4777
vn -0.7322 -0.5418 0.4127
vn -0.8126 -0.4515 0.3685
vn -0.9050 -0.3012 -0.3004
vn -0.9196 -0.2444 -0.3075
vn -0.5297 -0.2743 -0.8026
vn -0.4972 -0.6119 0.6151
vn -0.6251 -0.5096 0.5913
vn -0.7236 -0.4378 0.5335
vn -0.7572 -0.4023 0.5147
vn -0.7146 -0.4599 0.5271
vn -0.6944 -0.4773 0.5386
vn -0.6605 -0.4744 0.5820
vn -0.1594 -0.9752 -0.1536
vn -0.1070 -0.9878 -0.1130
vn -0.1152 -0.9863 -0.1180
vn 0.0178 -0.9998 -0.0099
vn 0.0311 -0.9995 0.0049
vn 0.1425 -0.9853 0.0938
vn 0.1517 -0.9827 0.1060
vn 0.8766 0.0728 -0.4758
vn 0.7826 0.2173 -0.5834
vn 0.6200 0.5285 -0.5799
vn 0.6210 0.7581 -0.1992
vn 0.4964 0.7475 0.4413
vn 0.3941 0.7265 0.5629
vn -0.0214 0.6198 0.7845
vn -0.0695 0.7307 0.6792
vn 0.0128 0.6555 0.7551
vn 0.0245 0.6142 0.7888
vn 0.1958 0.3558 0.9138
vn 0.3100 0.3112 0.8983
vn 0.6182 0.0150 0.7859
vn 0.7572 0.0359 0.6522
vn -0.2935 0.9098 0.2934
vn 0.1457 0.5284 0.8364
vn -0.0058 0.6972 0.7169
vn 0.1934 0.4147 0.8892
vn 0.2731 0.3111 0.9103
vn 0.2951 0.2497 0.9223
vn 0.4787 0.0642 0.8756
vn 0.2215 -0.1072 0.9693
vn 0.2168 -0.1444 0.9655
vn 0.3327 -0.3141 0.8892
vn 0.3551 -0.5206 0.7765
vn 0.4783 -0.8727 0.0982
vn 0.7545 -0.6424 -0.1345
vn 0.9124 -0.3827 -0.1450
vn 0.8915 0.4281 -0.1484
vn 0.8497 0.5178 -0.0994
vn 0.8312 0.5273 0.1761
vn 0.7002 0.5337 0.4742
vn -0.3702 0.2596 0.8919
vn 0.3086 0.3740 0.8746
vn -0.8633 -0.0036 0.5047
vn -0.1011 0.9206 0.3771
vn 0.4980 0.6003 0.6258
vn 0.2942 0.7719 0.5636
vn 0.5907 0.5204 0.6166
vn 0.7555 0.3957 0.5222
vn 0.7248 0.4761 0.4979
vn 0.9168 0.1111 0.3836
vn -0.9476 -0.2056 0.2445
vn -0.9415 -0.2599 0.2145
vn -0.9706 -0.1572 0.1823
vn -0.9782 -0.1183 0.1706
vn -0.9864 0.0873 0.1390
vn -0.9831 0.0943 0.1569
vn -0.9735 0.1922 0.1239
vn -0.9176 -0.1692 -0.3598
vn -0.9271 -0.1214 -0.3545
vn -0.9179 -0.0106 -0.3967
vn -0.9151 -0.0109 -0.4030
vn -0.8397 0.2428 -0.4859
vn -0.8480 0.1925 -0.4938
vn -0.7278 0.4248 -0.5384
vn 0.9411 0.1400 0.3079
vn 0.9323 0.1220 0.3405
vn 0.7153 0.1751 0.6766
vn -0.1862 0.5591 0.8079
vn 0.2411 0.9518 -0.1896
vn 0.2974 0.8715 -0.3899
vn 0.1476 0.8098 -0.5678
vn 0.5015 0.2952 -0.8133
vn 0.1400 0.4258 -0.8939
vn 0.1471 0.4618 -0.8747
vn 0.0659 0.3496 -0.9346
vn -0.1314 0.7906 -0.5980
vn -0.0716 0.9891 -0.1287
vn -0.1624 0.8411 0.5160
vn 0.5465 0.1781 0.8183
vn 0.5098 0.1679 0.8437
vn 0.4847 0.1501 0.8617
vn 0.3667 0.1110 0.9237
vn 0.3210 0.1134 0.9402
vn 0.2049 0.1516 0.9670
vn 0.2144 0.2012 0.9558
vn -0.8655 -0.0658 0.4966
vn -0.9315 0.2562 0.2582
vn -0.9258 0.2356 0.2956
vn -0.9195 0.3500 0.1790
vn -0.9617 0.2634 0.0758
vn -0.9704 0.2173 0.1053
vn -0.9614 0.2537 -0.1070
vn -0.1155 -0.9825 0.1460
vn -0.1067 -0.9853 0.1337
vn 0.0018 -0.9991 0.0418
vn 0.0146 -0.9995 0.0267
vn 0.1433 -0.9859 -0.0860
vn 0.1353 -0.9875 -0.0807
vn 0.1858 -0.9748 -0.1234
vn 0.5058 -0.3105 -0.8048
vn 0.9106 -0.2595 -0.3217
vn 0.8969 -0.3115 -0.3138
vn 0.8311 -0.4224 0.3616
vn 0.7601 -0.5063 0.4073
vn 0.5125 -0.7065 0.4879
vn 0.4529 -0.7592 0.4675
vn 0.7688 -0.3447 0.5386
vn 0.6600 -0.4673 0.5882
vn 0.4986 -0.7271 0.4720
vn 0.2536 -0.8993 0.3564
vn -0.4246 -0.9027 0.0693
vn -0.2995 -0.9533 0.0400
vn -0.7713 -0.6302 0.0886
vn 0.0246 -0.9860 -0.1648
vn 0.0696 -0.9926 -0.0998
vn 0.0916 -0.9958 -0.0073
vn 0.0913 -0.9950 0.0401
vn 0.0639 -0.9970 0.0429
vn 0.0628 -0.9973 0.0386
vn 0.0594 -0.9975 0.0394
vn -0.9647 -0.0788 0.2512
vn -0.9571 -0.1184 0.2644
vn -0.8861 -0.1727 0.4302
vn -0.7421 -0.3584 0.5665
vn -0.1740 -0.6369 0.7511
vn 0.1079 -0.4596 0.8815
vn 0.1885 -0.2392 0.9525
vn -0.9965 -0.0745 0.0378
vn -0.9932 -0.1084 0.0435
vn -0.9560 -0.2194 0.1949
vn -0.8752 -0.4307 0.2205
vn -0.2916 -0.7988 0.5263
vn 0.0070 -0.6803 0.7329
vn 0.0597 -0.4090 0.9106
vn 0.0282 0.6485 0.7607
vn -0.3978 0.7347 0.5495
vn -0.5060 0.7480 0.4295
vn -0.6514 0.7301 -0.2064
vn -0.6556 0.4867 -0.5773
vn -0.8072 0.1712 -0.5650
vn -0.8929 0.0278 -0.4495
vn -0.1045 0.9692 -0.2231
vn -0.7954 0.6048 0.0402
vn -0.5644 0.8175 -0.1147
vn -0.8482 0.5296 -0.0124
vn -0.9177 0.3917 0.0665
vn -0.9564 0.2754 0.0977
vn -0.9363 0.0103 0.3510
vn -0.4367 0.2578 0.8619
vn -0.4488 0.3903 0.8039
vn -0.6576 0.4599 0.5967
vn -0.6980 0.6287 0.3428
vn -0.1402 0.6626 -0.7357
vn 0.2202 0.6337 -0.7416
vn 0.3868 0.2419 -0.8898
vn 0.9464 0.0282 0.3218
vn 0.9499 0.3027 0.0782
vn 0.9066 0.4187 0.0528
vn 0.8305 0.5568 -0.0188
vn 0.5338 0.8395 -0.1018
vn 0.7773 0.6280 0.0383
vn 0.0659 0.9795 -0.1903
vn 0.9875 0.1355 -0.0803
vn 0.9188 0.3438 -0.1940
vn 0.9000 0.3991 -0.1755
vn 0.8116 0.5539 -0.1857
vn 0.5727 0.8043 -0.1587
vn 0.7457 0.6484 -0.1532
vn 0.1145 0.9873 -0.1100
vn -0.4505 0.0811 0.8891
vn -0.2714 0.2740 0.9227
vn -0.2518 0.3355 0.9078
vn -0.1761 0.4410 0.8801
vn 0.0074 0.7225 0.6913
vn -0.1337 0.5544 0.8214
vn 0.2733 0.9286 0.2510
vn 0.1524 0.4689 -0.8700
vn 0.3386 0.4196 -0.8422
vn 0.5760 0.3094 -0.7566
vn 0.6534 0.2719 -0.7064
vn 0.7615 0.0660 -0.6448
vn 0.8156 -0.1573 -0.5569
vn 0.8632 -0.3920 -0.3182
vn 0.8748 -0.4311 -0.2212
vn -0.2675 -0.9059 -0.3282
vn -0.2121 -0.9173 -0.3371
vn -0.0497 -0.9869 -0.1532
vn -0.1868 -0.8296 0.5261
vn -0.4415 -0.4070 0.7996
vn -0.4007 -0.2210 0.8892
vn -0.3144 -0.2176 0.9240
vn -0.2693 -0.2605 0.9272
vn -0.1148 0.1691 0.9789
vn 0.0569 0.1656 0.9845
vn 0.1093 0.2635 0.9585
vn 0.5119 0.4759 0.7152
vn 0.7165 0.5648 0.4093
vn 0.7685 0.6017 0.2177
vn 0.7424 0.6700 0.0048
vn 0.6392 0.7665 0.0616
vn 0.0538 -0.9945 0.0894
vn -0.0448 -0.9966 0.0698
vn -0.0886 -0.9954 0.0354
vn -0.1526 -0.9883 -0.0059
vn -0.1316 -0.9878 0.0833
vn -0.0152 -0.8653 0.5011
vn 0.0675 -0.6628 0.7458
vn 0.0126 -0.6734 0.7392
vn -0.2888 0.8121 0.5071
vn -0.2898 0.8107 0.5087
vn -0.2164 0.7705 0.5995
vn -0.1979 0.7930 0.5762
vn -0.0714 0.7860 0.6141
vn -0.0123 0.7209 0.6929
vn -0.0053 0.7444 0.6677
vn 0.0817 0.5135 0.8542
vn -0.7611 0.2452 0.6004
vn -0.7616 0.2228 0.6085
vn -0.7211 0.1696 0.6717
vn -0.7175 0.1752 0.6741
vn -0.6185 0.2213 0.7540
vn -0.1334 0.0335 0.9905
vn -0.2045 0.1479 0.9676
vn 0.4393 -0.2146 0.8723
vn 0.4086 0.3249 0.8529
vn 0.3782 0.2059 0.9026
vn 0.2098 0.3666 0.9064
vn 0.1445 0.4273 0.8925
vn -0.2019 0.7608 0.6168
vn -0.2067 0.7137 0.6693
vn -0.3738 0.8208 0.4319
vn -0.3801 0.7071 0.5963
vn -0.0849 -0.4730 -0.8770
vn 0.3059 -0.1935 -0.9322
vn 0.0160 -0.3900 -0.9207
vn 0.0841 -0.0971 -0.9917
vn -0.1740 0.0342 -0.9842
vn -0.2465 0.2075 -0.9467
vn -0.4975 0.1399 -0.8561
vn -0.2193 0.2540 -0.9420
vn 0.3125 0.8430 0.4378
vn 0.3298 0.8614 0.3864
vn 0.3169 0.8819 0.3489
vn 0.3225 0.9242 0.2046
vn 0.2024 0.9779 0.0523
vn 0.0192 0.9791 -0.2023
vn -0.0997 0.9482 -0.3017
vn -0.0885 0.9234 -0.3735
vn -0.5427 0.8275 -0.1440
vn -0.5457 0.8251 -0.1466
vn -0.6115 0.7832 -0.1122
vn -0.6206 0.7764 -0.1094
vn -0.7604 0.6494 0.0014
vn -0.8019 0.5961 0.0410
vn -0.8801 0.4527 0.1432
vn -0.8828 0.4472 0.1437
vn 0.6580 -0.3853 0.6469
vn -0.1303 -0.5319 0.8367
vn -0.8400 -0.4680 0.2747
vn -0.9905 -0.0522 -0.1269
vn -0.9632 -0.1462 -0.2255
vn -0.9029 -0.3759 -0.2085
vn -0.8796 -0.4190 -0.2252
vn -0.8696 -0.4184 -0.2622
vn -0.6281 0.7584 -0.1741
vn -0.7051 0.6971 -0.1297
vn -0.7693 0.6182 0.1611
vn -0.7662 0.5638 0.3083
vn -0.5182 0.4449 0.7304
vn -0.4671 0.3117 0.8274
vn -0.3180 -0.0731 0.9453
vn -0.4033 -0.2125 0.8900
vn -0.7362 0.0360 0.6758
vn -0.5918 0.0244 0.8057
vn -0.2894 0.3340 0.8971
vn -0.1758 0.3827 0.9070
vn -0.0174 0.6417 0.7668
vn 0.2744 0.6469 0.7115
vn 0.3400 0.6832 0.6462
vn 0.7108 0.4563 0.5353
vn -0.5416 0.6882 0.4827
vn -0.5950 0.6469 0.4769
vn -0.6983 0.4362 0.5675
vn -0.7911 0.3131 0.5254
vn -0.8739 0.0159 0.4859
vn -0.9029 -0.0807 0.4223
vn -0.8984 -0.1135 0.4242
vn -0.8866 -0.1444 0.4395
vn -0.8776 -0.1621 0.4511
vn 0.5868 -0.7058 -0.3968
vn 0.5487 -0.7056 -0.4485
vn 0.5287 -0.6916 -0.4921
vn 0.4088 -0.6945 -0.5920
vn 0.2720 -0.6821 -0.6788
vn 0.1192 -0.6813 -0.7222
vn -0.0174 -0.6301 -0.7763
vn -0.1162 -0.5781 -0.8077
vn -0.1144 -0.5215 -0.8456
vn 0.9177 0.2065 -0.3394
vn 0.9201 0.1668 -0.3543
vn 0.9886 0.1196 -0.0917
vn 0.9880 0.1489 -0.0414
vn 0.8955 0.2352 0.3778
vn 0.7709 0.4255 0.4739
vn 0.5873 0.5584 0.5859
vn 0.2039 0.4682 0.8598
vn 0.1302 0.3880 0.9124
vn 0.6994 -0.0327 -0.7140
vn 0.6441 0.0159 -0.7648
vn 0.4994 0.2464 -0.8306
vn 0.4843 0.4186 -0.7683
vn 0.3232 0.5635 -0.7603
vn 0.2773 0.5625 -0.7789
vn 0.1875 0.6032 -0.7753
vn 0.1183 0.5977 -0.7930
vn 0.0725 0.6017 -0.7954
vn 0.5065 -0.3098 -0.8046
vn 0.6378 -0.1390 -0.7576
vn 0.6859 -0.1105 -0.7193
vn 0.8052 0.1396 -0.5763
vn 0.6676 0.4330 -0.6056
vn 0.5109 0.5557 -0.6559
vn 0.2482 0.6462 -0.7217
vn 0.1290 0.6096 -0.7821
vn 0.1407 0.6071 -0.7821
vn -0.7704 0.3587 0.5270
vn -0.8266 0.1646 0.5382
vn -0.3263 -0.9263 -0.1882
vn -0.0823 -0.9754 -0.2043
vn -0.4036 -0.9118 -0.0751
vn -0.4008 -0.9120 -0.0874
vn -0.0368 -0.9881 -0.1496
vn 0.0701 -0.9769 -0.2020
vn 0.3293 -0.9326 -0.1473
vn 0.7336 0.3508 -0.5820
vn 0.7962 0.3264 -0.5095
vn 0.8130 0.3379 -0.4742
vn 0.8598 0.3920 -0.3272
vn 0.8806 0.3748 -0.2900
vn 0.9738 0.2246 -0.0348
vn 0.9670 0.2295 0.1106
vn 0.9464 0.1849 0.2650
vn 0.9257 0.3195 0.2026
vn -0.2531 -0.6306 0.7337
vn -0.6307 -0.4901 0.6017
vn -0.4648 -0.5316 0.7080
vn -0.5983 -0.4587 0.6569
vn -0.5788 -0.4585 0.6743
vn -0.5977 -0.4434 0.6679
vn -0.6250 -0.3990 0.6709
vn -0.6195 -0.3886 0.6821
vn -0.5834 -0.3902 0.7123
vn -0.2678 0.8742 0.4049
vn -0.4058 0.7200 0.5629
vn -0.3314 0.8663 0.3736
vn -0.6748 0.4913 0.5507
vn -0.7951 0.4886 0.3592
vn -0.8379 -0.4562 0.2996
vn -0.8919 -0.4076 0.1958
vn -0.6164 -0.7851 0.0609
vn -0.7194 -0.6945 -0.0022
vn 0.3109 -0.3289 -0.8917
vn 0.2935 -0.3288 -0.8976
vn 0.2862 -0.3237 -0.9018
vn 0.3604 -0.3138 -0.8784
vn 0.3930 -0.3557 -0.8479
vn 0.4269 -0.5061 -0.7494
vn 0.2682 -0.5412 -0.7970
vn 0.1128 -0.5316 -0.8394
vn 0.0217 -0.4431 -0.8962
vn 0.5444 -0.2732 -0.7931
vn 0.3975 -0.5775 -0.7131
vn 0.0450 -0.9792 -0.1980
vn -0.0930 -0.9794 0.1791
vn 0.5759 -0.7057 0.4127
vn 0.9053 -0.3807 0.1885
vn 0.7874 -0.2240 -0.5743
vn 0.7613 -0.2689 -0.5900
vn 0.7653 -0.2690 -0.5848
vn 0.8327 0.1900 -0.5200
vn 0.8591 0.3920 -0.3291
vn 0.8455 0.5338 -0.0119
vn 0.7358 0.4930 0.4643
vn 0.6890 0.3928 0.6091
vn 0.3606 0.3463 0.8660
vn -0.1429 0.1965 0.9700
vn -0.4487 0.0534 0.8921
vn -0.4428 0.0415 0.8957
vn -0.1471 -0.2789 0.9490
vn -0.5163 -0.2943 0.8042
vn -0.5240 -0.4124 0.7452
vn -0.6605 -0.6598 0.3584
vn -0.3982 -0.9061 -0.1431
vn -0.4433 -0.8764 -0.1881
vn 0.2202 -0.8129 -0.5391
vn 0.5096 -0.7504 -0.4210
vn 0.8020 -0.5653 -0.1930
vn -0.5481 0.8130 0.1964
vn -0.5181 0.8188 0.2471
vn -0.0795 0.9696 0.2314
vn 0.1314 0.9788 0.1574
vn 0.8255 0.5535 -0.1105
vn 0.8611 0.5030 -0.0741
vn 0.9837 -0.0979 -0.1506
vn 0.9248 -0.2558 -0.2815
vn 0.8321 -0.3744 -0.4093
vn 0.1631 -0.4288 -0.8885
vn 0.1690 -0.4410 -0.8815
vn -0.0652 -0.7488 -0.6596
vn 0.0091 -0.8573 -0.5148
vn -0.0324 -0.9975 -0.0632
vn 0.0321 -0.9989 0.0342
vn 0.0212 -0.9321 0.3615
vn 0.0871 -0.8799 0.4670
vn -0.0142 -0.4428 0.8965
vn 0.0178 -0.8581 -0.5132
vn 0.3486 -0.6752 -0.6501
vn 0.1318 -0.7981 -0.5879
vn 0.3530 -0.4221 -0.8350
vn 0.1740 -0.4785 -0.8607
vn -0.2951 -0.3387 -0.8934
vn -0.3669 -0.3226 -0.8726
vn -0.4278 -0.3597 -0.8292
vn -0.4839 -0.3717 -0.7922
vn 0.0894 0.6063 -0.7902
vn 0.0977 0.6062 -0.7893
vn -0.0134 0.6636 -0.7479
vn -0.2952 0.6285 -0.7196
vn -0.4693 0.5583 -0.6841
vn -0.6918 0.2854 -0.6633
vn -0.5964 0.0049 -0.8027
vn -0.5350 -0.0495 -0.8434
vn -0.4445 -0.2364 -0.8640
vn 0.3417 0.5764 -0.7423
vn -0.2813 0.4855 0.8277
vn 0.3445 0.6266 -0.6990
vn 0.1263 -0.0323 0.9915
vn 0.1250 -0.6256 0.7701
vn 0.8010 0.1299 0.5844
vn -0.9750 -0.2079 0.0785
vn 0.0721 0.9926 0.0978
vn -0.8465 0.3004 -0.4395
vn 0.3804 0.8673 0.3209
vn 0.3330 0.8570 0.3934
vn 0.3051 0.8469 0.4354
vn 0.2113 0.7980 0.5643
vn 0.1916 0.8191 0.5406
vn 0.0666 0.8098 0.5828
vn 0.0126 0.7461 0.6657
vn 0.0039 0.7681 0.6403
vn -0.0689 0.5417 0.8377
vn -0.9288 0.2979 0.2205
vn -0.9432 0.1648 0.2885
vn -0.9701 0.2031 0.1331
vn -0.9812 0.1926 -0.0119
vn -0.9008 0.3359 -0.2750
vn -0.8818 0.3524 -0.3133
vn -0.8380 0.2943 -0.4595
vn -0.8220 0.2821 -0.4947
vn -0.7628 0.3057 -0.5698
vn -0.0381 -0.4761 -0.8786
vn -0.1241 -0.5650 -0.8157
vn -0.2773 -0.5778 -0.7677
vn -0.4349 -0.5460 -0.7161
vn -0.4095 -0.3980 -0.8209
vn -0.3795 -0.3564 -0.8538
vn -0.3060 -0.3649 -0.8793
vn -0.3130 -0.3700 -0.8747
vn -0.3302 -0.3705 -0.8682
vn 0.7411 -0.6714 0.0002
vn 0.6431 -0.7626 0.0698
vn 0.9101 -0.3722 0.1820
vn 0.8615 -0.4182 0.2880
vn 0.7892 0.5261 0.3167
vn 0.6792 0.5195 0.5185
vn 0.3350 0.8664 0.3705
vn 0.4118 0.7231 0.5546
vn 0.2942 0.8529 0.4312
vn 0.6188 -0.3449 0.7058
vn 0.6536 -0.3433 0.6745
vn 0.6591 -0.3539 0.6635
vn 0.6332 -0.3992 0.6631
vn 0.6152 -0.4146 0.6706
vn 0.6341 -0.4148 0.6526
vn 0.5053 -0.4898 0.7105
vn 0.6653 -0.4472 0.5978
vn 0.2984 -0.5945 0.7467
vn 0.3600 -0.3364 0.8702
vn 0.3903 -0.2601 0.8832
vn 0.3792 -0.6286 0.6790
vn 0.3288 -0.8583 0.3939
vn 0.1676 -0.9858 -0.0047
vn 0.1778 -0.9838 -0.0241
vn 0.0388 -0.9984 -0.0401
vn 0.2239 -0.9722 -0.0681
vn -0.1011 -0.9931 -0.0601
vn 0.7680 0.2934 0.5693
vn 0.7800 0.2654 0.5667
vn 0.7947 0.2108 0.5692
vn 0.8069 0.1868 0.5604
vn 0.7976 0.1757 0.5770
vn 0.8023 0.1703 0.5721
vn 0.7754 0.1821 0.6046
vn 0.7694 0.1872 0.6107
vn 0.7589 0.1862 0.6240
vn 0.8309 -0.0939 0.5485
vn 0.8072 -0.1534 0.5700
vn 0.7645 -0.4144 0.4938
vn 0.4680 -0.7363 0.4887
vn 0.2208 -0.9266 0.3043
vn -0.3024 -0.9258 0.2268
vn -0.5757 -0.8120 0.0957
vn -0.7945 -0.6071 0.0154
vn -0.7887 -0.5969 -0.1472
vn 0.6230 -0.4442 0.6439
vn 0.4470 -0.4327 0.7829
vn 0.3959 -0.5557 0.7310
vn -0.1103 -0.8661 0.4876
vn -0.3542 -0.9275 0.1192
vn -0.4827 -0.8740 0.0557
vn -0.4850 -0.7961 -0.3619
vn -0.2526 -0.7950 -0.5516
vn -0.0259 -0.7445 -0.6671
vn 0.2384 -0.0840 0.9675
vn -0.0566 0.0984 0.9935
vn 0.0256 0.0417 0.9988
vn -0.1674 0.1275 0.9776
vn -0.2912 0.0697 0.9541
vn -0.3376 0.0665 0.9390
vn -0.4591 0.1038 0.8823
vn -0.4410 0.4366 0.7841
vn -0.4454 0.5143 0.7329
vn -0.2292 0.8861 0.4029
vn 0.7935 -0.0976 -0.6007
vn 0.7849 -0.1638 -0.5975
vn 0.7051 -0.3015 -0.6418
vn 0.4915 -0.7451 -0.4508
vn 0.2715 -0.8705 -0.4105
vn -0.0377 -0.9932 0.1097
vn -0.3708 -0.8716 0.3205
vn -0.8128 -0.5106 0.2803
vn -0.8901 -0.4333 0.1416
vn -0.9796 -0.2009 0.0096
vn -0.2018 -0.0562 0.9778
vn -0.1297 -0.0074 0.9915
vn -0.0521 0.3936 0.9178
vn -0.1816 0.6329 0.7527
vn -0.3094 0.7171 0.6245
vn -0.2368 0.7484 0.6196
vn -0.2256 0.7595 0.6102
vn 0.0046 0.8804 0.4742
vn -0.0349 0.8789 0.4757
vn 0.2137 0.9068 0.3633
vn -0.1846 -0.9780 0.0976
vn -0.1638 -0.9729 0.1632
vn -0.1614 -0.9758 0.1475
vn -0.1129 -0.9936 0.0103
vn -0.0843 -0.9963 -0.0192
vn -0.0421 -0.9829 -0.1795
vn -0.1718 -0.9691 -0.1769
vn -0.6070 -0.7940 -0.0351
vn -0.8387 -0.5426 0.0455
vn -0.8355 -0.5313 0.1400
vn -0.7036 0.1916 -0.6843
vn -0.7749 0.1723 -0.6082
vn -0.8225 0.2881 -0.4904
vn -0.8622 0.5066 -0.0035
vn -0.7359 0.4872 0.4702
vn -0.6810 0.3938 0.6174
vn -0.3421 0.3667 0.8652
vn 0.1687 0.2363 0.9569
vn 0.4763 0.0998 0.8736
vn 0.4709 0.0878 0.8778
vn -0.6849 -0.3265 -0.6513
vn -0.6260 -0.3237 -0.7094
vn -0.5194 -0.5155 -0.6815
vn -0.0193 -0.9869 -0.1604
vn 0.1309 -0.9688 0.2103
vn -0.5383 -0.7086 0.4563
vn -0.8859 -0.4021 0.2315
vn -0.7975 -0.2691 -0.5399
vn -0.7706 -0.3136 -0.5548
vn -0.7744 -0.3137 -0.5495
vn -0.8318 -0.4148 -0.3689
vn -0.9243 -0.2945 -0.2426
vn -0.9841 -0.1342 -0.1161
vn -0.8790 0.4724 -0.0651
vn -0.8458 0.5233 -0.1042
vn -0.1587 0.9793 0.1256
vn 0.0565 0.9793 0.1942
vn 0.7761 0.5615 0.2869
vn 0.8788 0.3837 0.2837
vn 0.9419 -0.0980 0.3213
vn -0.1795 -0.4658 -0.8665
vn -0.1964 -0.5047 -0.8406
vn -0.3648 -0.6200 -0.6946
vn -0.3247 -0.8521 -0.4105
vn -0.1299 -0.9912 -0.0241
vn 0.3035 -0.9138 0.2698
vn 0.2816 -0.8407 0.4626
vn 0.4616 -0.3284 0.8240
vn 0.3898 -0.2267 0.8925
vn 0.4066 -0.0073 0.9136
vn -0.9035 -0.4163 -0.1021
vn -0.8684 -0.3330 -0.3673
vn -0.8147 -0.4028 -0.4171
vn -0.4449 -0.5460 -0.7099
vn 0.1904 -0.6582 -0.7283
vn 0.5932 -0.5452 -0.5924
vn 0.8122 -0.5746 -0.1010
vn 0.8439 -0.5291 -0.0885
vn 0.9763 -0.2158 0.0136
vn 0.9854 -0.1697 -0.0143
vn 0.8630 0.4700 -0.1850
vn 0.8684 0.4589 -0.1880
vn 0.8669 0.3696 -0.3344
vn 0.9245 0.1625 -0.3448
vn 0.9276 -0.3321 -0.1712
vn 0.8385 -0.5442 0.0289
vn 0.5478 -0.7280 0.4123
vn 0.2854 -0.7265 0.6250
vn -0.0891 -0.8935 0.4401
vn -0.1732 -0.9504 0.2583
vn -0.1406 -0.9815 -0.1298
vn -0.5240 -0.8189 -0.2343
vn -0.5093 -0.8275 -0.2364
vn -0.6060 -0.7103 -0.3580
vn -0.7001 -0.4669 0.5403
vn -0.8306 0.3677 -0.4182
vn 0.2083 0.9608 0.1830
vn 0.3313 0.9171 0.2217
vn -0.4512 0.8898 -0.0686
vn -0.6843 0.7292 0.0058
vn -0.7640 0.6414 -0.0703
vn -0.9394 0.3336 0.0787
vn -0.9073 -0.3721 0.1958
vn -0.8516 -0.4629 0.2459
vn -0.0679 -0.9974 0.0252
vn 0.8976 -0.4380 0.0489
vn -0.2188 -0.9351 0.2790
vn -0.3411 -0.8788 0.3338
vn -0.0693 -0.9490 0.3076
vn 0.0463 -0.9725 0.2282
vn 0.3000 -0.9357 0.1858
vn 0.5274 -0.8397 0.1294
vn 0.6687 -0.7136 0.2089
vn -0.8160 0.2176 0.5356
vn -0.8133 0.1646 0.5581
vn -0.8775 0.1377 0.4594
vn -0.8793 0.1424 0.4546
vn -0.9231 0.3066 0.2320
vn -0.8289 0.5379 0.1537
vn -0.5847 0.8110 0.0201
vn -0.2499 0.9658 -0.0690
vn 0.1071 0.9857 0.1300
vn 0.2625 0.9599 0.0984
vn -0.0034 0.8168 0.5769
vn -0.1157 -0.9902 0.0779
vn -0.0375 -0.9969 0.0690
vn -0.0910 -0.9957 0.0156
vn 0.0317 -0.9992 0.0236
vn 0.0196 -0.9998 -0.0012
vn 0.1759 -0.9841 0.0243
vn 0.1506 -0.9886 -0.0016
vn 0.4340 -0.8694 -0.2363
vn 0.5473 -0.5236 -0.6529
vn 0.6521 -0.1214 -0.7483
vn 0.5764 -0.2616 -0.7741
vn -0.7414 0.1327 0.6578
vn -0.7116 0.2204 0.6671
vn -0.5640 -0.6877 0.4571
vn -0.4863 0.5667 0.6651
vn -0.6409 -0.2664 0.7199
vn -0.6280 -0.2121 0.7488
vn -0.5356 -0.1286 0.8347
vn -0.5525 -0.1243 0.8242
vn -0.3488 -0.3345 0.8755
vn -0.3735 -0.3420 0.8623
vn -0.2460 -0.3817 0.8909
vn 0.0051 0.6282 -0.7780
vn 0.0041 0.6145 -0.7889
vn 0.0905 0.5929 -0.8002
vn 0.1313 0.5760 -0.8069
vn 0.3860 0.5318 -0.7537
vn 0.4078 0.5216 -0.7494
vn 0.6767 0.3800 -0.6306
vn 0.7211 0.3467 -0.5999
vn 0.9471 0.1287 -0.2940
vn 0.9628 0.1019 -0.2503
vn 0.9987 -0.0485 0.0122
vn -0.5916 -0.6597 -0.4635
vn -0.5996 -0.6732 -0.4328
vn -0.6709 -0.6401 -0.3744
vn -0.8296 -0.5490 -0.1020
vn -0.8217 -0.5575 0.1184
vn -0.7101 -0.5904 0.3836
vn -0.7220 -0.4948 0.4836
vn -0.7025 -0.4152 0.5780
vn -0.7729 -0.1914 0.6050
vn -0.7891 -0.1161 0.6032
vn -0.8049 0.0524 0.5911
vn -0.0036 0.8372 0.5469
vn -0.2904 0.9542 0.0715
vn -0.1344 0.9861 0.0981
vn 0.2154 0.9701 -0.1116
vn 0.5582 0.8293 -0.0275
vn 0.8151 0.5692 0.1081
vn 0.9194 0.3436 0.1916
vn 0.8878 0.1861 0.4209
vn 0.8865 0.1815 0.4257
vn 0.8247 0.2100 0.5252
vn 0.8249 0.2622 0.5008
vn 0.3005 -0.3389 0.8915
vn 0.2208 -0.1971 0.9552
vn -0.4703 -0.3491 0.8105
vn -0.7284 -0.6618 0.1773
vn 0.0335 -0.9877 -0.1524
vn 0.1288 -0.9907 -0.0443
vn 0.1235 -0.9913 -0.0450
vn 0.0862 -0.9920 0.0926
vn 0.1234 -0.8285 0.5463
vn 0.2502 -0.6510 0.7166
vn 0.4784 -0.6227 0.6192
vn 0.4430 0.8672 0.2274
vn 0.4286 0.8682 0.2501
vn 0.5600 0.7283 0.3949
vn 0.7037 0.4773 0.5263
vn 0.7733 0.2741 0.5718
vn 0.7364 0.2161 0.6411
vn 0.7328 0.2217 0.6433
vn 0.6352 0.2676 0.7245
vn 0.1654 0.0733 0.9835
vn 0.2321 0.1890 0.9542
vn -0.4020 -0.1966 0.8943
vn 0.7039 -0.5265 0.4767
vn 0.4700 -0.5800 0.6653
vn 0.5231 -0.5659 0.6372
vn 0.1757 -0.5985 0.7816
vn 0.0950 -0.7154 0.6922
vn -0.3491 -0.9130 0.2112
vn -0.6737 -0.6880 -0.2697
vn -0.7373 -0.5703 -0.3622
vn -0.6310 -0.5299 -0.5666
vn -0.5875 -0.5364 -0.6059
vn -0.5409 -0.5280 -0.6547
vn 0.9955 -0.0943 0.0075
vn 0.9919 -0.1195 -0.0443
vn 0.9799 -0.1976 0.0272
vn 0.9436 -0.3103 -0.1154
vn 0.7002 -0.5303 -0.4780
vn 0.4639 -0.5417 -0.7009
vn 0.3172 -0.5284 -0.7875
vn 0.1197 -0.5359 -0.8358
vn -0.0153 -0.4721 -0.8814
vn -0.1213 -0.4163 -0.9011
vn -0.1301 -0.3359 -0.9329
vn -0.1349 -0.3335 -0.9330
vn 0.6601 -0.7298 0.1780
vn 0.6203 -0.7294 0.2885
vn 0.4079 -0.7852 0.4660
vn 0.3063 -0.7470 0.5901
vn -0.0311 -0.6753 0.7368
vn -0.0777 -0.6182 0.7822
vn -0.3717 -0.4946 0.7857
vn -0.3637 -0.4697 0.8044
vn -0.5135 -0.5736 0.6382
vn -0.4109 -0.9062 0.0992
vn -0.4425 -0.8940 -0.0706
vn -0.4462 -0.8923 -0.0689
vn -0.3963 0.8428 0.3643
vn -0.3965 0.8427 0.3641
vn -0.6063 0.6140 0.5053
vn -0.6767 0.4858 0.5532
vn -0.7677 0.2263 0.5996
vn -0.7818 0.1649 0.6014
vn -0.7935 0.1407 0.5921
vn -0.7833 0.1294 0.6080
vn -0.7881 0.1240 0.6030
vn -0.7605 0.1355 0.6351
vn -0.7544 0.1406 0.6412
vn -0.7434 0.1395 0.6541
vn -0.3186 -0.3789 0.8689
vn -0.2844 -0.3798 0.8803
vn -0.2431 -0.3022 0.9217
vn 0.5091 -0.3619 0.7809
vn 0.7542 -0.6441 0.1276
vn -0.0077 -0.9821 -0.1882
vn -0.0990 -0.9921 -0.0769
vn -0.0938 -0.9925 -0.0778
vn -0.0517 -0.9969 0.0587
vn -0.0775 -0.8516 0.5184
vn -0.2039 -0.6843 0.7001
vn -0.4370 -0.6602 0.6108
vn 0.5344 -0.4872 -0.6907
vn 0.5830 -0.4958 -0.6437
vn 0.6279 -0.4892 -0.6053
vn 0.7422 -0.5331 -0.4062
vn 0.6859 -0.6557 -0.3154
vn 0.3847 -0.9080 0.1661
vn -0.0477 -0.7422 0.6685
vn -0.1295 -0.6316 0.7644
vn -0.4828 -0.6057 0.6325
vn -0.4807 -0.6317 0.6082
vn -0.6437 -0.5839 0.4946
vn -0.5369 -0.6420 0.5474
vn 0.1689 -0.9149 0.3666
vn 0.1270 -0.9144 0.3843
vn -0.0554 -0.9871 0.1500
vn -0.1938 -0.9601 -0.2018
vn -0.1348 -0.9352 -0.3274
vn -0.3580 -0.8661 -0.3489
vn -0.0670 -0.9678 -0.2426
vn -0.0195 -0.9925 -0.1207
vn 0.2377 -0.9713 0.0062
vn 0.7886 -0.5548 0.2651
vn 0.8799 -0.3387 0.3331
vn 0.9041 -0.2738 0.3279
vn 0.9305 -0.0612 0.3610
vn 0.9688 -0.0902 0.2309
vn 0.9818 -0.0564 0.1811
vn 0.8925 -0.0114 -0.4510
vn 0.8975 0.0439 -0.4389
vn 0.4635 0.1458 -0.8740
vn 0.3119 0.1181 -0.9427
vn -0.0373 -0.8557 -0.5162
vn -0.0914 -0.9810 -0.1712
vn -0.3082 -0.9437 -0.1199
vn -0.3283 -0.9445 -0.0050
vn -0.4211 -0.9067 0.0234
vn -0.3924 -0.9029 0.1754
vn 0.7716 -0.0390 -0.6349
vn 0.0492 -0.0313 -0.9983
vn 0.3636 -0.0748 -0.9286
vn -0.2829 -0.0738 -0.9563
vn 0.0845 -0.1515 -0.9848
vn -0.1400 -0.2787 -0.9501
vn 0.1041 -0.3998 -0.9107
vn -0.2845 -0.5192 -0.8059
vn -0.0290 -0.5898 -0.8070
vn 0.0786 -0.7280 -0.6811
vn 0.3029 -0.7174 -0.6274
vn -0.1144 -0.7865 -0.6069
vn -0.1780 -0.7748 -0.6066
vn -0.3839 0.4755 -0.7915
vn -0.6037 0.7353 -0.3081
vn -0.5947 0.5172 -0.6155
vn -0.7147 -0.6340 0.2952
vn -0.1461 -0.8832 -0.4457
vn 0.2047 -0.6214 -0.7563
vn -0.0188 -0.8724 -0.4884
vn 0.5907 0.1934 -0.7834
vn -0.2042 -0.7245 -0.6583
vn 0.3288 -0.6627 -0.6728
vn 0.1974 -0.5542 -0.8086
vn 0.2726 -0.6067 -0.7468
vn 0.3364 -0.3195 -0.8858
vn 0.0887 0.9449 -0.3151
vn -0.0053 0.9501 -0.3119
vn 0.0711 0.9006 -0.4289
vn 0.1345 0.5242 -0.8409
vn 0.1904 0.1808 -0.9649
vn 0.1524 -0.2717 -0.9503
vn 0.1312 -0.3815 -0.9150
vn 0.1431 -0.3412 -0.9290
vn 0.1774 -0.3586 -0.9165
vn 0.3883 -0.4534 -0.8023
vn 0.3917 -0.4309 -0.8130
vn 0.5492 -0.4172 -0.7241
vn 0.3170 -0.3034 -0.8986
vn -0.0266 -0.9996 0.0042
vn -0.0124 -0.9972 0.0743
vn 0.0489 -0.9988 -0.0032
vn 0.1356 -0.9897 0.0452
vn 0.2034 -0.9788 -0.0219
vn 0.1973 -0.9746 0.1062
vn 0.1444 -0.9891 -0.0302
vn 0.1151 -0.9917 -0.0581
vn 0.0667 -0.9739 -0.2168
vn 0.1960 -0.9561 -0.2178
vn 0.6297 -0.7724 -0.0829
vn 0.8566 -0.5160 -0.0002
vn 0.8561 -0.5080 0.0947
vn 0.8693 -0.3412 -0.3576
vn 0.6189 -0.7406 -0.2616
vn 0.1996 -0.9603 -0.1949
vn 0.0157 -0.9870 -0.1599
vn 0.0717 -0.9898 -0.1229
vn 0.0784 -0.9897 -0.1197
vn 0.1094 -0.9935 -0.0326
vn -0.0488 -0.9935 0.1032
vn -0.4809 -0.7784 0.4035
vn -0.6386 -0.5972 0.4854
vn -0.6324 -0.6203 0.4640
vn -0.6280 -0.6272 0.4607
vn -0.6353 -0.6267 0.4512
vn -0.7028 -0.2276 -0.6740
vn -0.6554 -0.1044 -0.7480
vn -0.7197 -0.1514 -0.6775
vn -0.6711 0.0079 -0.7413
vn -0.7290 -0.0265 -0.6840
vn -0.6638 0.2532 -0.7038
vn -0.7233 0.2076 -0.6586
vn -0.7058 0.4059 -0.5806
vn -0.6730 0.4183 -0.6100
vn -0.4739 0.5484 -0.6890
vn -0.2220 0.5730 -0.7889
vn -0.1924 0.5761 -0.7944
vn -0.0069 0.5964 -0.8026
vn 0.2540 0.8483 0.4646
vn 0.1984 0.9446 0.2616
vn 0.2689 0.9284 0.2563
vn 0.2790 0.9584 0.0596
vn 0.7312 0.6501 0.2068
vn 0.8214 0.5534 0.1378
vn 0.9419 0.1053 0.3188
vn 0.9617 -0.1563 0.2252
vn 0.8678 -0.4509 0.2089
vn 0.8661 -0.4725 0.1633
vn 0.8406 -0.5049 0.1961
vn 0.7657 -0.5789 0.2803
vn 0.7227 -0.6280 0.2888
vn -0.5928 -0.3072 -0.7445
vn -0.6719 -0.1686 -0.7212
vn -0.5513 -0.5631 -0.6156
vn -0.4125 -0.8908 -0.1906
vn -0.1181 -0.9923 0.0387
vn -0.1423 -0.9877 0.0652
vn 0.0129 -0.9993 0.0355
vn 0.0021 -0.9982 0.0606
vn 0.1240 -0.9911 0.0485
vn 0.0599 -0.9901 0.1269
vn 0.0536 -0.9943 0.0920
vn -0.0704 -0.9971 0.0306
vn -0.1758 -0.9786 -0.1068
vn -0.2294 -0.4877 -0.8423
vn -0.2326 -0.4956 -0.8368
vn -0.2281 -0.5136 -0.8272
vn -0.2374 -0.5354 -0.8105
vn -0.2840 -0.5877 -0.7576
vn -0.2979 -0.6032 -0.7399
vn -0.3052 -0.6112 -0.7303
vn -0.3026 -0.6311 -0.7142
vn -0.2828 -0.6900 -0.6663
vn -0.2775 -0.6711 -0.6874
vn 0.0635 -0.4752 -0.8776
vn 0.2099 -0.4173 -0.8842
vn 0.5432 -0.3946 -0.7411
vn -0.7094 0.6534 -0.2641
vn -0.6461 0.7503 0.1401
vn -0.6001 0.7715 0.2112
vn -0.3638 0.6899 0.6258
vn 0.0968 0.3384 0.9360
vn 0.2358 0.1973 0.9516
vn 0.2764 0.1832 0.9434
vn -0.2718 0.2918 0.9171
vn -0.3172 0.8916 -0.3233
vn -0.1312 0.8159 -0.5631
vn 0.0973 0.9753 -0.1981
vn 0.0110 0.9314 -0.3639
vn 0.2442 0.9679 0.0595
vn -0.1218 0.9525 0.2791
vn -0.1949 0.9115 0.3622
vn -0.1559 0.9500 0.2704
vn -0.2797 0.9213 0.2700
vn -0.3071 0.9460 0.1036
vn -0.7441 0.6185 0.2525
vn -0.8336 0.5211 0.1831
vn -0.9342 0.0633 0.3511
vn -0.9487 -0.1957 0.2484
vn -0.8461 -0.4862 0.2185
vn -0.8452 -0.5060 0.1720
vn -0.8177 -0.5388 0.2027
vn -0.7378 -0.6133 0.2819
vn -0.6928 -0.6614 0.2873
vn -0.5614 -0.3459 -0.7518
vn -0.2280 -0.3606 -0.9044
vn -0.0831 -0.4236 -0.9020
vn 0.2727 -0.6292 -0.7278
vn 0.2809 -0.6535 -0.7029
vn 0.2969 -0.5951 -0.7468
vn 0.2985 -0.5751 -0.7617
vn 0.2907 -0.5670 -0.7707
vn 0.2757 -0.5512 -0.7875
vn 0.2254 -0.4987 -0.8370
vn 0.2148 -0.4765 -0.8525
vn 0.2122 -0.4554 -0.8647
vn 0.2085 -0.4506 -0.8680
vn 0.2026 -0.4511 -0.8692
vn 0.5979 0.7844 -0.1650
vn 0.6542 0.7205 -0.2300
vn 0.6221 0.7828 0.0137
vn 0.5828 0.7821 0.2208
vn 0.3635 0.6778 0.6391
vn -0.0741 0.3018 0.9505
vn -0.2081 0.1559 0.9656
vn -0.2485 0.1408 0.9583
vn 0.2947 0.2678 0.9173
vn 0.2778 0.9124 -0.3005
vn 0.0856 0.8393 -0.5369
vn -0.1353 0.9780 -0.1585
vn -0.0535 0.9429 -0.3287
vn -0.2725 0.9567 0.1027
vn -0.0001 0.9656 -0.2602
vn -0.0716 0.9487 -0.3080
vn -0.0192 0.9520 -0.3054
vn -0.1153 0.8814 -0.4581
vn -0.1803 0.4884 -0.8538
vn -0.2292 0.1396 -0.9633
vn -0.1761 -0.3108 -0.9340
vn -0.1500 -0.4184 -0.8958
vn -0.1636 -0.3790 -0.9108
vn -0.1970 -0.3969 -0.8965
vn -0.4002 -0.4940 -0.7719
vn -0.4048 -0.4719 -0.7832
vn -0.5588 -0.4597 -0.6902
vn -0.3374 -0.3455 -0.8757
vn 0.6695 -0.5890 0.4527
vn 0.6625 -0.5893 0.4624
vn 0.6668 -0.5822 0.4652
vn 0.6730 -0.5580 0.4855
vn 0.5192 -0.7468 0.4155
vn 0.0844 -0.9870 0.1370
vn -0.0777 -0.9970 0.0066
vn -0.0500 -0.9954 -0.0814
vn -0.0433 -0.9954 -0.0850
vn 0.0113 -0.9923 -0.1237
vn -0.1740 -0.9727 -0.1535
vn -0.6279 -0.7193 -0.2971
vn -0.7934 -0.3787 -0.4767
vn -0.6535 -0.3571 -0.6674
vn -0.0123 -0.9856 -0.1685
vn -0.0198 -0.9905 -0.1358
vn -0.0226 -0.9948 -0.0997
vn -0.0259 -0.9965 -0.0799
vn -0.0536 -0.9962 -0.0681
vn -0.0478 -0.9955 -0.0822
vn -0.0542 -0.9941 -0.0943
vn -0.0619 -0.9939 -0.0915
vn -0.0973 -0.9922 -0.0784
vn -0.1841 -0.9829 0.0029
vn -0.1736 -0.9848 0.0100
vn 0.0465 -0.8924 0.4488
vn 0.4129 -0.5167 0.7500
vn 0.4211 -0.0785 0.9036
vn 0.5234 -0.3297 0.7857
vn 0.0386 -0.5919 0.8051
vn 0.0738 -0.6125 0.7870
vn 0.1597 -0.5756 0.8020
vn 0.2903 -0.5544 0.7800
vn 0.4497 -0.4763 0.7556
vn 0.3242 -0.3638 0.8732
vn 0.0617 -0.0486 0.9969
vn 0.0502 0.1577 0.9862
vn 0.3415 0.2056 0.9171
vn 0.6205 0.0708 0.7810
vn 0.8727 -0.0286 0.4875
vn 0.9390 -0.1050 0.3274
vn 0.9952 -0.0974 -0.0132
vn 0.9864 -0.1206 -0.1117
vn 0.9366 -0.1283 -0.3261
vn 0.9310 -0.1488 -0.3334
vn 0.0007 -0.9797 -0.2003
vn 0.0186 -0.9791 -0.2027
vn 0.0337 -0.9830 -0.1804
vn 0.0504 -0.9893 -0.1371
vn 0.0545 -0.9916 -0.1174
vn 0.0826 -0.9909 -0.1065
vn 0.0762 -0.9898 -0.1204
vn 0.0822 -0.9878 -0.1326
vn 0.0899 -0.9874 -0.1300
vn 0.1258 -0.9850 -0.1179
vn 0.2151 -0.9758 -0.0390
vn 0.2049 -0.9783 -0.0319
vn -0.0027 -0.9086 0.4177
vn -0.3699 -0.5572 0.7434
vn -0.3867 -0.1243 0.9138
vn -0.4855 -0.3747 0.7899
vn 0.6853 0.7228 -0.0895
vn 0.4878 0.8676 -0.0967
vn 0.2539 0.9648 -0.0683
vn 0.1903 0.9780 -0.0853
vn -0.1234 0.9414 0.3140
vn -0.1325 0.9237 0.3595
vn -0.1004 0.6274 0.7722
vn -0.0086 0.5352 0.8447
vn -0.2168 0.0650 0.9741
vn -0.3403 -0.0727 0.9375
vn -0.5519 -0.1433 0.8215
vn -0.6222 0.0147 0.7828
vn -0.6544 0.2405 0.7169
vn -0.6724 0.2275 0.7044
vn -0.8417 0.2012 0.5010
vn -0.9593 0.2547 0.1216
vn -0.9801 0.1889 -0.0614
vn -0.9917 0.0877 -0.0941
vn 0.9455 0.3216 0.0516
vn 0.7170 0.6835 -0.1365
vn 0.7666 0.6357 -0.0904
vn 0.5020 0.8409 -0.2021
vn -0.1704 0.9854 0.0026
vn -0.0556 0.9975 -0.0441
vn 0.8207 0.4840 -0.3038
vn 0.9692 0.0235 0.2453
vn 0.6648 -0.7288 -0.1637
vn 0.6805 -0.7117 -0.1744
vn 0.6457 -0.7402 -0.1877
vn 0.1933 -0.7742 -0.6027
vn -0.0618 -0.5217 -0.8509
vn 0.0165 -0.4967 -0.8678
vn -0.0124 -0.5491 -0.8357
vn 0.0361 -0.5463 -0.8368
vn 0.1189 -0.5506 -0.8262
vn 0.3948 -0.4847 -0.7805
vn 0.5592 -0.4607 -0.6892
vn 0.0839 0.9366 0.3403
vn -0.0456 0.9957 0.0804
vn -0.1539 0.9826 0.1036
vn -0.6544 0.6582 -0.3721
vn -0.0645 0.3013 -0.9514
vn 0.1116 -0.0450 -0.9927
vn 0.1536 -0.4214 -0.8938
vn 0.2842 -0.6826 -0.6732
vn 0.4982 -0.7940 -0.3484
vn 0.5125 -0.8558 0.0711
vn 0.3882 -0.9107 0.1411
vn 0.1550 -0.8434 0.5145
vn -0.3523 -0.5413 0.7635
vn -0.6188 -0.2702 0.7376
vn -0.9422 -0.0458 0.3319
vn -0.9753 0.2123 0.0607
vn -0.9273 0.2230 -0.3007
vn -0.7481 -0.0271 -0.6630
vn -0.6033 -0.2272 -0.7645
vn 0.0113 -0.9197 0.3924
vn -0.1544 -0.9119 0.3802
vn -0.1622 -0.9042 0.3951
vn -0.4697 -0.8431 0.2617
vn -0.2413 -0.8515 0.4656
vn 0.4633 -0.3495 0.8144
vn 0.2848 -0.4326 0.8554
vn 0.5800 -0.1877 0.7927
vn 0.6049 -0.3849 0.6971
vn 0.4948 -0.4239 0.7586
vn 0.4103 -0.7666 0.4940
vn 0.4294 -0.7377 0.5210
vn 0.3735 -0.8726 0.3148
vn 0.3239 -0.9420 0.0879
vn 0.3278 -0.9423 -0.0680
vn 0.2820 -0.9593 -0.0109
vn 0.4265 -0.8823 0.1990
vn -0.5956 -0.1792 -0.7830
vn -0.2532 0.9630 -0.0922
vn -0.5933 -0.1957 -0.7808
vn -0.6776 0.4895 0.5489
vn -0.6838 0.4451 0.5782
vn -0.8340 0.2686 0.4819
vn -0.8900 0.2669 0.3696
vn -0.8769 0.3857 -0.2867
vn -0.7971 0.4356 -0.4182
vn -0.2579 0.3069 -0.9161
vn -0.1331 0.2655 -0.9549
vn 0.2907 -0.0149 -0.9567
vn 0.2477 0.0030 -0.9688
vn 0.4010 0.4383 -0.8044
vn 0.2968 0.7288 -0.6170
vn 0.0527 0.9552 -0.2912
vn -0.0568 0.9917 -0.1153
vn -0.1136 0.9897 -0.0867
vn -0.1325 0.9905 -0.0362
vn -0.1548 0.9861 -0.0598
vn -0.1330 0.9895 0.0570
vn -0.2043 0.9727 0.1099
vn -0.3268 0.7664 0.5530
vn -0.6070 0.3585 0.7092
vn -0.5699 0.0680 0.8189
vn -0.6690 0.2420 0.7027
vn -0.4398 0.0434 0.8971
vn -0.0355 0.5428 0.8391
vn -0.0829 0.4669 0.8804
vn 0.3556 0.7447 0.5648
vn 0.5086 0.8014 0.3147
vn 0.6552 0.7461 -0.1185
vn 0.6482 0.3671 -0.6671
vn 0.6118 0.2659 -0.7450
vn 0.5910 0.2562 -0.7649
vn 0.8691 0.4334 -0.2384
vn 0.3906 0.7312 0.5593
vn -0.3069 0.7933 0.5259
vn -0.1129 0.9837 0.1397
vn -0.0045 0.9977 -0.0681
vn 0.2176 0.7069 -0.6730
vn 0.2981 0.5399 -0.7872
vn 0.3919 0.2379 -0.8887
vn 0.4984 0.2545 -0.8288
vn 0.5307 0.2658 -0.8048
vn 0.7166 0.2135 -0.6640
vn 0.8158 0.1549 -0.5572
vn 0.8867 0.1334 -0.4426
vn 0.9079 0.0822 -0.4111
vn -0.5330 -0.8015 -0.2710
vn -0.5030 -0.8557 -0.1215
vn -0.4856 -0.8708 0.0775
vn -0.3868 -0.8862 0.2551
vn -0.2987 -0.7750 0.5569
vn -0.1912 -0.6695 0.7178
vn -0.2376 -0.4281 0.8720
vn -0.1997 -0.3098 0.9296
vn -0.2372 -0.1157 0.9645
vn -0.2805 0.1072 0.9539
vn -0.4854 0.2273 0.8442
vn -0.6879 0.3814 0.6175
vn -0.8279 0.3849 0.4081
vn -0.8101 0.5359 0.2377
vn -0.7455 0.6622 0.0758
vn -0.6738 0.7339 -0.0859
vn -0.7888 0.6119 -0.0589
vn -0.8562 0.5119 -0.0705
vn -0.9317 0.3584 -0.0581
vn -0.9633 0.2502 -0.0975
vn -0.8969 0.2670 -0.3527
vn -0.9077 0.1433 -0.3943
vn -0.6912 0.3894 -0.6087
vn 0.6833 0.2879 0.6710
vn 0.5939 0.1153 0.7962
vn 0.6181 0.4021 0.6754
vn 0.3199 0.7961 0.5137
vn 0.1758 0.9820 0.0687
vn 0.1023 0.9946 0.0169
vn 0.1202 0.9877 -0.1001
vn 0.0959 0.9927 -0.0727
vn 0.0740 0.9895 -0.1242
vn 0.0137 0.9883 -0.1517
vn -0.1006 0.9399 -0.3263
vn -0.3369 0.6939 -0.6363
vn -0.4346 0.3967 -0.8086
vn -0.2815 -0.0493 -0.9583
vn -0.3238 -0.0677 -0.9437
vn 0.0940 0.2291 -0.9688
vn 0.2217 0.2750 -0.9355
vn 0.7763 0.4376 -0.4537
vn 0.8551 0.4015 -0.3282
vn 0.8878 0.3039 0.3458
vn 0.8427 0.3078 0.4418
vn 0.6915 0.4789 0.5409
vn 0.6844 0.5171 0.5140
vn -0.7357 0.1594 0.6583
vn -0.5749 0.1780 0.7987
vn -0.5948 0.1535 0.7891
vn -0.2603 -0.2457 0.9337
vn -0.0725 -0.6203 0.7810
vn -0.5694 -0.7197 -0.3972
vn -0.4703 -0.8034 -0.3652
vn 0.0351 -0.9006 -0.4333
vn 0.2832 -0.8504 -0.4434
vn 0.4322 -0.7409 -0.5140
vn 0.7329 -0.5390 -0.4151
vn 0.6434 -0.6047 -0.4694
vn 0.9439 -0.3043 -0.1286
vn 0.9488 -0.3155 0.0184
vn 0.8180 -0.4365 0.3745
vn 0.7853 -0.4638 0.4101
vn 0.4853 -0.5146 0.7069
vn 0.3748 -0.4482 0.8116
vn 0.1113 -0.3749 0.9204
vn -0.0656 -0.2366 0.9694
vn -0.1943 -0.2192 0.9561
vn -0.0658 -0.2958 0.9530
vn -0.0917 -0.3334 0.9383
vn 0.1347 -0.2100 0.9684
vn 0.4725 0.1138 0.8740
vn 0.4695 0.0980 0.8775
vn 0.2066 0.4315 0.8782
vn 0.0977 0.5011 0.8598
vn -0.3601 0.7541 0.5493
vn -0.5235 0.7967 0.3020
vn -0.6823 0.7205 -0.1238
vn -0.6811 0.3214 -0.6579
vn -0.6440 0.2189 -0.7330
vn -0.6237 0.2092 -0.7532
vn -0.8899 0.3972 -0.2243
vn -0.3947 0.7392 0.5457
vn 0.2982 0.8212 0.4866
vn 0.0853 0.9913 0.1006
vn -0.0305 0.9941 -0.1039
vn -0.2635 0.6739 -0.6902
vn -0.3420 0.5010 -0.7950
vn -0.4290 0.1926 -0.8825
vn -0.5337 0.2080 -0.8197
vn -0.5652 0.2191 -0.7953
vn -0.7442 0.1662 -0.6469
vn -0.8375 0.1087 -0.5355
vn -0.9039 0.0892 -0.4183
vn -0.9223 0.0387 -0.3845
vn -0.5736 0.1878 0.7973
vn -0.2024 0.6563 0.7268
vn -0.2886 0.5955 0.7497
vn 0.0861 0.8561 0.5096
vn 0.2577 0.9594 0.1143
vn 0.3294 0.9311 -0.1564
vn 0.1611 0.9398 -0.3013
vn 0.1505 0.9419 -0.3002
vn 0.1072 0.9698 -0.2193
vn 0.0807 0.9941 -0.0732
vn -0.0100 0.9983 -0.0580
vn -0.0613 0.9905 -0.1231
vn -0.0578 0.9864 -0.1538
vn -0.0213 0.9943 -0.1043
vn -0.1017 0.9944 0.0275
vn -0.0763 0.9955 0.0553
vn -0.0169 0.9998 -0.0051
vn 0.0365 0.9973 -0.0633
vn 0.1093 0.8224 -0.5583
vn 0.1577 0.6885 -0.7079
vn 0.2454 0.3246 -0.9135
vn 0.3609 0.2457 -0.8997
vn 0.4110 0.2379 -0.8800
vn 0.5866 0.3363 -0.7367
vn 0.6847 0.2841 -0.6711
vn 0.8182 0.2032 -0.5378
vn 0.8742 0.0301 -0.4846
vn 0.5965 0.1176 0.7940
vn 0.5949 0.2015 0.7781
vn 0.3918 0.4806 0.7845
vn 0.2943 0.6309 0.7178
vn -0.0962 0.8712 0.4814
vn -0.2847 0.9546 0.0880
vn -0.3647 0.9137 -0.1791
vn -0.2020 0.9223 -0.3296
vn -0.1915 0.9248 -0.3289
vn -0.1464 0.9570 -0.2503
vn -0.1157 0.9876 -0.1064
vn -0.0244 0.9952 -0.0943
vn 0.0243 0.9868 -0.1602
vn 0.0202 0.9814 -0.1908
vn -0.0150 0.9900 -0.1406
vn 0.0698 0.9975 -0.0115
vn 0.0453 0.9988 0.0171
vn -0.0160 0.9990 -0.0417
vn -0.0713 0.9927 -0.0977
vn -0.1554 0.7969 -0.5838
vn -0.2043 0.6570 -0.7257
vn -0.2868 0.2829 -0.9153
vn -0.3990 0.2009 -0.8947
vn -0.4477 0.1923 -0.8732
vn -0.6212 0.2902 -0.7279
vn -0.7147 0.2376 -0.6578
vn -0.8409 0.1574 -0.5178
vn -0.8894 -0.0149 -0.4569
vn 0.4893 0.8353 0.2508
vn 0.5157 0.8031 0.2986
vn 0.5059 0.8154 0.2815
vn 0.4814 0.8438 0.2372
vn 0.4599 0.8558 0.2367
vn 0.2632 0.9625 0.0660
vn 0.2430 0.9678 0.0658
vn 0.1600 0.9850 -0.0643
vn 0.1270 0.9904 -0.0548
vn -0.0056 0.9971 0.0758
vn -0.2446 0.9627 0.1156
vn -0.3017 0.9206 0.2479
vn -0.4389 0.8570 0.2701
vn -0.4063 0.8589 0.3118
vn -0.4824 0.7893 0.3799
vn -0.3865 0.6484 0.6559
vn 0.2432 0.8825 0.4025
vn 0.7596 0.6443 0.0888
vn 0.7071 0.5762 -0.4099
vn 0.8055 0.4462 -0.3900
vn 0.8647 0.3995 -0.3044
vn 0.8303 0.5450 -0.1167
vn 0.5185 0.8213 0.2380
vn 0.3660 0.8708 0.3283
vn 0.3560 0.8622 0.3603
vn 0.1970 0.9094 0.3663
vn -0.1377 0.8966 0.4210
vn -0.5718 0.6610 0.4859
vn -0.8049 0.3390 0.4871
vn -0.8391 -0.2703 0.4721
vn -0.7797 -0.4739 0.4092
vn -0.7940 -0.5698 0.2118
vn -0.8508 -0.5033 0.1510
vn -0.7813 0.2856 0.5549
vn -0.6229 0.6990 0.3513
vn -0.6559 0.6365 0.4058
vn -0.5225 0.8094 0.2681
vn -0.5004 0.8368 0.2221
vn -0.4793 0.8496 0.2202
vn -0.2921 0.9555 0.0398
vn -0.2720 0.9615 0.0384
vn -0.1942 0.9764 -0.0945
vn -0.1612 0.9831 -0.0864
vn -0.0243 0.9989 0.0396
vn 0.2162 0.9736 0.0732
vn 0.2800 0.9379 0.2049
vn 0.4193 0.8795 0.2250
vn 0.3881 0.8819 0.2677
vn 0.4683 0.8174 0.3355
vn 0.3860 0.6833 0.6198
vn -0.2582 0.8891 0.3780
vn -0.7767 0.6233 0.0909
vn -0.7380 0.5378 -0.4075
vn -0.8313 0.4058 -0.3799
vn -0.8862 0.3606 -0.2909
vn -0.8505 0.5143 -0.1099
vn -0.5366 0.8134 0.2247
vn -0.3829 0.8708 0.3082
vn -0.3715 0.8638 0.3402
vn -0.2137 0.9160 0.3395
vn 0.1218 0.9153 0.3840
vn 0.5661 0.6952 0.4430
vn 0.8080 0.3817 0.4489
vn 0.8618 -0.2261 0.4541
vn 0.8072 -0.4335 0.4007
vn 0.8182 -0.5364 0.2071
vn 0.8709 -0.4705 0.1422
vn -0.5331 -0.7118 0.4573
vn -0.4293 -0.7256 0.5378
vn -0.0424 -0.9431 0.3298
vn 0.0271 -0.9375 0.3470
vn 0.0045 -0.7062 -0.7080
vn -0.0438 -0.6409 -0.7664
vn -0.4015 0.1320 -0.9063
vn -0.5459 0.1199 -0.8292
vn -0.6661 0.1723 -0.7257
vn -0.8313 -0.0437 -0.5541
vn -0.8653 -0.1373 -0.4821
vn -0.7816 -0.6151 0.1036
vn -0.7817 -0.6233 0.0216
vn -0.5402 -0.8265 0.1582
vn -0.5607 -0.8247 0.0735
vn -0.2944 -0.9476 0.1240
vn 0.0446 -0.9110 0.4099
vn 0.1964 -0.7328 0.6514
vn 0.0335 -0.7628 0.6458
vn 0.2140 -0.9760 -0.0411
vn 0.3326 -0.9087 -0.2523
vn 0.6443 -0.6827 -0.3446
vn 0.9134 -0.2292 -0.3365
vn 0.9653 0.1701 -0.1983
vn 0.9505 0.2840 0.1263
vn 0.8519 0.4236 0.3078
vn 0.6898 0.3744 0.6197
vn 0.5460 0.3069 0.7796
vn 0.2450 -0.0058 0.9695
vn 0.1370 -0.1387 0.9808
vn 0.1343 -0.0537 0.9895
vn 0.1019 -0.0817 0.9914
vn 0.1028 0.2714 0.9570
vn 0.0830 0.2585 0.9624
vn 0.1234 0.4520 0.8835
vn 0.0431 0.6402 0.7670
vn -0.0277 0.7934 0.6081
vn -0.2546 0.7786 0.5736
vn -0.2761 0.7779 0.5645
vn -0.4285 0.7340 0.5269
vn 0.4628 0.6748 0.5748
vn 0.5580 0.6951 0.4533
vn 0.4875 0.4303 0.7597
vn 0.5796 0.4583 0.6738
vn 0.5172 0.1882 0.8349
vn 0.7347 0.0569 0.6760
vn 0.8633 -0.0910 0.4965
vn 0.9286 -0.3607 -0.0873
vn 0.8740 -0.3873 -0.2935
vn 0.5691 -0.3979 -0.7196
vn 0.3713 -0.1345 -0.9187
vn 0.1458 0.1371 -0.9798
vn -0.0686 0.3410 -0.9376
vn -0.0955 0.3355 -0.9372
vn -0.1383 0.1215 -0.9829
vn -0.5810 -0.2525 -0.7738
vn -0.8216 -0.3005 -0.4844
vn -0.8840 -0.0847 -0.4598
vn -0.8950 -0.3789 -0.2354
vn -0.8923 -0.1200 -0.4352
vn -0.8591 0.0488 -0.5095
vn -0.6500 0.3845 -0.6555
vn -0.5921 0.3780 -0.7117
vn -0.3140 0.4809 -0.8187
vn -0.0817 0.4690 -0.8794
vn 0.0033 0.4832 -0.8755
vn 0.1289 0.3046 -0.9437
vn 0.1850 0.2105 -0.9599
vn 0.1109 -0.5358 -0.8370
vn 0.1684 -0.7618 -0.6255
vn 0.4895 -0.8673 0.0908
vn 0.7048 -0.6981 0.1260
vn 0.8879 -0.4580 -0.0429
vn 0.9229 -0.3447 -0.1714
vn 0.8992 -0.0151 -0.4372
vn 0.8044 0.2662 -0.5310
vn 0.6807 0.4892 -0.5453
vn 0.5656 0.5723 -0.5937
vn 0.4547 0.6758 -0.5801
vn 0.2416 0.7516 -0.6138
vn 0.0015 0.8814 -0.4723
vn -0.3331 0.8985 -0.2859
vn -0.3360 0.9130 -0.2313
vn -0.5896 0.7721 -0.2370
vn -0.5733 0.7653 -0.2925
vn -0.8398 0.4317 -0.3291
vn -0.9000 0.2361 -0.3664
vn -0.8799 0.0794 -0.4685
vn -0.5660 -0.1594 -0.8088
vn -0.6025 -0.2325 -0.7635
vn -0.6644 -0.3058 -0.6820
vn -0.6710 -0.2990 -0.6785
vn -0.6240 -0.4279 -0.6538
vn -0.5812 -0.5038 -0.6390
vn -0.5871 -0.5835 -0.5610
vn -0.5435 -0.6139 -0.5724
vn -0.3998 -0.6972 -0.5951
vn -0.2786 -0.7483 -0.6020
vn -0.1459 0.5660 -0.8114
vn -0.2885 0.5717 -0.7681
vn -0.2705 0.5733 -0.7734
vn -0.4189 0.4790 -0.7714
vn -0.4730 0.4279 -0.7702
vn -0.6255 0.2053 -0.7527
vn -0.6561 0.1326 -0.7429
vn -0.5948 -0.0672 -0.8011
vn -0.3699 -0.3905 -0.8430
vn -0.2679 -0.6380 -0.7219
vn -0.1718 -0.6856 -0.7074
vn -0.0821 -0.6385 -0.7652
vn 0.0586 -0.8099 -0.5836
vn -0.0349 0.9693 0.2435
vn -0.2847 -0.8622 -0.4189
vn -0.2542 -0.9053 -0.3404
vn -0.1106 -0.9928 -0.0454
vn 0.0535 -0.9911 0.1217
vn 0.0664 -0.9462 0.3166
vn 0.0945 -0.8684 0.4868
vn 0.1157 -0.5744 0.8103
vn 0.1488 -0.5980 0.7875
vn 0.2182 -0.1969 0.9558
vn 0.4219 0.0189 0.9064
vn 0.3296 -0.0256 0.9438
vn 0.2243 0.0056 0.9745
vn 0.0573 -0.1309 0.9897
vn -0.3253 -0.2804 0.9031
vn -0.4440 -0.3998 0.8019
vn -0.3006 -0.5382 0.7874
vn -0.2928 -0.5446 0.7859
vn -0.1610 -0.4620 0.8721
vn -0.0565 -0.4063 0.9120
vn 0.1706 -0.4079 0.8969
vn 0.1873 -0.3966 0.8987
vn 0.4227 -0.2913 0.8582
vn 0.4037 -0.2960 0.8657
vn 0.4892 -0.2610 0.8322
vn 0.4650 -0.3605 0.8086
vn 0.6166 0.1400 0.7748
vn 0.4024 -0.5990 0.6923
vn 0.8795 0.3462 0.3266
vn 0.8729 0.1884 0.4501
vn 0.9630 0.2622 -0.0621
vn 0.9564 0.2298 -0.1805
vn 0.8149 0.2452 -0.5252
vn 0.7513 0.1695 -0.6378
vn 0.5127 -0.1084 -0.8517
vn 0.4557 -0.0867 -0.8859
vn -0.1336 -0.4251 -0.8953
vn -0.0226 -0.3949 -0.9184
vn -0.5690 -0.5303 -0.6285
vn -0.3555 -0.6214 -0.6982
vn -0.4945 -0.6485 -0.5787
vn -0.3875 -0.6897 -0.6117
vn -0.2361 -0.7063 -0.6674
vn -0.3196 -0.6834 -0.6563
vn -0.1323 -0.6875 -0.7141
vn -0.1002 -0.6929 -0.7140
# 2268 vertex normals

vt 0.9281 0.8403 0.0000
vt 0.9585 0.7943 0.0000
vt 0.9288 0.7894 0.0000
vt 0.9627 0.5987 0.0000
vt 0.9451 0.6047 0.0000
vt 0.9530 0.6120 0.0000
vt 0.9464 0.7024 0.0000
vt 0.9633 0.6628 0.0000
vt 0.9536 0.6605 0.0000
vt 0.9681 0.5812 0.0000
vt 0.9785 0.6189 0.0000
vt 0.9903 0.6160 0.0000
vt 0.9679 0.6180 0.0000
vt 0.9784 0.9339 0.0000
vt 0.9997 0.9608 0.0000
vt 0.9818 0.9698 0.0000
vt 0.8934 0.9394 0.0000
vt 0.8753 0.9337 0.0000
vt 0.8927 0.9202 0.0000
vt 0.8790 0.8363 0.0000
vt 0.8842 0.7833 0.0000
vt 0.8944 0.8380 0.0000
vt 0.9569 0.7474 0.0000
vt 0.9740 0.7954 0.0000
vt 0.9757 0.8949 0.0000
vt 0.9535 0.8459 0.0000
vt 0.9769 0.8448 0.0000
vt 0.7006 0.9336 0.0000
vt 0.7410 0.9336 0.0000
vt 0.7006 0.9700 0.0000
vt 2.1885 0.5968 0.0000
vt 2.2887 0.5995 0.0000
vt 2.2498 0.5557 0.0000
vt 2.0874 0.8844 0.0000
vt 2.0530 0.9190 0.0000
vt 2.0704 0.9332 0.0000
vt 2.4153 0.6814 0.0000
vt 2.4594 0.7425 0.0000
vt 2.4380 0.6745 0.0000
vt 2.3352 0.8851 0.0000
vt 2.3756 0.8409 0.0000
vt 2.3443 0.8151 0.0000
vt 2.0992 0.9589 0.0000
vt 2.1226 0.9740 0.0000
vt 2.1257 0.9214 0.0000
vt 0.4520 0.9520 0.0000
vt 0.4285 0.9518 0.0000
vt 0.4520 0.9548 0.0000
vt 0.2481 0.9571 0.0000
vt 0.2483 0.9579 0.0000
vt 0.2454 0.9604 0.0000
vt 2.2746 0.9179 0.0000
vt 2.2995 0.9368 0.0000
vt 2.2767 0.9096 0.0000
vt 1.5343 0.1436 0.0000
vt 1.5393 0.1514 0.0000
vt 1.5432 0.1477 0.0000
vt 1.5310 0.0990 0.0000
vt 1.5301 0.0967 0.0000
vt 1.5299 0.0993 0.0000
vt 1.4315 0.0724 0.0000
vt 1.4310 0.0697 0.0000
vt 1.4297 0.0722 0.0000
vt 1.5071 0.1370 0.0000
vt 1.5060 0.1315 0.0000
vt 1.5057 0.1364 0.0000
vt 1.4506 0.0104 0.0000
vt 1.4539 0.0099 0.0000
vt 1.4512 0.0093 0.0000
vt 1.5308 0.1748 0.0000
vt 1.5262 0.1722 0.0000
vt 1.5298 0.1760 0.0000
vt 1.5662 0.0652 0.0000
vt 1.5640 0.0587 0.0000
vt 1.5654 0.0672 0.0000
vt 1.6057 0.1773 0.0000
vt 1.6065 0.1748 0.0000
vt 1.6048 0.1770 0.0000
vt 1.5675 0.1858 0.0000
vt 1.5629 0.1872 0.0000
vt 1.5673 0.1875 0.0000
vt 1.5471 0.0252 0.0000
vt 1.5408 0.0193 0.0000
vt 1.5461 0.0265 0.0000
vt 1.5550 0.0790 0.0000
vt 1.5399 0.0830 0.0000
vt 1.5563 0.0823 0.0000
vt 1.5670 0.1575 0.0000
vt 1.5648 0.1447 0.0000
vt 1.5601 0.1590 0.0000
vt 1.6027 0.1072 0.0000
vt 1.5903 0.1233 0.0000
vt 1.5984 0.1200 0.0000
vt 1.5821 0.1611 0.0000
vt 1.5831 0.1484 0.0000
vt 1.5750 0.1585 0.0000
vt 1.5687 0.1747 0.0000
vt 1.5742 0.1633 0.0000
vt 1.5702 0.1626 0.0000
vt 1.5628 0.1164 0.0000
vt 1.5761 0.1061 0.0000
vt 1.5617 0.0988 0.0000
vt 1.6081 0.1500 0.0000
vt 1.5982 0.1435 0.0000
vt 1.6005 0.1504 0.0000
vt 1.5311 0.1589 0.0000
vt 1.5242 0.1546 0.0000
vt 1.5128 0.0334 0.0000
vt 1.5152 0.0171 0.0000
vt 1.5057 0.0318 0.0000
vt 1.5435 0.1736 0.0000
vt 1.5549 0.1638 0.0000
vt 1.5394 0.1667 0.0000
vt 1.6027 0.0399 0.0000
vt 1.5993 0.0442 0.0000
vt 1.6119 0.0556 0.0000
vt 1.4671 0.0740 0.0000
vt 1.4613 0.0859 0.0000
vt 1.4639 0.0902 0.0000
vt 1.5114 0.0053 0.0000
vt 1.5083 0.0168 0.0000
vt 1.4546 0.0197 0.0000
vt 1.4626 0.0083 0.0000
vt 1.5190 0.1672 0.0000
vt 1.5229 0.1682 0.0000
vt 0.4583 0.9543 0.0000
vt 0.4530 0.9732 0.0000
vt 0.4615 0.9569 0.0000
vt 0.4313 0.9708 0.0000
vt 0.4193 0.9534 0.0000
vt 0.4223 0.9534 0.0000
vt 0.2806 0.9557 0.0000
vt 0.2870 0.9590 0.0000
vt 0.2815 0.9591 0.0000
vt 0.4303 0.9506 0.0000
vt 0.4230 0.9489 0.0000
vt 0.4283 0.9553 0.0000
vt 0.2441 0.9579 0.0000
vt 0.2514 0.9546 0.0000
vt 0.2478 0.9592 0.0000
vt 0.2678 0.9698 0.0000
vt 0.2585 0.9708 0.0000
vt 0.4617 0.9551 0.0000
vt 0.4523 0.9731 0.0000
vt 0.4658 0.9522 0.0000
vt 0.4614 0.9465 0.0000
vt 0.4512 0.9495 0.0000
vt 2.4668 0.7118 0.0000
vt 2.4878 0.7208 0.0000
vt 2.2502 0.8070 0.0000
vt 2.2120 0.7953 0.0000
vt 2.2101 0.7762 0.0000
vt 2.1313 0.7432 0.0000
vt 2.1406 0.7983 0.0000
vt 2.1171 0.7619 0.0000
vt 2.3029 0.7971 0.0000
vt 2.2932 0.8426 0.0000
vt 2.1742 0.7360 0.0000
vt 2.1796 0.7665 0.0000
vt 2.1547 0.7405 0.0000
vt 2.2415 0.9071 0.0000
vt 2.2836 0.8841 0.0000
vt 2.1465 0.9599 0.0000
vt 2.1343 0.9825 0.0000
vt 0.2826 0.9578 0.0000
vt 0.2774 0.9583 0.0000
vt 0.2794 0.9609 0.0000
vt 0.4275 0.9506 0.0000
vt 0.4204 0.9520 0.0000
vt 0.4238 0.9482 0.0000
vt 2.1682 0.9736 0.0000
vt 2.1757 0.9456 0.0000
vt 2.1847 0.9542 0.0000
vt 1.4260 0.0789 0.0000
vt 1.4255 0.0774 0.0000
vt 1.5309 0.1791 0.0000
vt 1.5319 0.1787 0.0000
vt 1.6119 0.1704 0.0000
vt 1.6089 0.1721 0.0000
vt 1.6116 0.1690 0.0000
vt 1.5390 0.0206 0.0000
vt 1.5389 0.0168 0.0000
vt 1.5308 0.0940 0.0000
vt 1.5363 0.0963 0.0000
vt 1.5312 0.0967 0.0000
vt 1.5824 0.1333 0.0000
vt 1.5700 0.1333 0.0000
vt 1.5752 0.1262 0.0000
vt 1.4584 0.0554 0.0000
vt 1.4652 0.0547 0.0000
vt 1.4598 0.0612 0.0000
vt 1.5923 0.1431 0.0000
vt 1.6149 0.1477 0.0000
vt 1.6039 0.1420 0.0000
vt 1.6094 0.1401 0.0000
vt 1.5868 0.1599 0.0000
vt 1.5984 0.1660 0.0000
vt 1.5957 0.1707 0.0000
vt 1.4579 0.0320 0.0000
vt 1.4487 0.0206 0.0000
vt 1.5621 0.0554 0.0000
vt 1.5530 0.0599 0.0000
vt 1.5512 0.0531 0.0000
vt 1.6069 0.1608 0.0000
vt 1.6024 0.1627 0.0000
vt 1.6015 0.1533 0.0000
vt 0.2851 0.9583 0.0000
vt 0.2785 0.9579 0.0000
vt 0.2843 0.9610 0.0000
vt 0.4275 0.9548 0.0000
vt 0.4476 0.9707 0.0000
vt 0.4318 0.9707 0.0000
vt 0.4639 0.9469 0.0000
vt 0.4645 0.9531 0.0000
vt 0.4539 0.9495 0.0000
vt 0.4529 0.9545 0.0000
vt 0.4295 0.9501 0.0000
vt 0.4239 0.9505 0.0000
vt 0.4314 0.9711 0.0000
vt 0.2732 0.9710 0.0000
vt 0.9773 0.6640 0.0000
vt 0.9779 0.6397 0.0000
vt 0.9907 0.6376 0.0000
vt 0.9768 0.7069 0.0000
vt 0.9630 0.7059 0.0000
vt 0.9772 0.7485 0.0000
vt 0.9268 0.6979 0.0000
vt 0.9402 0.6568 0.0000
vt 0.9264 0.9700 0.0000
vt 0.8980 0.9700 0.0000
vt 0.9264 0.9336 0.0000
vt 0.8980 0.9336 0.0000
vt 2.1605 0.7662 0.0000
vt 2.1482 0.9804 0.0000
vt 2.2038 0.9230 0.0000
vt 1.5414 0.1000 0.0000
vt 1.5415 0.0958 0.0000
vt 1.5445 0.0995 0.0000
vt 1.5355 0.0918 0.0000
vt 1.4327 0.0691 0.0000
vt 1.4401 0.0760 0.0000
vt 1.4426 0.0710 0.0000
vt 1.4483 0.0807 0.0000
vt 1.5530 0.1324 0.0000
vt 1.5315 0.1337 0.0000
vt 1.5483 0.1354 0.0000
vt 1.5303 0.1422 0.0000
vt 1.5188 0.0891 0.0000
vt 1.5324 0.0799 0.0000
vt 1.5229 0.0684 0.0000
vt 1.5399 0.0645 0.0000
vt 1.4651 0.0066 0.0000
vt 1.4666 0.0163 0.0000
vt 1.4731 0.0133 0.0000
vt 1.4711 0.0285 0.0000
vt 0.2586 0.9685 0.0000
vt 0.2505 0.9579 0.0000
vt 0.2644 0.9674 0.0000
vt 0.2642 0.9554 0.0000
vt 0.2778 0.9549 0.0000
vt 0.2804 0.9561 0.0000
vt 0.2886 0.9611 0.0000
vt 0.2784 0.9580 0.0000
vt 0.2842 0.9611 0.0000
vt 2.2523 0.7320 0.0000
vt 2.2328 0.6551 0.0000
vt 2.2907 0.6687 0.0000
vt 2.9804 0.9915 0.0000
vt 2.9970 0.9921 0.0000
vt 2.9988 0.9565 0.0000
vt 2.8734 0.9415 0.0000
vt 2.8934 0.9473 0.0000
vt 2.8903 0.9354 0.0000
vt 2.9232 0.9594 0.0000
vt 2.2424 0.9203 0.0000
vt 2.2096 0.9339 0.0000
vt 2.2412 0.9126 0.0000
vt 1.5695 0.0934 0.0000
vt 1.5282 0.1208 0.0000
vt 1.5433 0.1179 0.0000
vt 1.5472 0.1238 0.0000
vt 1.5482 0.1172 0.0000
vt 0.2923 0.9634 0.0000
vt 0.2875 0.9590 0.0000
vt 0.2868 0.9622 0.0000
vt 0.2791 0.9575 0.0000
vt 0.2791 0.9710 0.0000
vt 0.2703 0.9698 0.0000
vt 0.2659 0.9741 0.0000
vt 0.2550 0.9708 0.0000
vt 0.9468 0.9634 0.0000
vt 0.9635 0.9704 0.0000
vt 0.9614 0.9372 0.0000
vt 0.9438 0.7446 0.0000
vt 0.9135 0.6452 0.0000
vt 0.9000 0.6913 0.0000
vt 0.9203 0.6483 0.0000
vt 0.9152 0.6965 0.0000
vt 0.8753 0.9204 0.0000
vt 0.8950 0.8850 0.0000
vt 0.9939 0.7972 0.0000
vt 0.9930 0.7491 0.0000
vt 0.9921 0.7076 0.0000
vt 0.7950 0.9336 0.0000
vt 0.7950 0.9700 0.0000
vt 0.7410 0.9700 0.0000
vt 2.3145 0.7620 0.0000
vt 0.4248 0.9494 0.0000
vt 0.4215 0.9532 0.0000
vt 0.4267 0.9546 0.0000
vt 1.5430 0.1552 0.0000
vt 1.5473 0.1515 0.0000
vt 1.5604 0.1366 0.0000
vt 1.4641 0.0061 0.0000
vt 1.4613 0.0073 0.0000
vt 1.5141 0.0369 0.0000
vt 1.5191 0.0399 0.0000
vt 1.5249 0.0235 0.0000
vt 1.5294 0.0280 0.0000
vt 1.5368 0.0172 0.0000
vt 1.5400 0.0366 0.0000
vt 1.4329 0.0873 0.0000
vt 1.5306 0.1278 0.0000
vt 1.5979 0.1282 0.0000
vt 1.5934 0.1287 0.0000
vt 1.5964 0.1519 0.0000
vt 1.4693 0.1517 0.0000
vt 1.4746 0.1318 0.0000
vt 1.4591 0.1313 0.0000
vt 1.4784 0.1167 0.0000
vt 1.4616 0.1109 0.0000
vt 1.5079 0.0054 0.0000
vt 1.5105 0.0044 0.0000
vt 1.5075 0.0043 0.0000
vt 1.6054 0.1740 0.0000
vt 1.5560 0.0728 0.0000
vt 1.5625 0.0587 0.0000
vt 1.5632 0.0560 0.0000
vt 0.4297 0.9739 0.0000
vt 0.4404 0.9761 0.0000
vt 0.4296 0.9708 0.0000
vt 0.4498 0.9709 0.0000
vt 0.4482 0.9533 0.0000
vt 0.2648 0.9549 0.0000
vt 0.2651 0.9670 0.0000
vt 0.2708 0.9679 0.0000
vt 0.2650 0.9729 0.0000
vt 0.2593 0.9681 0.0000
vt 0.2512 0.9575 0.0000
vt 0.2811 0.9556 0.0000
vt 0.4251 0.9535 0.0000
vt 0.4287 0.9687 0.0000
vt 0.4384 0.9758 0.0000
vt 0.4509 0.9542 0.0000
vt 0.4471 0.9697 0.0000
vt 0.4636 0.9541 0.0000
vt 0.4499 0.9725 0.0000
vt 0.4634 0.9548 0.0000
vt 0.4275 0.9495 0.0000
vt 0.4514 0.9490 0.0000
vt 0.4660 0.9481 0.0000
vt 0.2511 0.9550 0.0000
vt 0.2504 0.9579 0.0000
vt 0.2456 0.9570 0.0000
vt 0.2446 0.9612 0.0000
vt 0.2381 0.9630 0.0000
vt 2.1179 0.6740 0.0000
vt 2.1029 0.7341 0.0000
vt 2.0710 0.6796 0.0000
vt 2.0512 0.7433 0.0000
vt 2.0419 0.6837 0.0000
vt 2.2852 0.5523 0.0000
vt 2.3452 0.5545 0.0000
vt 2.3434 0.5493 0.0000
vt 2.3903 0.5507 0.0000
vt 1.4515 0.0343 0.0000
vt 1.6082 0.1711 0.0000
vt 1.5977 0.1547 0.0000
vt 1.5940 0.1573 0.0000
vt 1.5923 0.1541 0.0000
vt 0.4592 0.9567 0.0000
vt 0.4491 0.9557 0.0000
vt 0.4525 0.9497 0.0000
vt 0.4270 0.9551 0.0000
vt 0.4242 0.9499 0.0000
vt 0.4221 0.9483 0.0000
vt 0.2390 0.9659 0.0000
vt 0.2543 0.9708 0.0000
vt 0.2900 0.9664 0.0000
vt 0.2740 0.9710 0.0000
vt 0.4296 0.9730 0.0000
vt 0.4383 0.9792 0.0000
vt 0.4290 0.9726 0.0000
vt 0.4481 0.9727 0.0000
vt 0.4481 0.9565 0.0000
vt 0.4484 0.9709 0.0000
vt 0.4378 0.9750 0.0000
vt 0.4465 0.9701 0.0000
vt 0.4291 0.9696 0.0000
vt 0.4256 0.9534 0.0000
vt 0.2643 0.9734 0.0000
vt 0.2585 0.9685 0.0000
vt 0.9222 0.8892 0.0000
vt 0.9572 0.8981 0.0000
vt 0.9433 0.9345 0.0000
vt 2.1414 0.6632 0.0000
vt 2.1697 0.7142 0.0000
vt 2.1826 0.6540 0.0000
vt 2.2070 0.7162 0.0000
vt 2.3995 0.6289 0.0000
vt 2.3818 0.6987 0.0000
vt 2.3584 0.6196 0.0000
vt 2.3457 0.6889 0.0000
vt 2.2493 0.8572 0.0000
vt 2.2514 0.7660 0.0000
vt 0.4261 0.9529 0.0000
vt 0.4197 0.9550 0.0000
vt 0.4213 0.9579 0.0000
vt 0.4546 0.9498 0.0000
vt 0.4538 0.9548 0.0000
vt 0.4486 0.9710 0.0000
vt 0.4328 0.9711 0.0000
vt 0.4273 0.9565 0.0000
vt 0.4202 0.9543 0.0000
vt 0.4217 0.9515 0.0000
vt 2.0470 0.7901 0.0000
vt 2.0113 0.7874 0.0000
vt 2.0111 0.7482 0.0000
vt 2.8719 0.9299 0.0000
vt 1.5432 0.0764 0.0000
vt 0.4245 0.9536 0.0000
vt 0.4269 0.9496 0.0000
vt 0.4504 0.9546 0.0000
vt 0.4509 0.9493 0.0000
vt 0.4630 0.9546 0.0000
vt 0.4655 0.9486 0.0000
vt 0.4510 0.9538 0.0000
vt 0.4630 0.9528 0.0000
vt 0.4656 0.9507 0.0000
vt 0.2641 0.9554 0.0000
vt 0.2643 0.9675 0.0000
vt 0.2925 0.9650 0.0000
vt 0.2700 0.9684 0.0000
vt 0.9215 0.9502 0.0000
vt 0.9205 0.9254 0.0000
vt 0.9949 0.8456 0.0000
vt 0.9958 0.8919 0.0000
vt 0.9921 0.9236 0.0000
vt 0.9637 0.6185 0.0000
vt 0.9471 0.6326 0.0000
vt 0.9337 0.6248 0.0000
vt 0.9025 0.7867 0.0000
vt 0.9265 0.6188 0.0000
vt 0.9376 0.5964 0.0000
vt 2.3929 0.5582 0.0000
vt 2.3217 0.9160 0.0000
vt 2.3142 0.9343 0.0000
vt 2.3126 0.9512 0.0000
vt 0.2777 0.9551 0.0000
vt 0.2659 0.9548 0.0000
vt 0.2664 0.9531 0.0000
vt 0.2528 0.9545 0.0000
vt 1.4583 0.0884 0.0000
vt 1.4592 0.0836 0.0000
vt 1.4514 0.0758 0.0000
vt 1.5410 0.0913 0.0000
vt 1.5444 0.0952 0.0000
vt 1.5567 0.0969 0.0000
vt 1.5425 0.1045 0.0000
vt 1.5362 0.1007 0.0000
vt 1.5360 0.1036 0.0000
vt 1.5298 0.1013 0.0000
vt 1.5288 0.1009 0.0000
vt 1.5663 0.1626 0.0000
vt 1.5636 0.1740 0.0000
vt 1.5627 0.1855 0.0000
vt 1.5739 0.1751 0.0000
vt 1.5722 0.1867 0.0000
vt 1.5717 0.1881 0.0000
vt 1.6037 0.0359 0.0000
vt 1.6162 0.0497 0.0000
vt 1.6232 0.0701 0.0000
vt 1.6172 0.0707 0.0000
vt 1.6205 0.0832 0.0000
vt 1.4904 0.0281 0.0000
vt 1.4939 0.0135 0.0000
vt 1.4980 0.0031 0.0000
vt 1.4986 0.0023 0.0000
vt 0.2447 0.9612 0.0000
vt 0.2439 0.9583 0.0000
vt 0.2512 0.9550 0.0000
vt 0.2641 0.9530 0.0000
vt 0.2701 0.9683 0.0000
vt 0.2644 0.9733 0.0000
vt 0.2643 0.9526 0.0000
vt 0.2644 0.9550 0.0000
vt 0.2646 0.9671 0.0000
vt 0.2719 0.9687 0.0000
vt 0.2645 0.9730 0.0000
vt 0.4666 0.9515 0.0000
vt 0.4640 0.9537 0.0000
vt 0.4496 0.9718 0.0000
vt 0.4476 0.9711 0.0000
vt 0.4391 0.9761 0.0000
vt 0.4303 0.9707 0.0000
vt 0.4327 0.9722 0.0000
vt 0.2640 0.9531 0.0000
vt 2.1816 0.7878 0.0000
vt 2.2093 0.7448 0.0000
vt 1.5573 0.1749 0.0000
vt 1.5593 0.1865 0.0000
vt 1.4852 0.1481 0.0000
vt 1.4831 0.0985 0.0000
vt 0.4220 0.9599 0.0000
vt 0.4205 0.9570 0.0000
vt 0.4303 0.9761 0.0000
vt 0.4303 0.9730 0.0000
vt 0.4410 0.9784 0.0000
vt 0.4505 0.9733 0.0000
vt 0.4536 0.9756 0.0000
vt 0.4216 0.9534 0.0000
vt 0.4187 0.9534 0.0000
vt 0.4305 0.9710 0.0000
vt 0.4279 0.9688 0.0000
vt 0.4376 0.9760 0.0000
vt 0.4464 0.9700 0.0000
vt 0.4491 0.9729 0.0000
vt 0.2572 0.9688 0.0000
vt 0.9658 0.6386 0.0000
vt 2.0119 0.9135 0.0000
vt 2.0302 0.9148 0.0000
vt 2.0390 0.8612 0.0000
vt 2.0736 0.8746 0.0000
vt 2.0913 0.7962 0.0000
vt 2.1044 0.8059 0.0000
vt 1.5278 0.1284 0.0000
vt 1.5252 0.1216 0.0000
vt 1.5179 0.1297 0.0000
vt 1.5160 0.1232 0.0000
vt 1.5069 0.1315 0.0000
vt 1.5059 0.1265 0.0000
vt 1.5048 0.1270 0.0000
vt 1.5231 0.1123 0.0000
vt 1.5116 0.1171 0.0000
vt 1.5031 0.1234 0.0000
vt 1.5025 0.1244 0.0000
vt 2.1491 0.7197 0.0000
vt 2.3672 0.7523 0.0000
vt 2.3876 0.7744 0.0000
vt 2.4145 0.6173 0.0000
vt 0.8763 0.8834 0.0000
vt 2.4184 0.5892 0.0000
vt 2.4254 0.5487 0.0000
vt 2.4314 0.5812 0.0000
vt 2.9190 0.9461 0.0000
vt 2.9364 0.9544 0.0000
vt 2.9561 0.9848 0.0000
vt 2.9534 0.9625 0.0000
vt 2.9806 0.9653 0.0000
vt 2.1712 0.9341 0.0000
vt 2.1669 0.8790 0.0000
vt 2.2023 0.9153 0.0000
vt 2.1903 0.8698 0.0000
vt 2.2256 0.8693 0.0000
vt 2.2156 0.8154 0.0000
vt 1.5286 0.1343 0.0000
vt 1.5186 0.1363 0.0000
vt 1.5169 0.1428 0.0000
vt 1.5049 0.1401 0.0000
vt 1.5039 0.1396 0.0000
vt 1.4958 0.0014 0.0000
vt 1.4947 0.0019 0.0000
vt 1.4867 0.0113 0.0000
vt 1.4827 0.0262 0.0000
vt 1.4827 0.0437 0.0000
vt 1.5726 0.0835 0.0000
vt 1.5647 0.0905 0.0000
vt 1.5670 0.0838 0.0000
vt 1.5577 0.0861 0.0000
vt 1.5634 0.0807 0.0000
vt 1.5618 0.0773 0.0000
vt 1.5259 0.0636 0.0000
vt 1.5360 0.0541 0.0000
vt 1.5309 0.0494 0.0000
vt 1.5453 0.0408 0.0000
vt 1.5495 0.0287 0.0000
vt 1.5495 0.0268 0.0000
vt 1.4826 0.0509 0.0000
vt 1.4790 0.0255 0.0000
vt 1.5272 0.1711 0.0000
vt 1.5220 0.1690 0.0000
vt 1.5187 0.1683 0.0000
vt 0.4516 0.9472 0.0000
vt 0.4232 0.9478 0.0000
vt 0.2648 0.9526 0.0000
vt 0.2491 0.9556 0.0000
vt 0.2427 0.9592 0.0000
vt 0.2433 0.9623 0.0000
vt 0.2379 0.9634 0.0000
vt 0.4204 0.9484 0.0000
vt 2.4181 0.8175 0.0000
vt 2.9403 0.9562 0.0000
vt 1.5377 0.0573 0.0000
vt 1.5402 0.1106 0.0000
vt 1.5442 0.1102 0.0000
vt 1.5548 0.1110 0.0000
vt 1.5511 0.1074 0.0000
vt 1.5552 0.1024 0.0000
vt 0.4622 0.9593 0.0000
vt 0.4235 0.9501 0.0000
vt 1.5599 0.1879 0.0000
vt 0.4250 0.9517 0.0000
vt 0.4617 0.9501 0.0000
vt 1.4565 0.1032 0.0000
vt 1.4416 0.0930 0.0000
vt 0.4198 0.9485 0.0000
vt 0.4627 0.9553 0.0000
vt 0.4510 0.9510 0.0000
vt 0.4607 0.9493 0.0000
vt 0.9591 0.6378 0.0000
vt 2.4163 0.8870 0.0000
vt 2.3872 0.8940 0.0000
vt 2.3645 0.9160 0.0000
vt 2.3540 0.9420 0.0000
vt 2.3459 0.9571 0.0000
vt 2.3378 0.9676 0.0000
vt 2.1371 0.8542 0.0000
vt 2.1515 0.8174 0.0000
vt 2.1765 0.8068 0.0000
vt 1.5293 0.0919 0.0000
vt 1.5349 0.0888 0.0000
vt 1.5413 0.0872 0.0000
vt 1.5439 0.0907 0.0000
vt 1.5588 0.0921 0.0000
vt 1.4933 0.0822 0.0000
vt 1.4658 0.0603 0.0000
vt 1.5045 0.0697 0.0000
vt 1.5022 0.0595 0.0000
vt 1.5050 0.0549 0.0000
vt 2.1387 0.6285 0.0000
vt 2.1309 0.6305 0.0000
vt 2.0747 0.6464 0.0000
vt 2.0419 0.6530 0.0000
vt 2.0106 0.6581 0.0000
vt 2.4242 0.5433 0.0000
vt 2.2835 0.5487 0.0000
vt 2.1665 0.7904 0.0000
vt 0.4511 0.9720 0.0000
vt 0.4403 0.9777 0.0000
vt 0.4305 0.9724 0.0000
vt 0.4223 0.9535 0.0000
vt 0.4232 0.9541 0.0000
vt 0.4315 0.9729 0.0000
vt 0.4414 0.9780 0.0000
vt 0.4521 0.9723 0.0000
vt 0.4653 0.9533 0.0000
vt 0.4646 0.9471 0.0000
vt 2.0116 0.8558 0.0000
vt 0.9254 0.7424 0.0000
vt 0.9056 0.7394 0.0000
vt 0.8909 0.7357 0.0000
vt 2.4470 0.8184 0.0000
vt 2.4839 0.7450 0.0000
vt 2.4682 0.8345 0.0000
vt 2.4400 0.8877 0.0000
vt 1.6128 0.1599 0.0000
vt 1.6180 0.1596 0.0000
vt 1.6145 0.1685 0.0000
vt 1.6172 0.1691 0.0000
vt 1.6146 0.1699 0.0000
vt 1.6164 0.1705 0.0000
vt 1.4613 0.0743 0.0000
vt 1.5332 0.0857 0.0000
vt 1.5278 0.0905 0.0000
vt 1.6054 0.1283 0.0000
vt 1.6052 0.1210 0.0000
vt 1.6092 0.1124 0.0000
vt 1.6150 0.1002 0.0000
vt 1.6089 0.0951 0.0000
vt 1.6154 0.0807 0.0000
vt 1.5840 0.1444 0.0000
vt 1.5743 0.1392 0.0000
vt 1.5708 0.1576 0.0000
vt 1.5676 0.1392 0.0000
vt 1.4951 0.1280 0.0000
vt 1.5033 0.1114 0.0000
vt 1.5101 0.0984 0.0000
vt 2.0108 0.6899 0.0000
vt 0.9912 0.6628 0.0000
vt 1.5973 0.0499 0.0000
vt 1.6058 0.0613 0.0000
vt 1.6118 0.0726 0.0000
vt 1.6098 0.0799 0.0000
vt 1.6039 0.0915 0.0000
vt 1.5959 0.1049 0.0000
vt 1.5566 0.1268 0.0000
vt 1.5356 0.1626 0.0000
vt 1.5470 0.1587 0.0000
vt 1.5507 0.1549 0.0000
vt 1.5804 0.1772 0.0000
vt 1.5757 0.1884 0.0000
vt 1.5749 0.1896 0.0000
vt 1.5525 0.1029 0.0000
vt 1.5297 0.0942 0.0000
vt 1.5286 0.0924 0.0000
vt 1.5273 0.0914 0.0000
vt 2.4628 0.8910 0.0000
# 707 texture coords

g DrawCall_0007
usemtl 68c204a3_dds
s 1
f 1/1/1 2/2/1 3/3/1 
f 4/4/2 5/5/2 6/6/2 
f 7/7/3 8/8/3 9/9/3 
f 10/10/4 11/11/4 12/12/4 
f 13/4/5 14/11/5 15/13/5 
f 16/14/6 17/15/6 18/16/6 
f 19/17/7 20/18/7 21/19/7 
f 22/20/8 23/21/8 24/22/8 
f 25/2/9 26/23/9 27/24/9 
f 28/25/10 29/26/10 30/27/10 
f 31/28/11 32/29/11 33/30/11 
f 34/31/12 35/32/12 36/33/12 
f 37/34/13 38/35/13 39/36/13 
f 40/37/14 41/38/14 42/39/14 
f 43/40/15 44/41/15 45/42/15 
f 46/43/16 47/44/16 48/45/16 
f 49/46/17 50/47/17 51/48/17 
f 52/49/18 53/50/18 54/51/18 
f 55/52/19 56/53/19 57/54/19 
f 58/55/20 59/56/20 60/57/20 
f 61/58/21 62/59/21 63/60/21 
f 64/61/22 65/62/22 66/63/22 
f 67/64/23 68/65/23 69/66/23 
f 70/67/24 71/68/24 72/69/24 
f 73/70/25 74/71/25 75/72/25 
f 76/73/26 77/74/26 78/75/26 
f 79/76/27 80/77/27 81/78/27 
f 82/79/28 83/80/28 84/81/28 
f 50/82/29 49/83/29 85/84/29 
f 86/85/30 87/86/30 88/87/30 
f 89/88/31 90/89/31 91/90/31 
f 92/91/32 93/92/32 94/93/32 
f 95/94/33 96/95/33 97/96/33 
f 98/97/34 99/98/34 100/99/34 
f 101/100/35 102/101/35 103/102/35 
f 104/103/36 105/104/36 106/105/36 
f 107/106/37 58/55/37 108/107/37 
f 109/108/38 110/109/38 111/110/38 
f 110/111/39 109/112/39 112/113/39 
f 113/114/40 114/115/40 115/116/40 
f 116/117/41 117/118/41 118/119/41 
f 119/120/42 120/121/42 110/109/42 
f 121/122/43 122/123/43 71/68/43 
f 123/124/44 124/125/44 108/107/44 
f 125/126/45 126/127/45 127/128/45 
f 128/129/46 129/130/46 130/131/46 
f 131/132/47 132/133/47 133/134/47 
f 134/135/48 135/136/48 136/137/48 
f 135/138/49 75/139/49 137/140/49 
f 138/141/50 52/49/50 139/142/50 
f 140/143/51 141/144/51 142/145/51 
f 79/146/52 77/147/52 140/143/52 
f 143/30/53 144/29/53 145/28/53 
f 146/148/54 147/149/54 148/38/54 
f 149/150/55 150/151/55 151/152/55 
f 152/153/56 153/154/56 154/155/56 
f 149/150/57 155/156/57 156/157/57 
f 157/158/58 158/159/58 159/160/58 
f 160/45/59 161/43/59 162/34/59 
f 163/54/60 164/161/60 165/162/60 
f 166/44/61 167/163/61 168/164/61 
f 169/165/62 170/166/62 171/167/62 
f 172/168/63 171/169/63 170/170/63 
f 173/52/64 163/54/64 174/53/64 
f 175/171/65 176/172/65 177/173/65 
f 178/55/66 179/57/66 180/56/66 
f 181/59/67 182/58/67 183/60/67 
f 184/63/68 185/174/68 186/175/68 
f 187/67/69 188/69/69 189/68/69 
f 190/176/70 191/72/70 192/177/70 
f 193/178/71 194/179/71 195/180/71 
f 196/81/72 197/80/72 198/79/72 
f 199/181/73 200/182/73 201/83/73 
f 202/87/74 203/86/74 204/85/74 
f 205/90/75 206/89/75 207/88/75 
f 208/183/76 209/184/76 210/185/76 
f 211/186/77 212/187/77 213/188/77 
f 214/96/78 215/95/78 216/94/78 
f 217/189/79 218/190/79 219/191/79 
f 211/186/80 220/104/80 221/192/80 
f 222/193/81 223/194/81 224/195/81 
f 225/110/82 226/109/82 227/108/82 
f 228/196/83 229/197/83 230/198/83 
f 231/114/84 232/116/84 233/115/84 
f 234/122/85 235/199/85 236/200/85 
f 237/201/86 238/202/86 230/203/86 
f 239/204/87 240/205/87 241/206/87 
f 187/207/88 242/208/88 243/209/88 
f 244/210/89 245/211/89 246/212/89 
f 247/132/90 248/134/90 249/133/90 
f 249/213/91 248/214/91 250/215/91 
f 250/215/92 251/216/92 252/217/92 
f 190/138/93 253/140/93 191/139/93 
f 169/218/94 171/169/94 254/219/94 
f 254/220/95 255/141/95 169/165/95 
f 8/8/96 256/221/97 257/222/98 
f 256/221/97 258/223/99 257/222/98 
f 259/8/100 260/224/101 261/225/102 
f 260/224/101 262/226/103 261/225/102 
f 263/227/104 264/228/105 265/7/106 
f 264/228/105 266/9/107 265/7/106 
f 267/229/108 268/230/109 269/231/110 
f 268/230/109 270/232/111 269/231/110 
f 271/159/112 272/160/113 273/233/114 
f 272/160/113 274/153/115 273/233/114 
f 275/234/116 276/163/117 277/164/118 
f 276/163/117 47/44/119 277/164/118 
f 278/171/120 279/173/121 280/172/122 
f 279/173/121 281/235/123 280/172/122 
f 282/184/124 283/236/125 284/237/126 
f 283/236/125 285/238/127 284/237/126 
f 286/185/128 282/184/129 287/183/130 
f 282/184/129 288/239/131 287/183/130 
f 93/92/132 289/188/133 290/186/134 
f 289/188/133 291/187/135 290/186/134 
f 292/240/136 293/241/137 294/242/138 
f 293/241/137 295/243/139 294/242/138 
f 296/191/140 297/190/141 298/189/142 
f 297/190/141 299/199/143 298/189/142 
f 300/244/144 301/245/145 302/246/146 
f 301/245/145 303/247/147 302/246/146 
f 304/248/148 305/249/149 306/250/150 
f 305/249/149 307/251/151 306/250/150 
f 81/201/152 308/203/153 309/202/154 
f 308/203/153 307/251/155 309/202/154 
f 310/252/156 311/253/157 312/254/158 
f 311/253/157 313/255/159 312/254/158 
f 128/256/160 130/257/161 314/258/162 
f 130/257/161 315/259/163 314/258/162 
f 316/209/164 317/208/165 70/207/166 
f 317/208/165 318/260/167 70/207/166 
f 80/261/168 79/262/169 142/263/170 
f 79/262/169 140/264/171 142/263/170 
f 319/232/172 320/230/173 321/231/174 
f 320/230/173 322/229/175 321/231/174 
f 323/265/176 324/266/177 325/267/178 
f 324/266/177 326/32/179 325/267/178 
f 327/268/180 328/269/181 17/270/182 
f 328/269/181 329/268/183 17/270/182 
f 147/271/184 146/272/185 330/273/186 
f 146/272/185 331/274/187 330/273/186 
f 332/275/188 333/276/189 334/277/190 
f 333/276/189 335/235/191 334/277/190 
f 209/184/192 336/237/193 337/236/194 
f 336/237/193 338/238/195 337/236/194 
f 339/240/196 340/242/197 341/241/198 
f 340/242/197 342/243/199 341/241/198 
f 343/100/200 344/102/201 333/101/202 
f 344/102/201 177/278/203 333/101/202 
f 345/247/204 346/245/205 347/246/206 
f 346/245/205 348/244/207 347/246/206 
f 349/279/208 350/280/209 351/281/210 
f 350/280/209 352/282/211 351/281/210 
f 353/252/212 354/254/213 355/253/214 
f 354/254/213 356/255/215 355/253/214 
f 186/283/216 357/284/217 358/285/218 
f 357/284/217 359/286/219 358/285/218 
f 360/259/220 361/257/221 362/258/222 
f 361/257/221 363/256/223 362/258/222 
f 364/287/224 138/288/225 365/289/226 
f 138/288/225 139/290/227 365/289/226 
f 254/287/228 366/289/229 255/288/230 
f 366/289/229 367/290/231 255/288/230 
f 368/291/232 369/292/233 370/293/234 
f 369/292/233 371/14/235 370/293/234 
f 370/293/234 371/14/235 372/25/236 
f 3/3/237 2/2/238 373/294/239 
f 2/2/238 374/23/240 373/294/239 
f 373/294/239 374/23/240 375/225/241 
f 376/295/242 377/296/243 378/297/244 
f 377/296/243 379/298/245 378/297/244 
f 378/297/244 379/298/245 380/228/246 
f 21/19/247 20/18/248 381/299/249 
f 20/18/248 382/19/250 381/299/249 
f 381/299/249 382/19/250 383/300/251 
f 384/301/252 262/226/253 385/302/254 
f 262/226/253 260/224/255 385/302/254 
f 385/302/254 260/224/255 386/303/256 
f 387/304/257 388/305/258 32/29/259 
f 388/305/258 389/306/260 32/29/259 
f 32/29/259 389/306/260 33/30/261 
f 390/156/262 391/307/263 392/265/264 
f 391/307/263 393/267/265 392/265/264 
f 392/265/264 393/267/265 394/266/266 
f 395/308/267 396/309/268 50/47/269 
f 396/309/268 397/310/270 50/47/269 
f 50/47/269 397/310/270 51/48/271 
f 55/52/272 57/54/273 398/275/274 
f 57/54/273 399/277/275 398/275/274 
f 398/275/274 399/277/275 102/276/276 
f 59/56/277 400/311/278 60/57/279 
f 400/311/278 401/312/280 60/57/279 
f 60/57/279 401/312/280 402/313/281 
f 310/252/282 403/314/283 122/123/284 
f 403/314/283 404/315/285 122/123/284 
f 122/123/284 404/315/285 71/68/286 
f 91/316/287 405/317/288 406/318/289 
f 405/317/288 407/319/290 406/318/289 
f 406/318/289 407/319/290 408/320/291 
f 409/321/292 85/84/293 410/181/294 
f 85/84/293 49/83/295 410/181/294 
f 410/181/294 49/83/295 53/182/296 
f 411/322/297 64/61/298 412/174/299 
f 64/61/298 66/63/300 412/174/299 
f 412/174/299 66/63/300 413/175/301 
f 414/282/302 415/280/303 416/281/304 
f 415/280/303 417/279/305 416/281/304 
f 416/281/304 417/279/305 418/323/306 
f 94/93/307 93/92/308 419/324/309 
f 93/92/308 420/325/310 419/324/309 
f 419/324/309 420/325/310 421/194/311 
f 422/326/312 106/105/313 423/192/314 
f 106/105/313 105/104/315 423/192/314 
f 423/192/314 105/104/315 290/186/316 
f 424/327/317 425/328/318 426/329/319 
f 425/328/318 427/330/320 426/329/319 
f 426/329/319 427/330/320 428/331/321 
f 120/121/322 119/120/323 429/332/324 
f 119/120/323 135/333/325 429/332/324 
f 429/332/324 135/333/325 134/334/326 
f 308/198/327 81/78/328 430/335/329 
f 81/78/328 80/77/330 430/335/329 
f 430/335/329 80/77/330 431/179/331 
f 110/111/332 73/70/333 119/177/334 
f 73/70/333 75/72/335 119/177/334 
f 119/177/334 75/72/335 135/176/336 
f 432/336/337 78/75/338 433/337/339 
f 78/75/338 77/74/340 433/337/339 
f 433/337/339 77/74/340 79/338/341 
f 434/339/342 435/340/343 436/341/344 
f 435/340/343 437/342/345 436/341/344 
f 436/341/344 437/342/345 438/343/346 
f 439/344/347 127/286/348 440/345/349 
f 127/286/348 126/346/350 440/345/349 
f 440/345/349 126/346/350 435/347/351 
f 435/347/352 434/348/353 440/345/354 
f 434/348/353 441/349/355 440/345/354 
f 440/345/354 441/349/355 439/344/356 
f 413/283/357 125/285/358 442/284/359 
f 125/285/358 127/286/360 442/284/359 
f 442/284/359 127/286/360 443/350/361 
f 444/351/362 129/130/363 445/352/364 
f 129/130/363 128/129/365 445/352/364 
f 445/352/364 128/129/365 446/353/366 
f 447/354/367 448/355/368 316/356/369 
f 448/355/368 449/357/370 316/356/369 
f 316/356/369 449/357/370 317/358/371 
f 404/359/372 447/354/373 71/360/374 
f 447/354/373 316/356/375 71/360/374 
f 71/360/374 316/356/375 70/361/376 
f 450/362/377 451/363/378 452/364/379 
f 451/363/378 453/365/380 452/364/379 
f 452/364/379 453/365/380 76/366/381 
f 143/30/382 454/306/383 144/29/384 
f 454/306/383 455/305/385 144/29/384 
f 144/29/384 455/305/385 456/304/386 
f 457/367/387 458/368/388 459/369/389 
f 458/368/388 460/370/390 459/369/389 
f 459/369/389 460/370/390 461/371/391 
f 326/32/392 462/372/393 463/373/394 
f 462/372/393 464/374/395 463/373/394 
f 463/373/394 464/374/395 465/375/396 
f 176/172/397 175/171/398 167/163/399 
f 175/171/398 466/234/400 167/163/399 
f 167/163/399 466/234/400 168/164/401 
f 252/334/402 190/333/403 467/332/404 
f 190/333/403 192/120/405 467/332/404 
f 467/332/404 192/120/405 468/121/406 
f 469/320/407 470/319/408 471/318/409 
f 470/319/408 472/317/410 471/318/409 
f 471/318/409 472/317/410 205/316/411 
f 473/321/412 199/181/413 474/84/414 
f 199/181/413 201/83/415 474/84/414 
f 474/84/414 201/83/415 172/82/416 
f 475/322/417 185/174/418 476/61/419 
f 185/174/418 184/63/420 476/61/419 
f 476/61/419 184/63/420 477/62/421 
f 218/190/422 217/189/423 235/199/424 
f 217/189/423 478/376/425 235/199/424 
f 235/199/424 478/376/425 236/200/426 
f 479/326/427 221/192/428 480/105/429 
f 221/192/428 220/104/430 480/105/429 
f 480/105/429 220/104/430 481/103/431 
f 482/313/432 483/312/433 179/57/434 
f 483/312/433 484/311/435 179/57/434 
f 179/57/434 484/311/435 180/56/436 
f 238/202/437 237/201/438 485/337/439 
f 237/201/438 486/338/440 485/337/439 
f 485/337/439 486/338/440 487/74/441 
f 237/78/442 230/198/443 488/335/444 
f 230/198/443 229/197/445 488/335/444 
f 488/335/444 229/197/445 489/377/446 
f 226/111/447 192/177/448 490/70/449 
f 192/177/448 191/72/450 490/70/449 
f 490/70/449 191/72/450 491/71/451 
f 241/206/452 240/205/453 492/378/454 
f 240/205/453 493/379/455 492/378/454 
f 492/378/454 493/379/455 494/380/456 
f 359/286/457 495/344/458 496/345/459 
f 495/344/458 497/349/460 496/345/459 
f 496/345/459 497/349/460 498/348/461 
f 498/348/462 499/347/463 496/345/464 
f 499/347/463 500/346/465 496/345/464 
f 496/345/464 500/346/465 359/286/466 
f 358/381/467 501/382/468 186/383/469 
f 501/382/468 502/384/470 186/383/469 
f 186/383/469 502/384/470 184/385/471 
f 190/386/472 252/217/473 244/210/474 
f 252/217/473 251/216/475 244/210/474 
f 244/210/474 251/216/475 245/211/476 
f 503/365/477 504/387/478 505/388/479 
f 504/387/478 506/389/480 505/388/479 
f 505/388/479 506/389/480 507/390/481 
f 508/391/482 509/392/483 510/393/484 
f 509/392/483 511/394/485 510/393/484 
f 510/393/484 511/394/485 512/395/486 
f 367/396/487 366/397/488 513/398/489 
f 366/397/488 514/399/490 513/398/489 
f 513/398/489 514/399/490 515/400/491 
f 507/390/492 516/401/493 505/388/494 
f 516/401/493 517/402/495 505/388/494 
f 505/388/494 517/402/495 503/365/496 
f 518/403/497 519/404/498 520/405/499 
f 519/404/498 521/293/500 520/405/499 
f 520/405/499 521/293/500 522/291/501 
f 521/293/500 523/292/502 522/291/501 
f 524/406/503 525/407/504 526/408/505 
f 525/407/504 527/409/506 526/408/505 
f 526/408/505 527/409/506 394/266/507 
f 527/409/506 392/265/508 394/266/507 
f 40/37/509 528/410/510 529/411/511 
f 528/410/510 530/412/512 529/411/511 
f 529/411/511 530/412/512 531/413/513 
f 530/412/512 35/32/514 531/413/513 
f 532/414/515 533/157/516 534/150/517 
f 533/157/516 390/156/518 534/150/517 
f 534/150/517 390/156/518 535/415/519 
f 390/156/518 392/265/520 535/415/519 
f 536/204/521 537/206/522 538/205/523 
f 537/206/522 539/378/524 538/205/523 
f 538/205/523 539/378/524 540/379/525 
f 539/378/524 541/380/526 540/379/525 
f 438/343/527 542/416/528 436/341/529 
f 542/416/528 543/417/530 436/341/529 
f 436/341/529 543/417/530 434/339/531 
f 543/417/530 441/418/532 434/339/531 
f 544/419/533 134/135/534 545/420/535 
f 134/135/534 136/137/536 545/420/535 
f 545/420/535 136/137/536 546/421/537 
f 136/137/536 547/422/538 546/421/537 
f 512/395/539 548/423/540 510/393/541 
f 548/423/540 453/424/542 510/393/541 
f 510/393/541 453/424/542 508/391/543 
f 453/424/542 451/425/544 508/391/543 
f 549/426/545 550/427/546 551/428/547 
f 550/427/546 552/426/548 551/428/547 
f 551/428/547 552/426/548 553/370/549 
f 552/426/548 554/368/550 553/370/549 
f 330/273/551 20/429/552 147/271/553 
f 20/429/552 19/273/554 147/271/553 
f 147/271/553 19/273/554 555/272/555 
f 19/273/554 42/274/556 555/272/555 
f 556/336/557 222/430/558 557/251/559 
f 222/430/558 224/249/560 557/251/559 
f 557/251/559 224/249/560 558/250/561 
f 224/249/560 559/248/562 558/250/561 
f 223/194/563 560/325/564 561/324/565 
f 560/325/564 562/92/566 561/324/565 
f 561/324/565 562/92/566 563/93/567 
f 562/92/566 564/91/568 563/93/567 
f 565/431/569 566/432/570 567/433/571 
f 566/432/570 189/434/572 567/433/571 
f 567/433/571 189/434/572 243/435/573 
f 189/434/572 187/436/574 243/435/573 
f 515/400/575 568/437/576 513/398/577 
f 568/437/576 569/438/578 513/398/577 
f 513/398/577 569/438/578 367/396/579 
f 569/438/578 570/439/580 367/396/579 
f 486/262/581 571/261/582 572/263/583 
f 571/261/582 573/440/584 572/263/583 
f 572/263/583 573/440/584 574/441/585 
f 573/440/584 575/363/586 574/441/585 
f 487/442/587 486/262/588 576/264/589 
f 486/262/588 572/263/590 576/264/589 
f 576/264/589 572/263/590 577/443/591 
f 572/263/590 574/441/592 577/443/591 
f 330/17/593 578/444/594 579/445/595 
f 578/444/594 580/405/596 579/445/595 
f 579/445/595 580/405/596 581/403/597 
f 580/405/596 582/404/598 581/403/597 
f 581/403/597 582/404/598 583/26/599 
f 384/301/600 584/27/601 585/446/602 
f 584/27/601 372/25/603 585/446/602 
f 585/446/602 372/25/603 586/447/604 
f 372/25/603 371/14/605 586/447/604 
f 586/447/604 371/14/605 587/448/606 
f 588/13/607 4/4/608 589/449/609 
f 4/4/608 6/6/610 589/449/609 
f 589/449/609 6/6/610 590/450/611 
f 6/6/610 5/5/612 590/450/611 
f 590/450/611 5/5/612 591/451/613 
f 592/452/614 593/3/615 594/1/616 
f 593/3/615 25/2/617 594/1/616 
f 594/1/616 25/2/617 29/26/618 
f 25/2/617 27/24/619 29/26/618 
f 29/26/618 27/24/619 30/27/620 
f 263/227/621 595/298/622 264/228/623 
f 595/298/622 596/297/624 264/228/623 
f 264/228/623 596/297/624 597/451/625 
f 596/297/624 598/453/626 597/451/625 
f 597/451/625 598/453/626 599/454/627 
f 528/410/628 600/455/629 530/412/630 
f 600/455/629 601/373/631 530/412/630 
f 530/412/630 601/373/631 35/32/632 
f 601/373/631 602/372/633 35/32/632 
f 35/32/632 602/372/633 36/33/634 
f 43/40/635 603/162/636 604/456/637 
f 603/162/636 57/54/638 604/456/637 
f 604/456/637 57/54/638 605/457/639 
f 57/54/638 56/53/640 605/457/639 
f 605/457/639 56/53/640 606/458/641 
f 396/167/642 395/166/643 607/165/644 
f 395/166/643 608/459/645 607/165/644 
f 607/165/644 608/459/645 609/460/646 
f 608/459/645 84/461/647 609/460/646 
f 609/460/646 84/461/647 83/462/648 
f 118/119/649 117/118/650 610/463/651 
f 117/118/650 611/464/652 610/463/651 
f 610/463/651 611/464/652 295/243/653 
f 611/464/652 612/465/654 295/243/653 
f 295/243/653 612/465/654 294/242/655 
f 288/239/656 282/184/657 613/466/658 
f 282/184/657 284/237/659 613/466/658 
f 613/466/658 284/237/659 614/467/660 
f 284/237/659 285/238/661 614/467/660 
f 614/467/660 285/238/661 615/468/662 
f 612/469/663 616/470/664 294/471/665 
f 616/470/664 61/58/666 294/471/665 
f 294/471/665 61/58/666 292/472/667 
f 61/58/666 63/60/668 292/472/667 
f 292/472/667 63/60/668 65/473/669 
f 100/99/670 617/474/671 98/97/672 
f 617/474/671 618/475/673 98/97/672 
f 98/97/672 618/475/673 82/79/674 
f 618/475/673 619/476/675 82/79/674 
f 82/79/674 619/476/675 83/80/676 
f 99/98/677 98/97/678 620/477/679 
f 98/97/678 82/79/680 620/477/679 
f 620/477/679 82/79/680 621/478/681 
f 82/79/680 84/81/682 621/478/681 
f 621/478/681 84/81/682 608/479/683 
f 428/480/684 113/114/685 426/481/686 
f 113/114/685 115/116/687 426/481/686 
f 426/481/686 115/116/687 424/482/688 
f 115/116/687 622/483/689 424/482/688 
f 424/482/688 622/483/689 623/484/690 
f 71/68/691 70/67/692 121/122/693 
f 70/67/692 624/200/694 121/122/693 
f 121/122/693 624/200/694 299/199/695 
f 624/200/694 625/376/696 299/199/695 
f 299/199/695 625/376/696 298/189/697 
f 626/485/698 120/121/699 627/486/700 
f 120/121/699 429/332/701 627/486/700 
f 627/486/700 429/332/701 628/487/702 
f 429/332/701 134/334/703 628/487/702 
f 628/487/702 134/334/703 544/488/704 
f 129/489/705 403/490/706 130/257/707 
f 403/490/706 69/491/708 130/257/707 
f 130/257/707 69/491/708 315/259/709 
f 69/491/708 68/492/710 315/259/709 
f 315/259/709 68/492/710 318/260/711 
f 318/260/712 317/208/713 315/259/714 
f 317/208/713 449/493/715 315/259/714 
f 315/259/714 449/493/715 314/258/716 
f 449/493/715 446/494/717 314/258/716 
f 314/258/716 446/494/717 128/256/718 
f 74/495/719 131/132/720 629/496/721 
f 131/132/720 133/134/722 629/496/721 
f 629/496/721 133/134/722 630/497/723 
f 133/134/722 631/498/724 630/497/723 
f 630/497/723 631/498/724 632/499/725 
f 52/500/726 54/501/727 139/502/728 
f 54/501/727 633/503/729 139/502/728 
f 139/502/728 633/503/729 365/504/730 
f 633/503/729 634/505/731 365/504/730 
f 365/504/730 634/505/731 364/506/732 
f 364/220/733 607/165/734 138/141/735 
f 607/165/734 609/460/736 138/141/735 
f 138/141/735 609/460/736 52/49/737 
f 609/460/736 83/462/738 52/49/737 
f 52/49/737 83/462/738 53/50/739 
f 431/507/740 80/261/741 635/440/742 
f 80/261/741 142/263/743 635/440/742 
f 635/440/742 142/263/743 636/441/744 
f 142/263/743 141/443/745 636/441/744 
f 636/441/744 141/443/745 509/401/746 
f 150/151/747 637/508/748 151/152/749 
f 637/508/748 158/159/750 151/152/749 
f 151/152/749 158/159/750 638/509/751 
f 158/159/750 157/158/752 638/509/751 
f 638/509/751 157/158/752 639/409/753 
f 149/150/754 151/152/755 640/415/756 
f 151/152/755 638/509/757 640/415/756 
f 640/415/756 638/509/757 323/265/758 
f 638/509/757 639/409/759 323/265/758 
f 323/265/758 639/409/759 324/266/760 
f 569/51/761 200/50/762 570/49/763 
f 200/50/762 197/462/764 570/49/763 
f 570/49/763 197/462/764 641/460/765 
f 197/462/764 196/461/766 641/460/765 
f 641/460/765 196/461/766 642/459/767 
f 643/458/768 174/53/769 644/457/770 
f 174/53/769 163/54/771 644/457/770 
f 644/457/770 163/54/771 645/456/772 
f 163/54/771 165/162/773 645/456/772 
f 645/456/772 165/162/773 646/40/774 
f 207/88/775 647/474/776 205/90/777 
f 647/474/776 648/475/778 205/90/777 
f 205/90/777 648/475/778 471/510/779 
f 648/475/778 649/476/780 471/510/779 
f 471/510/779 649/476/780 469/511/781 
f 477/473/782 183/60/783 339/472/784 
f 183/60/783 182/58/785 339/472/784 
f 339/472/784 182/58/785 340/471/786 
f 182/58/785 650/470/787 340/471/786 
f 340/471/786 650/470/787 651/469/788 
f 250/488/789 252/334/790 652/487/791 
f 252/334/790 467/332/792 652/487/791 
f 652/487/791 467/332/792 653/486/793 
f 467/332/792 468/121/794 653/486/793 
f 653/486/793 468/121/794 654/485/795 
f 655/484/796 656/483/797 657/482/798 
f 656/483/797 232/116/799 657/482/798 
f 657/482/798 232/116/799 658/481/800 
f 232/116/799 231/114/801 658/481/800 
f 658/481/800 231/114/801 659/480/802 
f 236/200/803 187/67/804 234/122/805 
f 187/67/804 189/68/806 234/122/805 
f 234/122/805 189/68/806 660/123/807 
f 189/68/806 566/315/808 660/123/807 
f 660/123/807 566/315/808 661/314/809 
f 655/512/810 657/327/811 662/328/812 
f 657/327/811 658/329/813 662/328/812 
f 662/328/812 658/329/813 663/330/814 
f 658/329/813 659/331/815 663/330/814 
f 663/330/814 659/331/815 664/513/816 
f 497/514/817 665/515/818 498/516/819 
f 665/515/818 666/517/820 498/516/819 
f 498/516/819 666/517/820 499/518/821 
f 666/517/820 667/519/822 499/518/821 
f 499/518/821 667/519/822 500/520/823 
f 361/521/824 668/522/825 363/523/826 
f 668/522/825 669/524/827 363/523/826 
f 363/523/826 669/524/827 670/525/828 
f 669/524/827 671/526/829 670/525/828 
f 670/525/828 671/526/829 672/527/830 
f 673/260/831 674/492/832 360/259/833 
f 674/492/832 675/491/834 360/259/833 
f 360/259/833 675/491/834 361/257/835 
f 675/491/834 661/490/836 361/257/835 
f 361/257/835 661/490/836 668/489/837 
f 491/495/838 191/139/839 676/496/840 
f 191/139/839 253/140/841 676/496/840 
f 676/496/840 253/140/841 677/497/842 
f 253/140/841 678/528/843 677/497/842 
f 677/497/842 678/528/843 679/499/844 
f 367/142/845 570/49/846 255/141/847 
f 570/49/846 641/460/848 255/141/847 
f 255/141/847 641/460/848 169/165/849 
f 641/460/848 642/459/850 169/165/849 
f 169/165/849 642/459/850 170/166/851 
f 632/499/852 680/528/853 630/497/854 
f 680/528/853 137/140/855 630/497/854 
f 630/497/854 137/140/855 629/496/856 
f 137/140/855 75/139/857 629/496/856 
f 629/496/856 75/139/857 74/495/858 
f 509/401/859 508/402/860 636/441/861 
f 508/402/860 451/363/862 636/441/861 
f 636/441/861 451/363/862 635/440/863 
f 451/363/862 450/362/864 635/440/863 
f 635/440/863 450/362/864 431/507/865 
f 679/499/866 681/498/867 677/497/868 
f 681/498/867 248/134/869 677/497/868 
f 677/497/868 248/134/869 676/496/870 
f 248/134/869 247/132/871 676/496/870 
f 676/496/870 247/132/871 491/495/872 
f 258/223/873 682/222/874 14/11/875 
f 682/222/874 683/529/876 14/11/875 
f 14/11/875 683/529/876 15/13/877 
f 683/529/876 684/449/878 15/13/877 
f 15/13/877 684/449/878 13/4/879 
f 684/449/878 685/6/880 13/4/879 
f 686/530/881 687/531/882 688/532/883 
f 687/531/882 689/533/884 688/532/883 
f 688/532/883 689/533/884 690/534/885 
f 689/533/884 691/535/886 690/534/885 
f 690/534/885 691/535/886 692/155/887 
f 691/535/886 693/154/888 692/155/887 
f 694/196/889 308/198/890 695/197/891 
f 308/198/890 430/335/892 695/197/891 
f 695/197/891 430/335/892 696/377/893 
f 430/335/892 431/179/894 696/377/893 
f 696/377/893 431/179/894 697/180/895 
f 431/179/894 450/178/896 697/180/895 
f 305/249/897 698/430/898 307/251/899 
f 698/430/898 432/336/900 307/251/899 
f 307/251/899 432/336/900 309/202/901 
f 432/336/900 433/337/902 309/202/901 
f 309/202/901 433/337/902 81/201/903 
f 433/337/902 79/338/904 81/201/903 
f 699/536/905 700/537/906 701/538/907 
f 700/537/906 702/539/908 701/538/907 
f 701/538/907 702/539/908 703/540/909 
f 702/539/908 704/541/910 703/540/909 
f 703/540/909 704/541/910 68/65/911 
f 704/541/910 318/542/912 68/65/911 
f 700/537/913 625/543/914 702/539/915 
f 625/543/914 624/544/916 702/539/915 
f 702/539/915 624/544/916 704/541/917 
f 624/544/916 70/545/918 704/541/917 
f 704/541/917 70/545/918 318/542/919 
f 70/545/918 72/546/920 318/542/919 
f 154/155/921 458/368/922 152/153/923 
f 458/368/922 457/367/924 152/153/923 
f 152/153/923 457/367/924 705/547/925 
f 457/367/924 706/406/926 705/547/925 
f 705/547/925 706/406/926 707/407/927 
f 706/406/926 708/408/928 707/407/927 
f 709/42/929 710/548/930 711/549/931 
f 710/548/930 712/411/932 711/549/931 
f 711/549/931 712/411/932 713/37/933 
f 712/411/932 714/410/934 713/37/933 
f 713/37/933 714/410/934 331/39/935 
f 714/410/934 715/550/936 331/39/935 
f 208/183/937 716/239/938 209/184/939 
f 716/239/938 717/466/940 209/184/939 
f 209/184/939 717/466/940 336/237/941 
f 717/466/940 718/467/942 336/237/941 
f 336/237/941 718/467/942 338/238/943 
f 718/467/942 719/468/944 338/238/943 
f 720/99/945 721/98/946 722/97/947 
f 721/98/946 723/477/948 722/97/947 
f 722/97/947 723/477/948 198/79/949 
f 723/477/948 724/478/950 198/79/949 
f 198/79/949 724/478/950 196/81/951 
f 724/478/950 642/479/952 196/81/951 
f 725/117/953 726/119/954 727/118/955 
f 726/119/954 728/463/956 727/118/955 
f 727/118/955 728/463/956 729/464/957 
f 728/463/956 342/243/958 729/464/957 
f 729/464/957 342/243/958 651/465/959 
f 342/243/958 340/242/960 651/465/959 
f 239/204/961 195/180/962 489/377/963 
f 195/180/962 194/179/964 489/377/963 
f 489/377/963 194/179/964 488/335/965 
f 194/179/964 571/77/966 488/335/965 
f 488/335/965 571/77/966 237/78/967 
f 571/77/966 486/76/968 237/78/967 
f 363/256/969 670/494/970 362/258/971 
f 670/494/970 672/493/972 362/258/971 
f 362/258/971 672/493/972 360/259/973 
f 672/493/972 242/208/974 360/259/973 
f 360/259/973 242/208/974 673/260/975 
f 242/208/974 187/207/976 673/260/975 
f 730/224/977 375/225/978 731/226/979 
f 375/225/978 374/23/980 731/226/979 
f 731/226/979 374/23/980 732/24/981 
f 374/23/980 2/2/982 732/24/981 
f 732/24/981 2/2/982 583/26/983 
f 2/2/982 1/1/984 583/26/983 
f 583/26/983 1/1/984 581/403/985 
f 733/444/986 19/17/987 734/445/988 
f 19/17/987 21/19/989 734/445/988 
f 734/445/988 21/19/989 735/300/990 
f 21/19/989 381/299/991 735/300/990 
f 735/300/990 381/299/991 736/551/992 
f 381/299/991 383/300/993 736/551/992 
f 736/551/992 383/300/993 737/22/994 
f 535/415/995 392/265/996 738/509/997 
f 392/265/996 527/409/998 738/509/997 
f 738/509/997 527/409/998 739/158/999 
f 527/409/998 525/407/1000 739/158/999 
f 739/158/999 525/407/1000 740/547/1001 
f 525/407/1000 524/406/1002 740/547/1001 
f 740/547/1001 524/406/1002 741/367/1003 
f 40/37/1004 42/39/1005 528/410/1006 
f 42/39/1005 742/550/1007 528/410/1006 
f 528/410/1006 742/550/1007 600/455/1008 
f 742/550/1007 329/552/1009 600/455/1008 
f 600/455/1008 329/552/1009 743/553/1010 
f 329/552/1009 328/554/1011 743/553/1010 
f 743/553/1010 328/554/1011 327/552/1012 
f 19/273/1013 733/555/1014 42/274/1015 
f 733/555/1014 522/556/1016 42/274/1015 
f 42/274/1015 522/556/1016 742/557/1017 
f 522/556/1016 523/558/1018 742/557/1017 
f 742/557/1017 523/558/1018 329/268/1019 
f 523/558/1018 18/559/1020 329/268/1019 
f 329/268/1019 18/559/1020 17/270/1021 
f 47/44/1022 276/163/1023 48/45/1024 
f 276/163/1023 744/560/1025 48/45/1024 
f 48/45/1024 744/560/1025 745/561/1026 
f 744/560/1025 746/562/1027 745/561/1026 
f 745/561/1026 746/562/1027 747/563/1028 
f 746/562/1027 748/564/1029 747/563/1028 
f 747/563/1028 748/564/1029 749/565/1030 
f 301/245/1031 750/566/1032 303/247/1033 
f 750/566/1032 751/567/1034 303/247/1033 
f 303/247/1033 751/567/1034 312/568/1035 
f 751/567/1034 67/64/1036 312/568/1035 
f 312/568/1035 67/64/1036 310/569/1037 
f 67/64/1036 69/66/1038 310/569/1037 
f 310/569/1037 69/66/1038 403/570/1039 
f 544/488/1040 132/571/1041 628/487/1042 
f 132/571/1041 123/572/1043 628/487/1042 
f 628/487/1042 123/572/1043 627/486/1044 
f 123/572/1043 108/573/1045 627/486/1044 
f 627/486/1044 108/573/1045 626/485/1046 
f 108/573/1045 58/574/1047 626/485/1046 
f 626/485/1046 58/574/1047 302/575/1048 
f 279/278/1049 278/576/1050 752/577/1051 
f 278/576/1050 114/578/1052 752/577/1051 
f 752/577/1051 114/578/1052 753/579/1053 
f 114/578/1052 113/580/1054 753/579/1053 
f 753/579/1053 113/580/1054 88/87/1055 
f 113/580/1054 428/581/1056 88/87/1055 
f 88/87/1055 428/581/1056 86/85/1057 
f 96/582/1058 95/583/1059 754/584/1060 
f 95/583/1059 755/585/1061 754/584/1060 
f 754/584/1060 755/585/1061 409/321/1062 
f 755/585/1061 756/586/1063 409/321/1062 
f 409/321/1062 756/586/1063 85/84/1064 
f 756/586/1063 395/587/1065 85/84/1064 
f 85/84/1064 395/587/1065 50/82/1066 
f 110/109/1067 120/121/1068 111/110/1069 
f 120/121/1068 626/485/1070 111/110/1069 
f 111/110/1069 626/485/1070 757/588/1071 
f 626/485/1070 302/575/1072 757/588/1071 
f 757/588/1071 302/575/1072 313/255/1073 
f 302/575/1072 303/589/1074 313/255/1073 
f 313/255/1073 303/589/1074 312/254/1075 
f 110/111/1076 112/113/1077 73/70/1078 
f 112/113/1077 758/590/1079 73/70/1078 
f 73/70/1078 758/590/1079 74/71/1080 
f 758/590/1079 124/125/1081 74/71/1080 
f 74/71/1080 124/125/1081 131/591/1082 
f 124/125/1081 123/124/1083 131/591/1082 
f 131/591/1082 123/124/1083 132/592/1084 
f 435/340/1085 126/127/1086 437/342/1087 
f 126/127/1086 125/126/1088 437/342/1087 
f 437/342/1087 125/126/1088 438/343/1089 
f 125/126/1088 413/593/1090 438/343/1089 
f 438/343/1089 413/593/1090 542/416/1091 
f 413/593/1090 66/594/1092 542/416/1091 
f 542/416/1091 66/594/1092 543/417/1093 
f 443/350/1094 127/286/1095 62/595/1096 
f 127/286/1095 439/344/1097 62/595/1096 
f 62/595/1096 439/344/1097 63/596/1098 
f 439/344/1097 441/349/1099 63/596/1098 
f 63/596/1098 441/349/1099 65/597/1100 
f 441/349/1099 543/598/1101 65/597/1100 
f 65/597/1100 543/598/1101 66/599/1102 
f 403/600/1103 129/130/1104 404/359/1105 
f 129/130/1104 444/351/1106 404/359/1105 
f 404/359/1105 444/351/1106 447/354/1107 
f 444/351/1106 445/352/1108 447/354/1107 
f 447/354/1107 445/352/1108 448/355/1109 
f 445/352/1108 446/353/1110 448/355/1109 
f 448/355/1109 446/353/1110 449/357/1111 
f 646/40/1112 709/42/1113 759/41/1114 
f 709/42/1113 711/549/1115 759/41/1114 
f 759/41/1114 711/549/1115 760/601/1116 
f 711/549/1115 713/37/1117 760/601/1116 
f 760/601/1116 713/37/1117 148/38/1118 
f 713/37/1117 331/39/1119 148/38/1118 
f 148/38/1118 331/39/1119 146/148/1120 
f 17/270/1121 761/559/1122 327/268/1123 
f 761/559/1122 369/558/1124 327/268/1123 
f 327/268/1123 369/558/1124 715/557/1125 
f 369/558/1124 368/602/1126 715/557/1125 
f 715/557/1125 368/602/1126 331/274/1127 
f 368/602/1126 578/555/1128 331/274/1127 
f 331/274/1127 578/555/1128 330/273/1129 
f 333/276/1130 177/173/1131 335/235/1132 
f 177/173/1131 176/172/1133 335/235/1132 
f 335/235/1132 176/172/1133 762/560/1134 
f 176/172/1133 167/163/1135 762/560/1134 
f 762/560/1134 167/163/1135 160/45/1136 
f 167/163/1135 166/44/1137 160/45/1136 
f 160/45/1136 166/44/1137 161/43/1138 
f 763/323/1139 764/536/1140 765/537/1141 
f 764/536/1140 766/538/1142 765/537/1141 
f 765/537/1141 766/538/1142 767/539/1143 
f 766/538/1142 768/540/1144 767/539/1143 
f 767/539/1143 768/540/1144 769/541/1145 
f 768/540/1144 674/65/1146 769/541/1145 
f 769/541/1145 674/65/1146 673/542/1147 
f 661/570/1148 675/66/1149 353/569/1150 
f 675/66/1149 770/64/1151 353/569/1150 
f 353/569/1150 770/64/1151 354/568/1152 
f 770/64/1151 771/567/1153 354/568/1152 
f 354/568/1152 771/567/1153 345/247/1154 
f 771/567/1153 772/566/1155 345/247/1154 
f 345/247/1154 772/566/1155 346/245/1156 
f 172/82/1157 170/587/1158 474/84/1159 
f 170/587/1158 773/586/1160 474/84/1159 
f 474/84/1159 773/586/1160 473/321/1161 
f 773/586/1160 774/585/1162 473/321/1161 
f 473/321/1161 774/585/1162 775/584/1163 
f 774/585/1162 216/583/1164 775/584/1163 
f 775/584/1163 216/583/1164 215/582/1165 
f 204/85/1166 659/581/1167 202/87/1168 
f 659/581/1167 231/580/1169 202/87/1168 
f 202/87/1168 231/580/1169 776/579/1170 
f 231/580/1169 233/578/1171 776/579/1170 
f 776/579/1170 233/578/1171 777/577/1172 
f 233/578/1171 175/576/1173 777/577/1172 
f 777/577/1172 175/576/1173 177/278/1174 
f 347/575/1175 178/574/1176 654/485/1177 
f 178/574/1176 778/573/1178 654/485/1177 
f 654/485/1177 778/573/1178 653/486/1179 
f 778/573/1178 779/572/1180 653/486/1179 
f 653/486/1179 779/572/1180 652/487/1181 
f 779/572/1180 249/571/1182 652/487/1181 
f 652/487/1181 249/571/1182 250/488/1183 
f 228/603/1184 230/203/1185 557/251/1186 
f 230/203/1185 238/202/1187 557/251/1186 
f 557/251/1186 238/202/1187 556/336/1188 
f 238/202/1187 485/337/1189 556/336/1188 
f 556/336/1188 485/337/1189 780/75/1190 
f 485/337/1189 487/74/1191 780/75/1190 
f 780/75/1190 487/74/1191 781/73/1192 
f 349/279/1193 478/543/1194 350/280/1195 
f 478/543/1194 217/604/1196 350/280/1195 
f 350/280/1195 217/604/1196 352/282/1197 
f 217/604/1196 219/605/1198 352/282/1197 
f 352/282/1197 219/605/1198 782/606/1199 
f 219/605/1198 783/607/1200 782/606/1199 
f 782/606/1199 783/607/1200 727/608/1201 
f 359/609/1202 500/520/1203 358/381/1204 
f 500/520/1203 667/519/1205 358/381/1204 
f 358/381/1204 667/519/1205 501/382/1206 
f 667/519/1205 666/517/1207 501/382/1206 
f 501/382/1206 666/517/1207 502/384/1208 
f 666/517/1207 665/515/1209 502/384/1208 
f 502/384/1208 665/515/1209 184/385/1210 
f 509/392/1211 141/144/1212 511/394/1213 
f 141/144/1212 140/143/1214 511/394/1213 
f 511/394/1213 140/143/1214 512/395/1215 
f 140/143/1214 77/147/1216 512/395/1215 
f 512/395/1215 77/147/1216 548/423/1217 
f 77/147/1216 76/610/1218 548/423/1217 
f 548/423/1217 76/610/1218 453/424/1219 
f 53/611/1220 83/80/1221 408/511/1222 
f 83/80/1221 619/476/1223 408/511/1222 
f 408/511/1222 619/476/1223 406/510/1224 
f 619/476/1223 618/475/1225 406/510/1224 
f 406/510/1224 618/475/1225 91/90/1226 
f 618/475/1225 617/474/1227 91/90/1226 
f 91/90/1226 617/474/1227 89/88/1228 
f 617/474/1227 100/99/1229 89/88/1228 
f 607/612/1230 364/506/1231 396/309/1232 
f 364/506/1231 634/505/1233 396/309/1232 
f 396/309/1232 634/505/1233 397/310/1234 
f 634/505/1233 633/503/1235 397/310/1234 
f 397/310/1234 633/503/1235 51/48/1236 
f 633/503/1235 54/501/1237 51/48/1236 
f 51/48/1236 54/501/1237 49/46/1238 
f 54/501/1237 53/613/1239 49/46/1238 
f 200/611/1240 469/511/1241 197/80/1242 
f 469/511/1241 649/476/1243 197/80/1242 
f 197/80/1242 649/476/1243 198/79/1244 
f 649/476/1243 648/475/1245 198/79/1244 
f 198/79/1244 648/475/1245 722/97/1246 
f 648/475/1245 647/474/1247 722/97/1246 
f 722/97/1246 647/474/1247 720/99/1248 
f 647/474/1247 207/88/1249 720/99/1248 
f 726/119/1250 204/614/1251 728/463/1252 
f 204/614/1251 203/615/1253 728/463/1252 
f 728/463/1252 203/615/1253 342/243/1254 
f 203/615/1253 475/322/1255 342/243/1254 
f 342/243/1254 475/322/1255 341/241/1256 
f 475/322/1255 476/61/1257 341/241/1256 
f 341/241/1256 476/61/1257 339/240/1258 
f 476/61/1257 477/62/1259 339/240/1258 
f 227/112/1260 226/111/1261 784/113/1262 
f 226/111/1261 490/70/1263 784/113/1262 
f 784/113/1262 490/70/1263 785/590/1264 
f 490/70/1263 491/71/1265 785/590/1264 
f 785/590/1264 491/71/1265 786/125/1266 
f 491/71/1265 247/591/1267 786/125/1266 
f 786/125/1266 247/591/1267 779/124/1268 
f 247/591/1267 249/592/1269 779/124/1268 
f 192/120/1270 226/109/1271 468/121/1272 
f 226/109/1271 225/110/1273 468/121/1272 
f 468/121/1272 225/110/1273 654/485/1274 
f 225/110/1273 787/588/1275 654/485/1274 
f 654/485/1274 787/588/1275 347/575/1276 
f 787/588/1275 356/255/1277 347/575/1276 
f 347/575/1276 356/255/1277 345/589/1278 
f 356/255/1277 354/254/1279 345/589/1278 
f 184/599/1280 665/598/1281 477/597/1282 
f 665/598/1281 497/349/1283 477/597/1282 
f 477/597/1282 497/349/1283 183/596/1284 
f 497/349/1283 495/344/1285 183/596/1284 
f 183/596/1284 495/344/1285 181/595/1286 
f 495/344/1285 359/286/1287 181/595/1286 
f 181/595/1286 359/286/1287 788/350/1288 
f 359/286/1287 357/284/1289 788/350/1288 
f 661/616/1290 566/432/1291 668/522/1292 
f 566/432/1291 565/431/1293 668/522/1292 
f 668/522/1292 565/431/1293 669/524/1294 
f 565/431/1293 567/433/1295 669/524/1294 
f 669/524/1294 567/433/1295 671/526/1296 
f 567/433/1295 243/435/1297 671/526/1296 
f 671/526/1296 243/435/1297 672/527/1298 
f 243/435/1297 242/617/1299 672/527/1298 
f 366/397/1300 254/219/1301 514/399/1302 
f 254/219/1301 171/169/1303 514/399/1302 
f 514/399/1302 171/169/1303 515/400/1304 
f 171/169/1303 172/168/1305 515/400/1304 
f 515/400/1304 172/168/1305 568/437/1306 
f 172/168/1305 201/618/1307 568/437/1306 
f 568/437/1306 201/618/1307 569/438/1308 
f 201/618/1307 200/619/1309 569/438/1308 
f 261/225/1310 265/7/1311 259/8/1312 
f 265/7/1311 266/9/1313 259/8/1312 
f 259/8/1312 266/9/1313 789/620/1314 
f 266/9/1313 264/228/1315 789/620/1314 
f 789/620/1314 264/228/1315 790/450/1316 
f 264/228/1315 597/451/1317 790/450/1316 
f 790/450/1316 597/451/1317 791/5/1318 
f 597/451/1317 599/454/1319 791/5/1318 
f 791/5/1318 599/454/1319 10/10/1320 
f 38/621/1321 44/41/1322 39/622/1323 
f 44/41/1322 43/40/1324 39/622/1323 
f 39/622/1323 43/40/1324 46/623/1325 
f 43/40/1324 604/456/1326 46/623/1325 
f 46/623/1325 604/456/1326 47/624/1327 
f 604/456/1326 605/457/1328 47/624/1327 
f 47/624/1327 605/457/1328 277/625/1329 
f 605/457/1328 606/458/1330 277/625/1329 
f 277/625/1329 606/458/1330 275/626/1331 
f 39/36/1332 46/43/1333 37/34/1334 
f 46/43/1333 48/45/1335 37/34/1334 
f 37/34/1334 48/45/1335 792/627/1336 
f 48/45/1335 745/561/1337 792/627/1336 
f 792/627/1336 745/561/1337 793/628/1338 
f 745/561/1337 747/563/1339 793/628/1338 
f 793/628/1338 747/563/1339 794/629/1340 
f 747/563/1339 749/565/1341 794/629/1340 
f 794/629/1340 749/565/1341 795/151/1342 
f 796/630/1343 287/183/1344 797/631/1345 
f 287/183/1344 288/239/1346 797/631/1345 
f 797/631/1345 288/239/1346 798/632/1347 
f 288/239/1346 613/466/1348 798/632/1347 
f 798/632/1347 613/466/1348 799/633/1349 
f 613/466/1348 614/467/1350 799/633/1349 
f 799/633/1349 614/467/1350 800/634/1351 
f 614/467/1350 615/468/1352 800/634/1351 
f 800/634/1351 615/468/1352 103/102/1353 
f 118/119/1354 801/513/1355 116/117/1356 
f 801/513/1355 802/635/1357 116/117/1356 
f 116/117/1356 802/635/1357 803/636/1358 
f 802/635/1357 804/637/1359 803/636/1358 
f 803/636/1358 804/637/1359 757/588/1360 
f 804/637/1359 805/638/1361 757/588/1360 
f 757/588/1360 805/638/1361 111/110/1362 
f 805/638/1361 90/639/1363 111/110/1362 
f 111/110/1362 90/639/1363 109/108/1364 
f 806/31/1365 708/408/1366 807/640/1367 
f 708/408/1366 706/406/1368 807/640/1367 
f 807/640/1367 706/406/1368 808/641/1369 
f 706/406/1368 457/367/1370 808/641/1369 
f 808/641/1369 457/367/1370 809/642/1371 
f 457/367/1370 459/369/1372 809/642/1371 
f 809/642/1371 459/369/1372 810/643/1373 
f 459/369/1372 461/371/1374 810/643/1373 
f 810/643/1373 461/371/1374 811/644/1375 
f 327/552/1376 812/455/1377 743/553/1378 
f 812/455/1377 813/645/1379 743/553/1378 
f 743/553/1378 813/645/1379 600/455/1380 
f 813/645/1379 814/375/1381 600/455/1380 
f 600/455/1380 814/375/1381 601/373/1382 
f 814/375/1381 815/374/1383 601/373/1382 
f 601/373/1382 815/374/1383 602/372/1384 
f 815/374/1383 816/646/1385 602/372/1384 
f 602/372/1384 816/646/1385 36/33/1386 
f 156/157/1387 817/414/1388 149/150/1389 
f 817/414/1388 818/565/1390 149/150/1389 
f 149/150/1389 818/565/1390 150/151/1391 
f 818/565/1390 819/629/1392 150/151/1391 
f 150/151/1391 819/629/1392 637/508/1393 
f 819/629/1392 820/647/1394 637/508/1393 
f 637/508/1393 820/647/1394 158/159/1395 
f 820/647/1394 821/233/1396 158/159/1395 
f 158/159/1395 821/233/1396 159/160/1397 
f 344/102/1398 719/468/1399 822/634/1400 
f 719/468/1399 718/467/1401 822/634/1400 
f 822/634/1400 718/467/1401 823/633/1402 
f 718/467/1401 717/466/1403 823/633/1402 
f 823/633/1402 717/466/1403 824/632/1404 
f 717/466/1403 716/239/1405 824/632/1404 
f 824/632/1404 716/239/1405 825/631/1406 
f 716/239/1405 208/183/1407 825/631/1406 
f 825/631/1406 208/183/1407 826/630/1408 
f 228/603/1409 557/251/1410 215/582/1411 
f 557/251/1410 558/250/1412 215/582/1411 
f 215/582/1411 558/250/1412 775/584/1413 
f 558/250/1412 472/317/1414 775/584/1413 
f 775/584/1413 472/317/1414 473/321/1415 
f 472/317/1414 470/319/1416 473/321/1415 
f 473/321/1415 470/319/1416 199/181/1417 
f 470/319/1416 469/320/1418 199/181/1417 
f 199/181/1417 469/320/1418 200/182/1419 
f 351/281/1420 763/323/1421 349/279/1422 
f 763/323/1421 765/537/1423 349/279/1422 
f 349/279/1422 765/537/1423 478/543/1424 
f 765/537/1423 767/539/1425 478/543/1424 
f 478/543/1424 767/539/1425 236/544/1426 
f 767/539/1425 769/541/1427 236/544/1426 
f 236/544/1426 769/541/1427 187/545/1428 
f 769/541/1427 673/542/1429 187/545/1428 
f 187/545/1428 673/542/1429 188/546/1430 
f 250/215/1431 248/214/1432 251/216/1433 
f 248/214/1432 681/648/1434 251/216/1433 
f 251/216/1433 681/648/1434 245/211/1435 
f 681/648/1434 679/649/1436 245/211/1435 
f 245/211/1435 679/649/1436 246/212/1437 
f 679/649/1436 678/650/1438 246/212/1437 
f 246/212/1437 678/650/1438 244/210/1439 
f 678/650/1438 253/651/1440 244/210/1439 
f 244/210/1439 253/651/1440 190/386/1441 
f 522/291/1442 733/444/1443 520/405/1444 
f 733/444/1443 734/445/1445 520/405/1444 
f 520/405/1444 734/445/1445 518/403/1446 
f 734/445/1445 735/300/1447 518/403/1446 
f 518/403/1446 735/300/1447 24/22/1448 
f 735/300/1447 736/551/1449 24/22/1448 
f 24/22/1448 736/551/1449 22/20/1450 
f 736/551/1449 737/22/1451 22/20/1450 
f 22/20/1450 737/22/1451 23/21/1452 
f 737/22/1451 827/452/1453 23/21/1452 
f 795/151/1454 828/508/1455 794/629/1456 
f 828/508/1455 829/647/1457 794/629/1456 
f 794/629/1456 829/647/1457 793/628/1458 
f 829/647/1457 693/154/1459 793/628/1458 
f 793/628/1458 693/154/1459 792/627/1460 
f 693/154/1459 691/535/1461 792/627/1460 
f 792/627/1460 691/535/1461 37/34/1462 
f 691/535/1461 689/533/1463 37/34/1462 
f 37/34/1462 689/533/1463 38/35/1464 
f 689/533/1463 687/531/1465 38/35/1464 
f 699/536/1466 418/323/1467 700/537/1468 
f 418/323/1467 417/279/1469 700/537/1468 
f 700/537/1468 417/279/1469 625/543/1470 
f 417/279/1469 415/280/1471 625/543/1470 
f 625/543/1470 415/280/1471 298/604/1472 
f 415/280/1471 414/282/1473 298/604/1472 
f 298/604/1472 414/282/1473 296/605/1474 
f 414/282/1473 830/606/1475 296/605/1474 
f 296/605/1474 830/606/1475 831/607/1476 
f 830/606/1475 117/608/1477 831/607/1476 
f 308/203/1478 694/603/1479 307/251/1480 
f 694/603/1479 96/582/1481 307/251/1480 
f 307/251/1480 96/582/1481 306/250/1482 
f 96/582/1481 754/584/1483 306/250/1482 
f 306/250/1482 754/584/1483 405/317/1484 
f 754/584/1483 409/321/1485 405/317/1484 
f 405/317/1484 409/321/1485 407/319/1486 
f 409/321/1485 410/181/1487 407/319/1486 
f 407/319/1486 410/181/1487 408/320/1488 
f 410/181/1487 53/182/1489 408/320/1488 
f 135/136/1490 137/652/1491 136/137/1492 
f 137/652/1491 680/653/1493 136/137/1492 
f 136/137/1492 680/653/1493 547/422/1494 
f 680/653/1493 632/654/1495 547/422/1494 
f 547/422/1494 632/654/1495 546/421/1496 
f 632/654/1495 631/655/1497 546/421/1496 
f 546/421/1496 631/655/1497 545/420/1498 
f 631/655/1497 133/656/1499 545/420/1498 
f 545/420/1498 133/656/1499 544/419/1500 
f 133/656/1499 132/657/1501 544/419/1500 
f 690/534/1502 552/426/1503 688/532/1504 
f 552/426/1503 832/658/1505 688/532/1504 
f 688/532/1504 832/658/1505 686/530/1506 
f 832/658/1505 833/532/1507 686/530/1506 
f 686/530/1506 833/532/1507 834/531/1508 
f 833/532/1507 835/533/1509 834/531/1508 
f 834/531/1508 835/533/1509 836/35/1510 
f 835/533/1509 162/34/1511 836/35/1510 
f 836/35/1510 162/34/1511 837/36/1512 
f 162/34/1511 161/43/1513 837/36/1512 
f 26/23/1514 25/2/1515 838/294/1516 
f 25/2/1515 593/3/1517 838/294/1516 
f 838/294/1516 593/3/1517 839/659/1518 
f 593/3/1517 592/452/1519 839/659/1518 
f 839/659/1518 592/452/1519 840/660/1520 
f 592/452/1519 841/661/1521 840/660/1520 
f 840/660/1520 841/661/1521 377/296/1522 
f 841/661/1521 842/660/1523 377/296/1522 
f 377/296/1522 842/660/1523 379/298/1524 
f 842/660/1523 843/227/1525 379/298/1524 
f 379/298/1524 843/227/1525 380/228/1526 
f 531/413/1527 844/548/1528 529/411/1529 
f 844/548/1528 845/549/1530 529/411/1529 
f 529/411/1529 845/549/1530 40/37/1531 
f 845/549/1530 846/601/1532 40/37/1531 
f 40/37/1531 846/601/1532 41/38/1533 
f 846/601/1532 847/662/1534 41/38/1533 
f 41/38/1533 847/662/1534 848/663/1535 
f 847/662/1534 849/664/1536 848/663/1535 
f 848/663/1535 849/664/1536 850/662/1537 
f 849/664/1536 834/665/1538 850/662/1537 
f 850/662/1537 834/665/1538 836/621/1539 
f 279/173/1540 102/276/1541 281/235/1542 
f 102/276/1541 399/277/1543 281/235/1542 
f 281/235/1542 399/277/1543 851/161/1544 
f 399/277/1543 57/54/1545 851/161/1544 
f 851/161/1544 57/54/1545 532/414/1546 
f 57/54/1545 603/162/1547 532/414/1546 
f 532/414/1546 603/162/1547 533/157/1548 
f 603/162/1547 43/40/1549 533/157/1548 
f 533/157/1548 43/40/1549 390/156/1550 
f 43/40/1549 45/42/1551 390/156/1550 
f 390/156/1550 45/42/1551 391/307/1552 
f 93/92/1553 290/186/1554 420/325/1555 
f 290/186/1554 105/104/1556 420/325/1555 
f 420/325/1555 105/104/1556 421/194/1557 
f 105/104/1556 104/103/1558 421/194/1557 
f 421/194/1557 104/103/1558 698/193/1559 
f 104/103/1558 852/666/1560 698/193/1559 
f 698/193/1559 852/666/1560 432/667/1561 
f 852/666/1560 853/668/1562 432/667/1561 
f 432/667/1561 853/668/1562 78/669/1563 
f 853/668/1562 452/670/1564 78/669/1563 
f 78/669/1563 452/670/1564 76/671/1565 
f 427/330/1566 801/513/1567 428/331/1568 
f 801/513/1567 118/119/1569 428/331/1568 
f 428/331/1568 118/119/1569 86/614/1570 
f 118/119/1569 610/463/1571 86/614/1570 
f 86/614/1570 610/463/1571 87/615/1572 
f 610/463/1571 295/243/1573 87/615/1572 
f 87/615/1572 295/243/1573 411/322/1574 
f 295/243/1573 293/241/1575 411/322/1574 
f 411/322/1574 293/241/1575 64/61/1576 
f 293/241/1575 292/240/1577 64/61/1576 
f 64/61/1576 292/240/1577 65/62/1578 
f 310/252/1579 122/123/1580 311/253/1581 
f 122/123/1580 121/122/1582 311/253/1581 
f 311/253/1581 121/122/1582 313/255/1583 
f 121/122/1582 299/199/1584 313/255/1583 
f 313/255/1583 299/199/1584 757/588/1585 
f 299/199/1584 297/190/1586 757/588/1585 
f 757/588/1585 297/190/1586 803/636/1587 
f 297/190/1586 296/191/1588 803/636/1587 
f 803/636/1587 296/191/1588 116/117/1589 
f 296/191/1588 831/672/1590 116/117/1589 
f 116/117/1589 831/672/1590 117/118/1591 
f 149/150/1592 640/415/1593 155/156/1594 
f 640/415/1593 323/265/1595 155/156/1594 
f 155/156/1594 323/265/1595 854/307/1596 
f 323/265/1595 325/267/1597 854/307/1596 
f 854/307/1596 325/267/1597 855/413/1598 
f 325/267/1597 326/32/1599 855/413/1598 
f 855/413/1598 326/32/1599 856/412/1600 
f 326/32/1599 463/373/1601 856/412/1600 
f 856/412/1600 463/373/1601 812/455/1602 
f 463/373/1601 465/375/1603 812/455/1602 
f 812/455/1602 465/375/1603 813/645/1604 
f 177/278/1605 344/102/1606 777/577/1607 
f 344/102/1606 822/634/1608 777/577/1607 
f 777/577/1607 822/634/1608 776/579/1609 
f 822/634/1608 823/633/1610 776/579/1609 
f 776/579/1609 823/633/1610 202/87/1611 
f 823/633/1610 824/632/1612 202/87/1611 
f 202/87/1611 824/632/1612 203/86/1613 
f 824/632/1612 825/631/1614 203/86/1613 
f 203/86/1613 825/631/1614 475/673/1615 
f 825/631/1614 826/630/1616 475/673/1615 
f 475/673/1615 826/630/1616 185/674/1617 
f 227/108/1618 206/639/1619 225/110/1620 
f 206/639/1619 857/638/1621 225/110/1620 
f 225/110/1620 857/638/1621 787/588/1622 
f 857/638/1621 858/637/1623 787/588/1622 
f 787/588/1622 858/637/1623 859/636/1624 
f 858/637/1623 860/635/1625 859/636/1624 
f 859/636/1624 860/635/1625 725/117/1626 
f 860/635/1625 664/513/1627 725/117/1626 
f 725/117/1626 664/513/1627 726/119/1628 
f 664/513/1627 659/331/1629 726/119/1628 
f 726/119/1628 659/331/1629 204/614/1630 
f 224/195/1631 223/194/1632 559/675/1633 
f 223/194/1632 561/324/1634 559/675/1633 
f 559/675/1633 561/324/1634 861/676/1635 
f 561/324/1634 563/93/1636 861/676/1635 
f 861/676/1635 563/93/1636 862/677/1637 
f 563/93/1636 564/91/1638 862/677/1637 
f 862/677/1637 564/91/1638 863/678/1639 
f 564/91/1638 864/679/1640 863/678/1639 
f 863/678/1639 864/679/1640 655/484/1641 
f 864/679/1640 865/680/1642 655/484/1641 
f 655/484/1641 865/680/1642 656/483/1643 
f 239/204/1644 489/377/1645 240/205/1646 
f 489/377/1645 229/197/1647 240/205/1646 
f 240/205/1646 229/197/1647 493/379/1648 
f 229/197/1647 228/196/1649 493/379/1648 
f 493/379/1648 228/196/1649 494/380/1650 
f 228/196/1649 215/95/1651 494/380/1650 
f 494/380/1650 215/95/1651 866/681/1652 
f 215/95/1651 214/96/1653 866/681/1652 
f 866/681/1652 214/96/1653 867/682/1654 
f 214/96/1653 868/683/1655 867/682/1654 
f 867/682/1654 868/683/1655 869/684/1656 
f 102/101/1657 279/278/1658 103/102/1659 
f 279/278/1658 752/577/1660 103/102/1659 
f 103/102/1659 752/577/1660 800/634/1661 
f 752/577/1660 753/579/1662 800/634/1661 
f 800/634/1661 753/579/1662 799/633/1663 
f 753/579/1662 88/87/1664 799/633/1663 
f 799/633/1663 88/87/1664 798/632/1665 
f 88/87/1664 87/86/1666 798/632/1665 
f 798/632/1665 87/86/1666 797/631/1667 
f 87/86/1666 411/673/1668 797/631/1667 
f 797/631/1667 411/673/1668 796/630/1669 
f 411/673/1668 412/674/1670 796/630/1669 
f 622/483/1671 870/680/1672 623/484/1673 
f 870/680/1672 871/679/1674 623/484/1673 
f 623/484/1673 871/679/1674 872/678/1675 
f 871/679/1674 92/91/1676 872/678/1675 
f 872/678/1675 92/91/1676 873/677/1677 
f 92/91/1676 94/93/1678 873/677/1677 
f 873/677/1677 94/93/1678 874/676/1679 
f 94/93/1678 419/324/1680 874/676/1679 
f 874/676/1679 419/324/1680 304/675/1681 
f 419/324/1680 421/194/1682 304/675/1681 
f 304/675/1681 421/194/1682 305/195/1683 
f 421/194/1682 698/193/1684 305/195/1683 
f 697/180/1685 536/204/1686 696/377/1687 
f 536/204/1686 538/205/1688 696/377/1687 
f 696/377/1687 538/205/1688 695/197/1689 
f 538/205/1688 540/379/1690 695/197/1689 
f 695/197/1689 540/379/1690 694/196/1691 
f 540/379/1690 541/380/1692 694/196/1691 
f 694/196/1691 541/380/1692 96/95/1693 
f 541/380/1692 875/681/1694 96/95/1693 
f 96/95/1693 875/681/1694 97/96/1695 
f 875/681/1694 876/682/1696 97/96/1695 
f 97/96/1695 876/682/1696 877/683/1697 
f 876/682/1696 878/684/1698 877/683/1697 
f 213/188/1699 562/92/1700 211/186/1701 
f 562/92/1700 560/325/1702 211/186/1701 
f 211/186/1701 560/325/1702 220/104/1703 
f 560/325/1702 223/194/1704 220/104/1703 
f 220/104/1703 223/194/1704 481/103/1705 
f 223/194/1704 222/193/1706 481/103/1705 
f 481/103/1705 222/193/1706 879/666/1707 
f 222/193/1706 556/667/1708 879/666/1707 
f 879/666/1707 556/667/1708 880/668/1709 
f 556/667/1708 780/669/1710 880/668/1709 
f 880/668/1709 780/669/1710 881/670/1711 
f 780/669/1710 781/671/1712 881/670/1711 
f 727/118/1713 783/672/1714 725/117/1715 
f 783/672/1714 219/191/1716 725/117/1715 
f 725/117/1715 219/191/1716 859/636/1717 
f 219/191/1716 218/190/1718 859/636/1717 
f 859/636/1717 218/190/1718 787/588/1719 
f 218/190/1718 235/199/1720 787/588/1719 
f 787/588/1719 235/199/1720 356/255/1721 
f 235/199/1720 234/122/1722 356/255/1721 
f 356/255/1721 234/122/1722 355/253/1723 
f 234/122/1722 660/123/1724 355/253/1723 
f 355/253/1723 660/123/1724 353/252/1725 
f 660/123/1724 661/314/1726 353/252/1725 
f 655/512/1727 662/328/1728 863/685/1729 
f 662/328/1728 663/330/1730 863/685/1729 
f 863/685/1729 663/330/1730 862/686/1731 
f 663/330/1730 664/513/1732 862/686/1731 
f 862/686/1731 664/513/1732 861/687/1733 
f 664/513/1732 860/635/1734 861/687/1733 
f 861/687/1733 860/635/1734 559/248/1735 
f 860/635/1734 858/637/1736 559/248/1735 
f 559/248/1735 858/637/1736 558/250/1737 
f 858/637/1736 857/638/1738 558/250/1737 
f 558/250/1737 857/638/1738 472/317/1739 
f 857/638/1738 206/639/1740 472/317/1739 
f 472/317/1739 206/639/1740 205/316/1741 
f 882/688/1742 551/428/1743 883/371/1744 
f 551/428/1743 553/370/1745 883/371/1744 
f 883/371/1744 553/370/1745 884/369/1746 
f 553/370/1745 554/368/1747 884/369/1746 
f 884/369/1746 554/368/1747 741/367/1748 
f 554/368/1747 274/153/1749 741/367/1748 
f 741/367/1748 274/153/1749 740/547/1750 
f 274/153/1749 272/160/1751 740/547/1750 
f 740/547/1750 272/160/1751 739/158/1752 
f 272/160/1751 271/159/1753 739/158/1752 
f 739/158/1752 271/159/1753 738/509/1754 
f 271/159/1753 885/152/1755 738/509/1754 
f 738/509/1754 885/152/1755 535/415/1756 
f 885/152/1755 534/150/1757 535/415/1756 
f 424/327/1758 623/512/1759 425/328/1760 
f 623/512/1759 872/685/1761 425/328/1760 
f 425/328/1760 872/685/1761 427/330/1762 
f 872/685/1761 873/686/1763 427/330/1762 
f 427/330/1762 873/686/1763 801/513/1764 
f 873/686/1763 874/687/1765 801/513/1764 
f 801/513/1764 874/687/1765 802/635/1766 
f 874/687/1765 304/248/1767 802/635/1766 
f 802/635/1766 304/248/1767 804/637/1768 
f 304/248/1767 306/250/1769 804/637/1768 
f 804/637/1768 306/250/1769 805/638/1770 
f 306/250/1769 405/317/1771 805/638/1770 
f 805/638/1770 405/317/1771 90/639/1772 
f 405/317/1771 91/316/1773 90/639/1772 
f 259/8/1774 886/221/1775 260/224/1776 
f 886/221/1775 887/689/1777 260/224/1776 
f 260/224/1776 887/689/1777 386/303/1778 
f 887/689/1777 730/224/1779 386/303/1778 
f 386/303/1778 730/224/1779 385/302/1780 
f 730/224/1779 731/226/1781 385/302/1780 
f 385/302/1780 731/226/1781 384/301/1782 
f 731/226/1781 732/24/1783 384/301/1782 
f 384/301/1782 732/24/1783 584/27/1784 
f 732/24/1783 583/26/1785 584/27/1784 
f 584/27/1784 583/26/1785 372/25/1786 
f 583/26/1785 582/404/1787 372/25/1786 
f 372/25/1786 582/404/1787 370/293/1788 
f 582/404/1787 580/405/1789 370/293/1788 
f 370/293/1788 580/405/1789 368/291/1790 
f 580/405/1789 578/444/1791 368/291/1790 
f 466/626/1792 643/458/1793 168/625/1794 
f 643/458/1793 644/457/1795 168/625/1794 
f 168/625/1794 644/457/1795 166/624/1796 
f 644/457/1795 645/456/1797 166/624/1796 
f 166/624/1796 645/456/1797 161/623/1798 
f 645/456/1797 646/40/1799 161/623/1798 
f 161/623/1798 646/40/1799 837/622/1800 
f 646/40/1799 759/41/1801 837/622/1800 
f 837/622/1800 759/41/1801 836/621/1802 
f 759/41/1801 760/601/1803 836/621/1802 
f 836/621/1802 760/601/1803 850/662/1804 
f 760/601/1803 148/38/1805 850/662/1804 
f 850/662/1804 148/38/1805 848/663/1806 
f 148/38/1805 147/149/1807 848/663/1806 
f 848/663/1806 147/149/1807 41/38/1808 
f 147/149/1807 555/148/1809 41/38/1808 
f 41/38/1808 555/148/1809 42/39/1810 
f 571/261/1811 194/507/1812 573/440/1813 
f 194/507/1812 193/362/1814 573/440/1813 
f 573/440/1813 193/362/1814 575/363/1815 
f 193/362/1814 881/364/1816 575/363/1815 
f 575/363/1815 881/364/1816 503/365/1817 
f 881/364/1816 781/366/1818 503/365/1817 
f 503/365/1817 781/366/1818 504/387/1819 
f 781/366/1818 487/442/1820 504/387/1819 
f 504/387/1819 487/442/1820 506/389/1821 
f 487/442/1820 576/264/1822 506/389/1821 
f 506/389/1821 576/264/1822 507/390/1823 
f 576/264/1822 577/443/1824 507/390/1823 
f 507/390/1823 577/443/1824 516/401/1825 
f 577/443/1824 574/441/1826 516/401/1825 
f 516/401/1825 574/441/1826 517/402/1827 
f 574/441/1826 575/363/1828 517/402/1827 
f 517/402/1827 575/363/1828 503/365/1829 
f 552/426/1830 550/427/1831 832/658/1832 
f 550/427/1831 549/426/1833 832/658/1832 
f 832/658/1832 549/426/1833 833/532/1834 
f 549/426/1833 888/534/1835 833/532/1834 
f 833/532/1834 888/534/1835 835/533/1836 
f 888/534/1835 889/535/1837 835/533/1836 
f 835/533/1836 889/535/1837 162/34/1838 
f 889/535/1837 890/627/1839 162/34/1838 
f 162/34/1838 890/627/1839 160/45/1840 
f 890/627/1839 891/561/1841 160/45/1840 
f 160/45/1840 891/561/1841 762/560/1842 
f 891/561/1841 892/562/1843 762/560/1842 
f 762/560/1842 892/562/1843 335/235/1844 
f 892/562/1843 164/161/1845 335/235/1844 
f 335/235/1844 164/161/1845 334/277/1846 
f 164/161/1845 163/54/1847 334/277/1846 
f 334/277/1846 163/54/1847 332/275/1848 
f 163/54/1847 173/52/1849 332/275/1848 
f 114/115/1850 278/690/1851 115/116/1852 
f 278/690/1851 275/691/1853 115/116/1852 
f 115/116/1852 275/691/1853 622/483/1854 
f 275/691/1853 606/692/1855 622/483/1854 
f 622/483/1854 606/692/1855 870/680/1856 
f 606/692/1855 56/693/1857 870/680/1856 
f 870/680/1856 56/693/1857 871/679/1858 
f 56/693/1857 55/694/1859 871/679/1858 
f 871/679/1858 55/694/1859 92/91/1860 
f 55/694/1859 398/695/1861 92/91/1860 
f 92/91/1860 398/695/1861 93/92/1862 
f 398/695/1861 102/101/1863 93/92/1862 
f 93/92/1862 102/101/1863 289/188/1864 
f 102/101/1863 101/100/1865 289/188/1864 
f 289/188/1864 101/100/1865 291/187/1866 
f 101/100/1865 893/696/1867 291/187/1866 
f 291/187/1866 893/696/1867 402/313/1868 
f 893/696/1867 300/244/1869 402/313/1868 
f 402/313/1868 300/244/1869 60/57/1870 
f 300/244/1869 302/246/1871 60/57/1870 
f 60/57/1870 302/246/1871 58/55/1872 
f 108/107/1873 124/125/1874 107/106/1875 
f 124/125/1874 758/590/1876 107/106/1875 
f 107/106/1875 758/590/1876 894/697/1877 
f 758/590/1876 112/113/1878 894/697/1877 
f 894/697/1877 112/113/1878 895/698/1879 
f 112/113/1878 109/112/1880 895/698/1879 
f 895/698/1879 109/112/1880 896/699/1881 
f 109/112/1880 90/89/1882 896/699/1881 
f 896/699/1881 90/89/1882 878/684/1883 
f 90/89/1882 89/88/1884 878/684/1883 
f 878/684/1883 89/88/1884 877/683/1885 
f 89/88/1884 100/99/1886 877/683/1885 
f 877/683/1885 100/99/1886 97/96/1887 
f 100/99/1886 99/98/1888 97/96/1887 
f 97/96/1887 99/98/1888 95/94/1889 
f 99/98/1888 620/477/1890 95/94/1889 
f 95/94/1889 620/477/1890 755/700/1891 
f 620/477/1890 621/478/1892 755/700/1891 
f 755/700/1891 621/478/1892 756/701/1893 
f 621/478/1892 608/479/1894 756/701/1893 
f 756/701/1893 608/479/1894 395/702/1895 
f 817/414/1896 897/564/1897 818/565/1898 
f 897/564/1897 898/563/1899 818/565/1898 
f 818/565/1898 898/563/1899 819/629/1900 
f 898/563/1899 899/628/1901 819/629/1900 
f 819/629/1900 899/628/1901 820/647/1902 
f 899/628/1901 153/154/1903 820/647/1902 
f 820/647/1902 153/154/1903 821/233/1904 
f 153/154/1903 152/153/1905 821/233/1904 
f 821/233/1904 152/153/1905 159/160/1906 
f 152/153/1905 705/547/1907 159/160/1906 
f 159/160/1906 705/547/1907 157/158/1908 
f 705/547/1907 707/407/1909 157/158/1908 
f 157/158/1908 707/407/1909 639/409/1910 
f 707/407/1909 708/408/1911 639/409/1910 
f 639/409/1910 708/408/1911 324/266/1912 
f 708/408/1911 806/31/1913 324/266/1912 
f 324/266/1912 806/31/1913 326/32/1914 
f 806/31/1913 900/33/1915 326/32/1914 
f 326/32/1914 900/33/1915 462/372/1916 
f 900/33/1915 901/646/1917 462/372/1916 
f 462/372/1916 901/646/1917 464/374/1918 
f 178/55/1919 347/246/1920 179/57/1921 
f 347/246/1920 348/244/1922 179/57/1921 
f 179/57/1921 348/244/1922 482/313/1923 
f 348/244/1922 902/696/1924 482/313/1923 
f 482/313/1923 902/696/1924 212/187/1925 
f 902/696/1924 343/100/1926 212/187/1925 
f 212/187/1925 343/100/1926 213/188/1927 
f 343/100/1926 333/101/1928 213/188/1927 
f 213/188/1927 333/101/1928 562/92/1929 
f 333/101/1928 332/695/1930 562/92/1929 
f 562/92/1929 332/695/1930 564/91/1931 
f 332/695/1930 173/694/1932 564/91/1931 
f 564/91/1931 173/694/1932 864/679/1933 
f 173/694/1932 174/693/1934 864/679/1933 
f 864/679/1933 174/693/1934 865/680/1935 
f 174/693/1934 643/692/1936 865/680/1935 
f 865/680/1935 643/692/1936 656/483/1937 
f 643/692/1936 466/691/1938 656/483/1937 
f 656/483/1937 466/691/1938 232/116/1939 
f 466/691/1938 175/690/1940 232/116/1939 
f 232/116/1939 175/690/1940 233/115/1941 
f 275/234/1942 278/171/1943 276/163/1944 
f 278/171/1943 280/172/1945 276/163/1944 
f 276/163/1944 280/172/1945 744/560/1946 
f 280/172/1945 281/235/1947 744/560/1946 
f 744/560/1946 281/235/1947 746/562/1948 
f 281/235/1947 851/161/1949 746/562/1948 
f 746/562/1948 851/161/1949 748/564/1950 
f 851/161/1949 532/414/1951 748/564/1950 
f 748/564/1950 532/414/1951 749/565/1952 
f 532/414/1951 534/150/1953 749/565/1952 
f 749/565/1952 534/150/1953 795/151/1954 
f 534/150/1953 885/152/1955 795/151/1954 
f 795/151/1954 885/152/1955 828/508/1956 
f 885/152/1955 271/159/1957 828/508/1956 
f 828/508/1956 271/159/1957 829/647/1958 
f 271/159/1957 273/233/1959 829/647/1958 
f 829/647/1958 273/233/1959 693/154/1960 
f 273/233/1959 274/153/1961 693/154/1960 
f 693/154/1960 274/153/1961 692/155/1962 
f 274/153/1961 554/368/1963 692/155/1962 
f 692/155/1962 554/368/1963 690/534/1964 
f 554/368/1963 552/426/1965 690/534/1964 
f 779/124/1966 778/107/1967 786/125/1968 
f 778/107/1967 903/106/1969 786/125/1968 
f 786/125/1968 903/106/1969 785/590/1970 
f 903/106/1969 904/697/1971 785/590/1970 
f 785/590/1970 904/697/1971 784/113/1972 
f 904/697/1971 905/698/1973 784/113/1972 
f 784/113/1972 905/698/1973 227/112/1974 
f 905/698/1973 906/699/1975 227/112/1974 
f 227/112/1974 906/699/1975 206/89/1976 
f 906/699/1975 869/684/1977 206/89/1976 
f 206/89/1976 869/684/1977 207/88/1978 
f 869/684/1977 868/683/1979 207/88/1978 
f 207/88/1978 868/683/1979 720/99/1980 
f 868/683/1979 214/96/1981 720/99/1980 
f 720/99/1980 214/96/1981 721/98/1982 
f 214/96/1981 216/94/1983 721/98/1982 
f 721/98/1982 216/94/1983 723/477/1984 
f 216/94/1983 774/700/1985 723/477/1984 
f 723/477/1984 774/700/1985 724/478/1986 
f 774/700/1985 773/701/1987 724/478/1986 
f 724/478/1986 773/701/1987 642/479/1988 
f 773/701/1987 170/702/1989 642/479/1988 
f 58/55/1990 107/106/1991 59/56/1992 
f 107/106/1991 894/697/1993 59/56/1992 
f 59/56/1992 894/697/1993 400/311/1994 
f 894/697/1993 895/698/1995 400/311/1994 
f 400/311/1994 895/698/1995 401/312/1996 
f 895/698/1995 896/699/1997 401/312/1996 
f 401/312/1996 896/699/1997 402/313/1998 
f 896/699/1997 878/684/1999 402/313/1998 
f 402/313/1998 878/684/1999 291/187/2000 
f 878/684/1999 876/682/2001 291/187/2000 
f 291/187/2000 876/682/2001 290/186/2002 
f 876/682/2001 875/681/2003 290/186/2002 
f 290/186/2002 875/681/2003 423/192/2004 
f 875/681/2003 541/380/2005 423/192/2004 
f 423/192/2004 541/380/2005 422/326/2006 
f 541/380/2005 539/378/2007 422/326/2006 
f 422/326/2006 539/378/2007 106/105/2008 
f 539/378/2007 537/206/2009 106/105/2008 
f 106/105/2008 537/206/2009 104/103/2010 
f 537/206/2009 536/204/2011 104/103/2010 
f 104/103/2010 536/204/2011 852/666/2012 
f 536/204/2011 697/180/2013 852/666/2012 
f 852/666/2012 697/180/2013 853/668/2014 
f 697/180/2013 450/178/2015 853/668/2014 
f 853/668/2014 450/178/2015 452/670/2016 
f 778/107/2017 178/55/2018 903/106/2019 
f 178/55/2018 180/56/2020 903/106/2019 
f 903/106/2019 180/56/2020 904/697/2021 
f 180/56/2020 484/311/2022 904/697/2021 
f 904/697/2021 484/311/2022 905/698/2023 
f 484/311/2022 483/312/2024 905/698/2023 
f 905/698/2023 483/312/2024 906/699/2025 
f 483/312/2024 482/313/2026 906/699/2025 
f 906/699/2025 482/313/2026 869/684/2027 
f 482/313/2026 212/187/2028 869/684/2027 
f 869/684/2027 212/187/2028 867/682/2029 
f 212/187/2028 211/186/2030 867/682/2029 
f 867/682/2029 211/186/2030 866/681/2031 
f 211/186/2030 221/192/2032 866/681/2031 
f 866/681/2031 221/192/2032 494/380/2033 
f 221/192/2032 479/326/2034 494/380/2033 
f 494/380/2033 479/326/2034 492/378/2035 
f 479/326/2034 480/105/2036 492/378/2035 
f 492/378/2035 480/105/2036 241/206/2037 
f 480/105/2036 481/103/2038 241/206/2037 
f 241/206/2037 481/103/2038 239/204/2039 
f 481/103/2038 879/666/2040 239/204/2039 
f 239/204/2039 879/666/2040 195/180/2041 
f 879/666/2040 880/668/2042 195/180/2041 
f 195/180/2041 880/668/2042 193/178/2043 
f 880/668/2042 881/670/2044 193/178/2043 
f 68/65/2045 67/64/2046 703/540/2047 
f 67/64/2046 751/567/2048 703/540/2047 
f 703/540/2047 751/567/2048 701/538/2049 
f 751/567/2048 750/566/2050 701/538/2049 
f 701/538/2049 750/566/2050 699/536/2051 
f 750/566/2050 301/245/2052 699/536/2051 
f 699/536/2051 301/245/2052 418/323/2053 
f 301/245/2052 300/244/2054 418/323/2053 
f 418/323/2053 300/244/2054 416/281/2055 
f 300/244/2054 893/696/2056 416/281/2055 
f 416/281/2055 893/696/2056 414/282/2057 
f 893/696/2056 101/100/2058 414/282/2057 
f 414/282/2057 101/100/2058 830/606/2059 
f 101/100/2058 103/102/2060 830/606/2059 
f 830/606/2059 103/102/2060 117/608/2061 
f 103/102/2060 615/468/2062 117/608/2061 
f 117/608/2061 615/468/2062 611/703/2063 
f 615/468/2062 285/238/2064 611/703/2063 
f 611/703/2063 285/238/2064 612/469/2065 
f 285/238/2064 283/236/2066 612/469/2065 
f 612/469/2065 283/236/2066 616/470/2067 
f 283/236/2066 282/184/2068 616/470/2067 
f 616/470/2067 282/184/2068 61/58/2069 
f 282/184/2068 286/185/2070 61/58/2069 
f 61/58/2069 286/185/2070 62/59/2071 
f 286/185/2070 287/183/2072 62/59/2071 
f 62/59/2071 287/183/2072 443/704/2073 
f 287/183/2072 796/630/2074 443/704/2073 
f 443/704/2073 796/630/2074 442/705/2075 
f 796/630/2074 412/674/2076 442/705/2075 
f 442/705/2075 412/674/2076 413/706/2077 
f 675/66/2078 674/65/2079 770/64/2080 
f 674/65/2079 768/540/2081 770/64/2080 
f 770/64/2080 768/540/2081 771/567/2082 
f 768/540/2081 766/538/2083 771/567/2082 
f 771/567/2082 766/538/2083 772/566/2084 
f 766/538/2083 764/536/2085 772/566/2084 
f 772/566/2084 764/536/2085 346/245/2086 
f 764/536/2085 763/323/2087 346/245/2086 
f 346/245/2086 763/323/2087 348/244/2088 
f 763/323/2087 351/281/2089 348/244/2088 
f 348/244/2088 351/281/2089 902/696/2090 
f 351/281/2089 352/282/2091 902/696/2090 
f 902/696/2090 352/282/2091 343/100/2092 
f 352/282/2091 782/606/2093 343/100/2092 
f 343/100/2092 782/606/2093 344/102/2094 
f 782/606/2093 727/608/2095 344/102/2094 
f 344/102/2094 727/608/2095 719/468/2096 
f 727/608/2095 729/703/2097 719/468/2096 
f 719/468/2096 729/703/2097 338/238/2098 
f 729/703/2097 651/469/2099 338/238/2098 
f 338/238/2098 651/469/2099 337/236/2100 
f 651/469/2099 650/470/2101 337/236/2100 
f 337/236/2100 650/470/2101 209/184/2102 
f 650/470/2101 182/58/2103 209/184/2102 
f 209/184/2102 182/58/2103 210/185/2104 
f 182/58/2103 181/59/2105 210/185/2104 
f 210/185/2104 181/59/2105 208/183/2106 
f 181/59/2105 788/704/2107 208/183/2106 
f 208/183/2106 788/704/2107 826/630/2108 
f 788/704/2107 357/705/2109 826/630/2108 
f 826/630/2108 357/705/2109 185/674/2110 
f 357/705/2109 186/706/2111 185/674/2110 
f 598/453/2112 591/451/2113 599/454/2114 
f 591/451/2113 5/5/2115 599/454/2114 
f 599/454/2114 5/5/2115 10/10/2116 
f 5/5/2115 4/4/2117 10/10/2116 
f 10/10/2116 4/4/2117 11/11/2118 
f 4/4/2117 588/13/2119 11/11/2118 
f 11/11/2118 588/13/2119 907/529/2120 
f 588/13/2119 589/449/2121 907/529/2120 
f 907/529/2120 589/449/2121 908/620/2122 
f 589/449/2121 590/450/2123 908/620/2122 
f 908/620/2122 590/450/2123 380/228/2124 
f 590/450/2123 591/451/2125 380/228/2124 
f 380/228/2124 591/451/2125 378/297/2126 
f 591/451/2125 598/453/2127 378/297/2126 
f 378/297/2126 598/453/2127 376/295/2128 
f 598/453/2127 596/297/2129 376/295/2128 
f 376/295/2128 596/297/2129 377/296/2130 
f 596/297/2129 595/298/2131 377/296/2130 
f 377/296/2130 595/298/2131 840/660/2132 
f 595/298/2131 263/227/2133 840/660/2132 
f 840/660/2132 263/227/2133 839/659/2134 
f 263/227/2133 265/7/2135 839/659/2134 
f 839/659/2134 265/7/2135 838/294/2136 
f 265/7/2135 261/225/2137 838/294/2136 
f 838/294/2136 261/225/2137 26/23/2138 
f 261/225/2137 262/226/2139 26/23/2138 
f 26/23/2138 262/226/2139 27/24/2140 
f 262/226/2139 384/301/2141 27/24/2140 
f 27/24/2140 384/301/2141 30/27/2142 
f 384/301/2141 585/446/2143 30/27/2142 
f 30/27/2142 585/446/2143 28/25/2144 
f 585/446/2143 586/447/2145 28/25/2144 
f 28/25/2144 586/447/2145 16/14/2146 
f 586/447/2145 587/448/2147 16/14/2146 
f 16/14/2146 587/448/2147 17/15/2148 
f 587/448/2147 371/14/2149 17/15/2148 
f 17/15/2148 371/14/2149 761/16/2150 
f 371/14/2149 369/292/2151 761/16/2150 
f 18/16/2152 523/292/2153 16/14/2154 
f 523/292/2153 521/293/2155 16/14/2154 
f 16/14/2154 521/293/2155 28/25/2156 
f 521/293/2155 519/404/2157 28/25/2156 
f 28/25/2156 519/404/2157 29/26/2158 
f 519/404/2157 518/403/2159 29/26/2158 
f 29/26/2158 518/403/2159 594/1/2160 
f 518/403/2159 24/22/2161 594/1/2160 
f 594/1/2160 24/22/2161 592/452/2162 
f 24/22/2161 23/21/2163 592/452/2162 
f 592/452/2162 23/21/2163 841/661/2164 
f 23/21/2163 827/452/2165 841/661/2164 
f 841/661/2164 827/452/2165 842/660/2166 
f 827/452/2165 909/659/2167 842/660/2166 
f 842/660/2166 909/659/2167 843/227/2168 
f 909/659/2167 7/7/2169 843/227/2168 
f 843/227/2168 7/7/2169 380/228/2170 
f 7/7/2169 9/9/2171 380/228/2170 
f 380/228/2170 9/9/2171 908/620/2172 
f 9/9/2171 8/8/2173 908/620/2172 
f 908/620/2172 8/8/2173 907/529/2174 
f 8/8/2173 257/222/2175 907/529/2174 
f 907/529/2174 257/222/2175 11/11/2176 
f 257/222/2175 258/223/2177 11/11/2176 
f 11/11/2176 258/223/2177 12/12/2178 
f 258/223/2177 14/11/2179 12/12/2178 
f 12/12/2178 14/11/2179 10/10/2180 
f 14/11/2179 13/4/2181 10/10/2180 
f 10/10/2180 13/4/2181 791/5/2182 
f 13/4/2181 685/6/2183 791/5/2182 
f 791/5/2182 685/6/2183 790/450/2184 
f 685/6/2183 684/449/2185 790/450/2184 
f 790/450/2184 684/449/2185 789/620/2186 
f 684/449/2185 683/529/2187 789/620/2186 
f 789/620/2186 683/529/2187 259/8/2188 
f 683/529/2187 682/222/2189 259/8/2188 
f 259/8/2188 682/222/2189 886/221/2190 
f 682/222/2189 258/223/2191 886/221/2190 
f 886/221/2190 258/223/2191 887/689/2192 
f 258/223/2191 256/221/2193 887/689/2192 
f 887/689/2192 256/221/2193 730/224/2194 
f 256/221/2193 8/8/2195 730/224/2194 
f 730/224/2194 8/8/2195 375/225/2196 
f 8/8/2195 7/7/2197 375/225/2196 
f 375/225/2196 7/7/2197 373/294/2198 
f 7/7/2197 909/659/2199 373/294/2198 
f 373/294/2198 909/659/2199 3/3/2200 
f 909/659/2199 827/452/2201 3/3/2200 
f 3/3/2200 827/452/2201 1/1/2202 
f 827/452/2201 737/22/2203 1/1/2202 
f 1/1/2202 737/22/2203 581/403/2204 
f 737/22/2203 383/300/2205 581/403/2204 
f 581/403/2204 383/300/2205 579/445/2206 
f 383/300/2205 382/19/2207 579/445/2206 
f 579/445/2206 382/19/2207 330/17/2208 
f 382/19/2207 20/18/2209 330/17/2208 
f 327/552/2210 715/550/2211 812/455/2212 
f 715/550/2211 714/410/2213 812/455/2212 
f 812/455/2212 714/410/2213 856/412/2214 
f 714/410/2213 712/411/2215 856/412/2214 
f 856/412/2214 712/411/2215 855/413/2216 
f 712/411/2215 710/548/2217 855/413/2216 
f 855/413/2216 710/548/2217 854/307/2218 
f 710/548/2217 709/42/2219 854/307/2218 
f 854/307/2218 709/42/2219 155/156/2220 
f 709/42/2219 646/40/2221 155/156/2220 
f 155/156/2220 646/40/2221 156/157/2222 
f 646/40/2221 165/162/2223 156/157/2222 
f 156/157/2222 165/162/2223 817/414/2224 
f 165/162/2223 164/161/2225 817/414/2224 
f 817/414/2224 164/161/2225 897/564/2226 
f 164/161/2225 892/562/2227 897/564/2226 
f 897/564/2226 892/562/2227 898/563/2228 
f 892/562/2227 891/561/2229 898/563/2228 
f 898/563/2228 891/561/2229 899/628/2230 
f 891/561/2229 890/627/2231 899/628/2230 
f 899/628/2230 890/627/2231 153/154/2232 
f 890/627/2231 889/535/2233 153/154/2232 
f 153/154/2232 889/535/2233 154/155/2234 
f 889/535/2233 888/534/2235 154/155/2234 
f 154/155/2234 888/534/2235 458/368/2236 
f 888/534/2235 549/426/2237 458/368/2236 
f 458/368/2236 549/426/2237 460/370/2238 
f 549/426/2237 551/428/2239 460/370/2238 
f 460/370/2238 551/428/2239 461/371/2240 
f 551/428/2239 882/688/2241 461/371/2240 
f 461/371/2240 882/688/2241 811/644/2242 
f 882/688/2241 883/371/2243 811/644/2242 
f 811/644/2242 883/371/2243 910/643/2244 
f 883/371/2243 884/369/2245 910/643/2244 
f 910/643/2244 884/369/2245 911/642/2246 
f 884/369/2245 741/367/2247 911/642/2246 
f 911/642/2246 741/367/2247 912/641/2248 
f 741/367/2247 524/406/2249 912/641/2248 
f 912/641/2248 524/406/2249 913/640/2250 
f 524/406/2249 526/408/2251 913/640/2250 
f 913/640/2250 526/408/2251 34/31/2252 
f 526/408/2251 394/266/2253 34/31/2252 
f 34/31/2252 394/266/2253 35/32/2254 
f 394/266/2253 393/267/2255 35/32/2254 
f 35/32/2254 393/267/2255 531/413/2256 
f 393/267/2255 391/307/2257 531/413/2256 
f 531/413/2256 391/307/2257 844/548/2258 
f 391/307/2257 45/42/2259 844/548/2258 
f 844/548/2258 45/42/2259 845/549/2260 
f 45/42/2259 44/41/2261 845/549/2260 
f 845/549/2260 44/41/2261 846/601/2262 
f 44/41/2261 38/621/2263 846/601/2262 
f 846/601/2262 38/621/2263 847/662/2264 
f 38/621/2263 687/665/2265 847/662/2264 
f 847/662/2264 687/665/2265 849/664/2266 
f 687/665/2265 686/707/2267 849/664/2266 
f 849/664/2266 686/707/2267 834/665/2268 
# 0 polygons - 1776 triangles

#
# object DrawCall_0008
#

v  -1.6691 -0.5190 -6.9304
v  -1.7325 -0.5183 -6.9007
v  -1.7186 -0.5360 -6.9399
v  -1.7160 -0.5036 -6.8705
v  -1.6413 -0.5013 -6.9136
v  -1.6798 -0.4816 -6.8471
v  -1.6280 -0.4911 -6.8928
v  -1.6341 -0.4726 -6.8542
v  -1.0377 -0.5566 -6.9601
v  -1.0253 -0.5439 -6.9186
v  -1.0891 -0.5519 -6.9465
v  -1.0425 -0.5385 -6.8858
v  -1.1187 -0.5435 -6.9262
v  -1.0810 -0.5290 -6.8580
v  -1.1325 -0.5402 -6.9036
v  -1.1278 -0.5282 -6.8624
# 16 vertices

vn 0.2075 -0.8618 0.4629
vn 0.1593 -0.9188 0.3611
vn 0.2516 -0.8714 0.4212
vn 0.2237 -0.8909 0.3954
vn 0.2267 -0.8867 0.4030
vn 0.2412 -0.8777 0.4140
vn 0.1739 -0.9065 0.3847
vn 0.2397 -0.8605 0.4496
vn -0.0094 -0.9553 0.2955
vn 0.0240 -0.9741 0.2247
vn -0.0421 -0.9635 0.2643
vn -0.0234 -0.9743 0.2240
vn -0.0267 -0.9723 0.2323
vn -0.0421 -0.9686 0.2451
vn 0.0277 -0.9774 0.2095
vn -0.0419 -0.9581 0.2834
# 16 vertex normals

vt -1.6680 1.5200 0.0000
vt -1.7315 1.5193 0.0000
vt -1.7176 1.5370 0.0000
vt -1.7150 1.5046 0.0000
vt -1.6403 1.5023 0.0000
vt -1.6787 1.4826 0.0000
vt -1.6269 1.4921 0.0000
vt -1.6331 1.4736 0.0000
vt -1.0368 1.5577 0.0000
vt -1.0243 1.5449 0.0000
vt -1.0881 1.5530 0.0000
vt -1.0416 1.5396 0.0000
vt -1.1177 1.5445 0.0000
vt -1.0800 1.5300 0.0000
vt -1.1316 1.5412 0.0000
vt -1.1269 1.5292 0.0000
# 16 texture coords

g DrawCall_0008
usemtl 68c204a3_dds
s 1
f 914/708/2269 915/709/2269 916/710/2269 
f 915/709/2270 914/708/2271 917/711/2272 
f 914/708/2271 918/712/2273 917/711/2272 
f 917/711/2272 918/712/2273 919/713/2274 
f 918/712/2273 920/714/2275 919/713/2274 
f 919/713/2274 920/714/2275 921/715/2276 
f 922/716/2277 923/717/2278 924/718/2279 
f 923/717/2278 925/719/2280 924/718/2279 
f 924/718/2279 925/719/2280 926/720/2281 
f 925/719/2280 927/721/2282 926/720/2281 
f 926/720/2281 927/721/2282 928/722/2283 
f 927/721/2282 929/723/2284 928/722/2283 
# 0 polygons - 12 triangles

#
# object DrawCall_0009
#

v  -1.2828 -0.8548 -6.9745
v  -1.1573 -0.8139 -7.0033
v  -1.3006 -0.8771 -6.9429
v  -1.2501 0.1006 -7.0985
v  -1.2853 0.1149 -7.1593
v  -1.3240 0.1119 -7.1367
v  -1.2028 -0.0230 -7.2239
v  -1.2832 0.0034 -7.2640
v  -1.2161 0.0132 -7.2041
v  -1.2008 -0.0555 -7.0926
v  -1.2411 -0.1287 -7.1608
v  -1.1792 -0.0423 -7.1145
v  -1.4163 -0.4746 -6.7075
v  -1.4069 -0.6472 -6.8026
v  -1.3103 -0.4670 -6.7336
v  -1.0891 -0.5848 -7.2394
v  -1.1866 -0.4605 -7.2798
v  -1.1074 -0.5123 -7.1839
v  -1.2731 -0.5251 -7.3897
v  -1.3494 -0.5088 -7.4201
v  -1.2463 -0.5206 -7.3956
v  -1.0253 -0.5439 -6.9186
v  -1.0221 -0.6122 -6.9248
v  -1.0193 -0.6132 -6.8955
v  -1.1330 -0.5458 -6.9536
v  -1.1514 -0.5204 -6.9069
v  -1.1386 -0.5394 -6.9401
v  -1.0930 -0.6118 -6.9311
v  -1.1034 -0.6165 -6.9523
v  -1.0447 -0.6162 -6.9446
v  -1.1540 -0.3930 -6.8560
v  -1.2038 -0.2350 -6.8058
v  -1.2106 -0.4436 -6.8050
v  -1.1186 -0.2528 -7.1156
v  -1.1363 -0.2359 -7.1095
v  -1.0694 -0.1815 -7.0817
v  -1.3179 -0.2286 -7.1863
v  -1.3823 -0.3468 -7.2606
v  -1.3922 -0.2253 -7.1963
v  -1.1823 -0.0430 -7.0575
v  -1.1229 -0.0712 -7.0376
v  -1.2183 -0.1495 -7.1223
v  -1.1845 -0.4435 -7.2772
v  -1.1097 -0.4641 -7.1487
v  -1.0945 -0.5002 -7.1807
v  -1.1040 -0.1699 -7.0946
v  -1.1622 -0.2345 -7.1057
v  -1.1528 -0.1721 -7.1086
v  -1.1641 -0.0251 -6.9486
v  -1.1855 -0.0563 -6.8220
v  -1.1230 -0.0509 -6.9398
v  -1.0169 -0.5115 -6.9929
v  -1.0104 -0.3955 -7.0249
v  -0.9985 -0.4749 -6.9067
v  -1.1391 -0.2796 -7.0678
v  -1.1926 -0.3511 -7.0350
v  -1.1683 -0.3465 -7.0075
v  -1.1278 -0.2755 -7.1019
v  -1.1239 -0.3597 -7.1067
v  -1.1051 -0.5242 -7.0374
v  -1.1826 -0.5023 -6.9824
v  -1.1143 -0.4376 -7.0838
v  -1.2133 0.0392 -6.8266
v  -1.2364 0.0128 -6.8156
v  -1.3316 -0.0055 -6.7424
v  -1.4075 -0.0364 -6.7147
v  -1.3353 -0.0277 -6.7582
v  -1.4067 -0.0476 -6.7302
v  -1.2247 0.0576 -7.2147
v  -1.2570 0.1017 -7.1925
v  -1.1741 0.0431 -7.1275
v  -1.1668 0.0588 -6.9123
v  -1.2006 0.0313 -6.8241
v  -1.1601 0.0345 -6.9196
v  -1.1957 -0.0193 -7.0452
v  -1.1708 -0.0228 -7.0499
v  -1.1829 -0.0050 -6.9410
v  -1.3882 -0.1698 -7.2931
v  -1.4802 -0.1619 -7.2079
v  -1.4989 -0.1470 -7.2675
v  -1.5190 -0.8077 -6.9167
v  -1.6299 -0.7294 -7.0092
v  -1.5123 -0.8016 -6.9345
v  -1.6674 -0.5931 -7.1883
v  -1.6779 -0.5550 -7.1460
v  -1.6419 -0.5355 -7.2797
v  -1.6342 -0.5772 -7.2177
v  -1.6689 -0.6753 -7.1212
v  -1.6529 -0.5729 -6.9045
v  -1.6413 -0.5013 -6.9136
v  -1.6691 -0.5190 -6.9304
v  -1.6011 -0.5556 -6.8954
v  -1.6218 -0.5547 -6.8828
v  -1.6422 -0.5794 -6.9251
v  -1.7110 -0.6038 -6.9375
v  -1.6996 -0.5891 -6.9142
v  -1.6863 -0.5395 -6.9659
v  -1.6709 -0.5286 -6.9572
v  -1.6278 -0.5075 -6.9379
v  -1.7221 -0.5858 -6.8942
v  -1.7495 -0.5879 -6.8592
v  -1.7477 -0.6028 -6.9068
v  -1.7530 -0.5251 -6.9310
v  -1.4523 -0.4218 -7.3406
v  -1.5562 -0.4370 -7.3038
v  -1.4534 -0.3804 -7.3102
v  -1.4670 -0.2283 -7.1936
v  -1.4595 -0.3531 -7.2566
v  -1.5693 -0.2598 -7.1544
v  -1.6050 -0.2195 -6.8217
v  -1.6143 -0.3162 -6.9079
v  -1.6058 -0.2076 -6.8065
v  -1.5697 -0.0051 -6.8434
v  -1.6027 -0.0336 -6.8268
v  -1.4804 -0.0436 -6.7576
v  -1.5998 0.0147 -6.9490
v  -1.6204 0.0001 -6.9531
v  -1.3722 -0.3736 -7.3152
v  -1.6506 -0.2713 -7.0891
v  -1.6359 -0.2183 -7.1189
v  -1.6497 -0.2888 -7.1027
v  -1.7187 -0.1478 -7.0919
v  -1.7737 -0.2226 -6.9572
v  -1.7434 -0.0893 -6.9917
v  -1.6100 -0.5037 -6.9406
v  -1.6664 -0.5416 -6.9753
v  -1.7165 -0.5532 -6.9683
v  -1.6475 -0.4971 -7.0269
v  -1.7588 -0.5130 -6.8734
v  -1.7268 -0.4755 -6.8309
v  -1.7730 -0.4489 -6.9136
v  -1.5870 -0.3226 -7.0424
v  -1.6211 -0.3328 -7.0243
v  -1.6490 -0.2537 -7.1179
v  -1.6395 -0.3255 -7.1157
v  -1.6671 -0.2215 -7.1251
v  -1.5524 0.0262 -7.2139
v  -1.5399 0.0699 -7.2238
v  -1.4816 0.0108 -7.2701
v  -1.4641 -0.1488 -7.1673
v  -1.3914 -0.1828 -7.2056
v  -1.3926 -0.1632 -7.1761
v  -1.0367 -0.5749 -6.9706
v  -1.0690 -0.5639 -6.9830
v  -1.0056 -0.5408 -6.9499
v  -1.0855 -0.5588 -6.9713
v  -1.3682 -0.4313 -7.3312
v  -1.2849 -0.4237 -7.3286
v  -1.2869 -0.4378 -7.3186
v  -1.0870 -0.5697 -6.9913
v  -1.1508 -0.5440 -6.9572
v  -1.5817 -0.0383 -7.1013
v  -1.6012 -0.0231 -7.1240
v  -1.5451 -0.1154 -7.1685
v  -1.5695 -0.0930 -7.2056
v  -1.5451 -0.4472 -7.3056
v  -1.4445 -0.4336 -7.3299
v  -1.4553 -0.5019 -7.4108
v  -1.6554 -0.4198 -7.1503
v  -1.6652 -0.3717 -7.0089
v  -1.6877 -0.4892 -7.0664
v  -1.5789 -0.1288 -7.1265
v  -1.6666 -0.0405 -7.0420
v  -1.6016 -0.0191 -7.0620
v  -1.1824 -0.5471 -7.3334
v  -1.1686 -0.5399 -7.3446
v  -1.1105 -0.5890 -7.2352
v  -1.0839 -0.5785 -7.1032
v  -1.0878 -0.6412 -7.1461
v  -1.1128 -0.6237 -7.1796
v  -1.1372 -0.5202 -6.8524
v  -1.1531 -0.5087 -6.8779
v  -1.1640 -0.5114 -6.8742
v  -1.1606 -0.5235 -6.9092
v  -1.1466 -0.6072 -6.9178
v  -1.0377 -0.5566 -6.9601
v  -1.0320 -0.6239 -6.9705
v  -1.1430 -0.1479 -6.8268
v  -1.2039 -0.2481 -6.8212
v  -1.1807 -0.2548 -6.8139
v  -1.1926 -0.3309 -6.8955
v  -1.2168 -0.3304 -6.9344
v  -1.2241 -0.2603 -7.1378
v  -1.2088 -0.3696 -7.2026
v  -1.3041 -0.3515 -7.2463
v  -1.1943 -0.4063 -7.2482
v  -1.2908 -0.3813 -7.2987
v  -1.2119 0.0937 -7.1185
v  -1.1752 0.0815 -7.0202
v  -1.1543 0.0439 -7.0296
v  -1.3225 -0.1533 -7.1625
v  -1.3013 -0.1685 -7.2024
v  -1.1657 0.0005 -6.9271
v  -1.2075 -0.0092 -6.8243
v  -1.3248 -0.0230 -6.7371
v  -1.4078 -0.7945 -6.8523
v  -1.4087 -0.8299 -6.8941
v  -1.4093 -0.8258 -6.9102
v  -1.6821 -0.7029 -7.0974
v  -1.6224 -0.7714 -7.0494
v  -1.6464 -0.7765 -7.0389
v  -1.7186 -0.5360 -6.9399
v  -1.6684 -0.5864 -7.0047
v  -1.6128 -0.5844 -6.9087
v  -1.6562 -0.5313 -6.9659
v  -1.6111 -0.4478 -6.8282
v  -1.6631 -0.4000 -6.8862
v  -1.5576 -0.3724 -7.2259
v  -1.5537 -0.4030 -7.2737
v  -1.6527 -0.4601 -7.1872
v  -1.6404 -0.4935 -7.2222
v  -1.6528 -0.4806 -7.2208
v  -1.6960 -0.5512 -7.1368
v  -1.6552 -0.2116 -7.1207
v  -1.6892 -0.1367 -7.1012
v  -1.6464 -0.1420 -7.1124
v  -1.6433 -0.4132 -7.0831
v  -1.7410 -0.4913 -6.9931
v  -1.7541 -0.5449 -6.9312
v  -1.4410 0.1163 -7.1402
v  -1.5176 0.1111 -7.1062
v  -1.5013 0.0830 -7.0803
v  -1.5675 0.0975 -7.0264
v  -1.5473 0.0822 -7.0180
v  -1.3785 0.1185 -7.2590
v  -1.3796 0.0662 -7.2840
v  -1.4405 0.1203 -7.2417
v  -1.4715 0.0706 -7.2641
v  -1.5057 0.1115 -7.1996
v  -1.6184 0.0191 -6.9387
v  -1.5859 0.0017 -6.8374
v  -1.4848 -0.0221 -6.7456
v  -0.9945 -0.6211 -6.9409
v  -0.9929 -0.6150 -6.8914
v  -1.0191 -0.6058 -6.8462
v  -1.0984 -0.0795 -6.9198
v  -1.0829 -0.0916 -7.0104
v  -1.5416 -0.5066 -7.3718
v  -1.7325 -0.5183 -6.9007
v  -1.7240 -0.5818 -6.8650
v  -1.7248 -0.5654 -6.8180
v  -1.6190 -0.4588 -6.8674
v  -1.6070 -0.4759 -6.8961
v  -1.6167 -0.4741 -6.8944
v  -1.6236 -0.4983 -6.9256
v  -1.5794 -0.3089 -6.9417
v  -1.6312 -0.2325 -6.8207
v  -1.6920 -0.5282 -7.1109
v  -1.5776 -0.0561 -7.2300
v  -1.5013 -0.0902 -7.2963
v  -1.3850 -0.1112 -7.3269
v  -1.2778 -0.1552 -7.2607
v  -1.6106 0.0024 -7.0544
v  -1.5854 -0.0002 -7.0524
v  -1.5534 -0.0830 -7.1227
v  -1.0104 -0.5672 -6.9315
v  -0.9985 -0.5368 -6.9119
v  -1.0180 -0.5502 -6.8828
v  -1.0251 -0.5296 -6.8704
v  -1.0696 -0.5250 -6.8289
v  -1.0692 -0.5692 -7.0918
v  -1.1460 -0.1188 -6.8257
v  -1.0822 -0.1121 -6.9017
v  -1.0787 -0.5386 -7.0672
v  -1.0969 -0.4865 -7.0266
v  -1.1145 -0.4209 -7.1127
v  -1.1332 -0.3695 -6.9799
v  -1.1049 -0.4318 -6.8328
v  -1.0307 -0.4486 -6.8539
v  -1.0441 -0.3477 -6.8674
v  -1.0033 -0.3607 -6.9242
v  -1.0117 -0.2891 -6.9299
v  -1.0170 -0.3166 -7.0405
v  -1.0228 -0.2770 -7.0446
v  -1.2068 0.0418 -6.9105
v  -1.1864 0.0624 -6.9144
v  -1.2278 0.0703 -7.0082
v  -1.2058 0.0830 -7.0164
v  -1.2697 0.0744 -7.0732
v  -1.7534 -0.2517 -7.0664
v  -1.7570 -0.2970 -7.0622
v  -1.7780 -0.2661 -6.9552
v  -1.7794 -0.3372 -6.9438
v  -1.7471 -0.3149 -6.8852
v  -1.7500 -0.4137 -6.8611
v  -1.6811 -0.3857 -6.8346
v  -1.6712 -0.6574 -7.0663
v  -1.6380 -0.7264 -6.9991
v  -1.5217 -0.7693 -6.8808
v  -1.4061 -0.7241 -6.8317
v  -1.6665 -0.0206 -6.9434
v  -1.7095 -0.0601 -7.0177
v  -1.6970 -0.0489 -6.9253
v  -1.7174 -0.0823 -6.9094
v  -1.7571 -0.3796 -7.0392
v  -1.1093 -0.7216 -7.0804
v  -1.1031 -0.7472 -7.0553
v  -1.1785 -0.8053 -7.0172
v  -1.1923 -0.8086 -7.0159
v  -1.0449 -0.5168 -6.8340
v  -1.0048 -0.5435 -6.8789
v  -1.0021 -0.5680 -6.9397
v  -1.0359 -0.5758 -6.9811
v  -1.3021 -0.8150 -6.9192
v  -1.1660 -0.7556 -6.9756
v  -1.1094 -0.6867 -7.0257
v  -1.1603 -0.5863 -6.8198
v  -1.1424 -0.5891 -6.8384
v  -1.0783 -0.5921 -6.8103
v  -1.0828 -0.5938 -6.8340
v  -1.0384 -0.6053 -6.8617
v  -1.0425 -0.5385 -6.8858
v  -1.1380 -0.2973 -7.0813
v  -1.0565 -0.2910 -6.8689
v  -1.1248 -0.2987 -6.8450
v  -1.1088 -0.3564 -6.8458
v  -1.2218 -0.3454 -6.9077
v  -1.2019 -0.3933 -6.9104
v  -1.2291 -0.3751 -7.0325
v  -1.2072 -0.4308 -7.0170
v  -1.1718 -0.5195 -6.9119
v  -1.1838 -0.4633 -6.8988
v  -1.1676 -0.5030 -6.8718
v  -1.1243 -0.4932 -6.8232
v  -1.6096 -0.7767 -7.0463
v  -1.5338 -0.8356 -6.9928
v  -1.5231 -0.8607 -6.9590
v  -1.4761 -0.8602 -6.9666
v  -1.4150 -0.8827 -6.9316
v  -1.4124 -0.8713 -6.9538
v  -1.3463 -0.8700 -6.9572
v  -1.5193 -0.4682 -6.7451
v  -1.5144 -0.6355 -6.8322
v  -1.6278 -0.6424 -6.9487
v  -1.6795 -0.6242 -7.0294
v  -1.7160 -0.5036 -6.8705
v  -1.7063 -0.5641 -6.8344
v  -1.6645 -0.5391 -6.8118
v  -1.6688 -0.5339 -6.7886
v  -1.6072 -0.5239 -6.8204
v  -1.5899 -0.5142 -6.8037
v  -1.6075 -0.4585 -6.8638
v  -1.6264 -0.4612 -6.8464
v  -1.7167 -0.5514 -6.9569
v  -1.7463 -0.5425 -6.9211
v  -1.7600 -0.5154 -6.8939
v  -1.7449 -0.5184 -6.8757
v  -1.7345 -0.4954 -6.8560
v  -1.6911 -0.4745 -6.8186
v  -1.6909 -0.4749 -6.8334
v  -1.6855 -0.6535 -7.0576
v  -1.6389 -0.6878 -6.9723
v  -1.5158 -0.7093 -6.8593
v  -1.3693 -0.4181 -7.3436
v  -1.6411 -0.0617 -6.8247
v  -1.6541 -0.0880 -6.8271
v  -1.6608 -0.1167 -6.8284
v  -1.5602 -0.3899 -7.0089
v  -1.5433 -0.3334 -7.0287
v  -1.5821 -0.3466 -6.9083
v  -1.5683 -0.3027 -6.9073
v  -1.6848 -0.3141 -6.8564
v  -1.6759 -0.2673 -6.8569
v  -1.7410 -0.2618 -6.8898
v  -1.1258 -0.6044 -6.9057
v  -1.1187 -0.5435 -6.9262
v  -1.0891 -0.5519 -6.9465
v  -1.1568 -0.7475 -6.9644
v  -1.0958 -0.6770 -7.0151
v  -1.1564 -0.7108 -6.9375
v  -1.1035 -0.6436 -6.9882
v  -1.1667 -0.6553 -6.9160
v  -1.1175 -0.5973 -6.9660
v  -1.1883 -0.5864 -6.8796
v  -1.1386 -0.5321 -6.9307
v  -1.6523 -0.4392 -6.8189
v  -1.6060 -0.4505 -6.8611
v  -1.5923 -0.4134 -6.8886
v  -1.5964 -0.4711 -6.8978
v  -1.5797 -0.4603 -6.9672
v  -1.3511 -0.5182 -7.4072
v  -1.4308 -0.5111 -7.4012
v  -1.5310 -0.5160 -7.3588
v  -1.6224 -0.5434 -7.2725
v  -1.0512 -0.1191 -6.9803
v  -1.0706 -0.5228 -6.8435
v  -1.2891 0.0638 -7.2585
v  -1.3176 0.1157 -7.2380
v  -1.3309 0.1325 -7.1988
v  -1.3793 0.1362 -7.2112
v  -1.3815 0.1241 -7.1531
v  -1.4284 0.1361 -7.2018
v  -1.4782 0.1224 -7.1649
v  -1.1971 -0.0710 -7.2190
v  -1.2695 -0.0988 -7.2892
v  -1.2719 -0.0407 -7.2870
v  -1.3827 -0.0473 -7.3215
v  -1.3820 -0.0015 -7.2912
v  -1.4947 -0.0324 -7.2938
v  -1.5674 -0.0088 -7.2345
v  -1.5966 0.0601 -7.1391
v  -1.5196 -0.1141 -7.1409
v  -1.6507 -0.4463 -6.8168
v  -1.5786 -0.5361 -6.8634
v  -1.6025 -0.5392 -6.8578
v  -1.6280 -0.4911 -6.8928
v  -1.6227 -0.2168 -6.7632
v  -1.5222 -0.2273 -6.6963
v  -1.4956 -0.0748 -6.7370
v  -1.4066 -0.1037 -6.7018
v  -1.4071 -0.0625 -6.7174
v  -1.3080 -0.0797 -6.7303
v  -1.3258 -0.0455 -6.7502
v  -1.2235 -0.0152 -6.8314
v  -1.1325 -0.5402 -6.9036
v  -1.1462 -0.5980 -6.8779
v  -1.1705 -0.5988 -6.8823
v  -1.1250 -0.5006 -6.8222
v  -1.6220 0.0527 -6.9322
v  -1.5929 0.0406 -6.8397
v  -1.4788 -0.0050 -6.7506
v  -1.4730 -0.0269 -6.7657
v  -1.0188 -0.2460 -6.9335
v  -1.2625 0.0140 -6.8310
v  -1.2420 0.0422 -6.9141
v  -1.2780 0.0598 -7.0172
v  -1.3460 0.0549 -7.0751
v  -1.3402 0.0583 -7.1101
v  -1.3861 0.0580 -7.0837
v  -1.6212 0.0638 -7.0413
v  -1.6122 0.0179 -7.1413
v  -1.2108 -0.1077 -7.1958
v  -1.4073 -0.0476 -6.7133
v  -1.1937 -0.2290 -6.7507
v  -1.3002 -0.2319 -6.6882
v  -1.4138 -0.2440 -6.6679
v  -1.5607 0.0190 -6.8300
v  -1.5805 0.0472 -6.8419
v  -1.6146 0.0756 -6.9254
v  -1.1278 -0.5282 -6.8624
v  -1.6341 -0.4726 -6.8542
v  -1.2963 -0.6365 -6.8171
v  -1.2931 -0.7162 -6.8434
v  -1.2912 -0.7798 -6.8642
v  -1.2960 -0.8201 -6.9006
v  -1.1540 -0.0908 -6.8227
v  -1.5330 0.0195 -6.8427
v  -1.5771 0.0545 -6.9227
v  -1.5947 0.0776 -6.9265
v  -1.5979 0.0986 -7.0318
v  -1.5552 0.1074 -7.1282
v  -1.4301 0.0617 -7.1128
v  -1.3849 0.0613 -7.1168
v  -1.1629 -0.0013 -7.1300
v  -1.2358 -0.0994 -7.1172
v  -1.2695 -0.1242 -7.1342
v  -1.4268 0.0580 -7.0776
v  -1.4976 0.0680 -7.0239
v  -1.5417 0.0524 -6.9240
# 459 vertices

vn 0.1587 -0.8461 -0.5088
vn 0.0436 0.9780 0.2040
vn 0.5108 0.5501 -0.6607
vn 0.6963 -0.6559 0.2914
vn 0.2428 -0.4578 0.8552
vn 0.7832 0.4907 -0.3818
vn 0.0292 -0.8484 -0.5285
vn -0.9943 -0.0548 0.0918
vn 0.8283 -0.2865 0.4815
vn -0.0251 -0.9734 0.2279
vn 0.6797 -0.0194 0.7332
vn 0.0605 0.3934 -0.9174
vn 0.1377 0.4722 -0.8707
vn 0.4427 0.3524 -0.8245
vn 0.7305 0.5984 -0.3291
vn 0.2777 -0.0851 -0.9569
vn 0.4646 0.8384 0.2849
vn 0.9808 -0.1007 -0.1667
vn -0.6162 0.6586 0.4319
vn -0.8226 -0.0059 -0.5686
vn -0.6007 -0.4261 -0.6765
vn -0.6207 0.2327 -0.7487
vn -0.4168 0.7253 -0.5480
vn 0.6939 0.6575 -0.2934
vn 0.9114 0.1306 0.3902
vn -0.1086 -0.9828 0.1492
vn -0.2353 -0.9579 -0.1646
vn -0.2796 -0.8715 -0.4030
vn -0.9661 0.0193 -0.2573
vn -0.3587 -0.5870 -0.7258
vn -0.5956 0.1959 0.7790
vn 0.2114 -0.8844 0.4162
vn 0.2293 -0.8694 0.4377
vn 0.1693 0.4549 -0.8743
vn 0.4293 -0.8572 0.2844
vn -0.1726 0.7501 -0.6384
vn -0.3492 0.5482 -0.7600
vn -0.4311 0.3858 -0.8156
vn -0.8432 0.4007 -0.3585
vn -0.2986 0.7158 0.6313
vn -0.5912 0.7453 0.3084
vn -0.1020 0.8856 -0.4532
vn -0.9623 0.1343 -0.2366
vn -0.9412 0.1337 -0.3104
vn 0.1546 -0.7819 0.6039
vn 0.0903 -0.7704 -0.6312
vn -0.8456 0.1368 0.5161
vn 0.1231 0.7474 0.6528
vn 0.4098 0.0265 -0.9118
vn -0.6221 -0.0012 -0.7829
vn -0.1002 -0.8300 0.5487
vn 0.4038 0.1770 -0.8975
vn 0.0537 0.7670 -0.6393
vn 0.2679 0.4692 -0.8415
vn -0.0673 0.8736 -0.4820
vn 0.0782 -0.5841 -0.8079
vn 0.1738 -0.5860 -0.7914
vn 0.1843 -0.5859 -0.7891
vn 0.2771 -0.5818 -0.7647
vn -0.5349 -0.6974 -0.4770
vn -0.4088 -0.9090 -0.0812
vn -0.4711 -0.8476 -0.2442
vn -0.0925 -0.8708 0.4829
vn -0.7636 -0.5904 0.2614
vn -0.7740 -0.5861 0.2394
vn -0.7935 -0.5765 0.1949
vn -0.7998 -0.5729 0.1794
vn -0.2487 0.7563 -0.6051
vn -0.1690 0.7642 -0.6224
vn -0.0868 0.7670 -0.6357
vn -0.0061 0.7646 -0.6444
vn -0.9924 0.0780 -0.0952
vn -0.9764 0.1747 -0.1270
vn -0.9800 0.1578 -0.1215
vn -0.9538 0.2582 -0.1539
vn -0.3885 0.4064 -0.8270
vn -0.4083 0.7415 -0.5325
vn -0.4111 0.6692 -0.6190
vn -0.3663 0.9036 -0.2222
vn 0.0567 -0.8961 -0.4402
vn 0.0591 -0.8950 -0.4422
vn 0.0883 -0.8862 -0.4548
vn 0.0899 -0.8852 -0.4564
vn 0.0965 -0.8878 -0.4499
vn 0.9586 0.2805 -0.0498
vn 0.9934 0.1064 -0.0431
vn 0.9866 -0.0366 -0.1590
vn 0.9315 -0.3052 -0.1977
vn 0.0952 -0.8513 -0.5160
vn -0.0698 0.8929 0.4448
vn -0.2140 0.9738 0.0776
vn -0.5479 0.8364 0.0145
vn -0.9957 -0.0178 -0.0914
vn -0.9862 -0.1606 -0.0411
vn -0.9490 -0.0723 0.3069
vn -0.9033 0.0179 0.4287
vn -0.7587 -0.1904 0.6230
vn -0.4694 -0.5912 0.6558
vn -0.0544 -0.9644 0.2588
vn -0.2435 0.2006 0.9489
vn -0.3625 -0.2713 0.8916
vn -0.3072 -0.2043 0.9295
vn 0.8132 0.3620 -0.4557
vn 0.7828 0.3943 -0.4814
vn 0.4372 0.5027 -0.7457
vn 0.4146 0.6529 -0.6340
vn 0.4244 0.7239 -0.5439
vn 0.3901 0.7972 -0.4606
vn 0.4100 0.8340 -0.3693
vn -0.6642 -0.4931 -0.5620
vn -0.7825 -0.3354 -0.5246
vn -0.8836 0.3653 -0.2931
vn -0.9192 0.2861 -0.2705
vn -0.8268 0.5209 -0.2122
vn 0.5382 -0.1769 -0.8240
vn 0.5479 -0.2276 -0.8050
vn 0.5261 -0.2456 -0.8142
vn 0.5141 -0.3066 -0.8010
vn 0.4592 -0.3809 -0.8025
vn 0.2257 0.9694 0.0965
vn 0.2152 0.9737 0.0750
vn 0.3067 0.9514 0.0257
vn 0.7397 0.6438 -0.1960
vn 0.8215 0.5161 -0.2425
vn 0.0099 -0.8319 0.5548
vn 0.0531 -0.8612 0.5055
vn 0.1629 -0.8771 0.4518
vn 0.1925 -0.8788 0.4365
vn 0.2493 -0.8537 0.4572
vn 0.9099 -0.2258 0.3480
vn 0.9107 -0.2108 0.3552
vn 0.7649 -0.1394 0.6288
vn 0.8150 -0.1407 0.5621
vn 0.6012 -0.1052 0.7922
vn -0.2751 -0.7302 0.6254
vn -0.1652 -0.9750 -0.1487
vn -0.2521 -0.9311 0.2636
vn -0.1174 -0.9300 -0.3482
vn -0.1697 -0.9575 -0.2333
vn -0.0743 -0.6305 -0.7726
vn -0.0782 -0.6292 -0.7733
vn -0.1001 -0.6289 -0.7710
vn -0.1654 -0.6580 -0.7346
vn -0.1786 -0.6637 -0.7264
vn 0.2252 -0.8889 0.3989
vn 0.2308 -0.8865 0.4011
vn 0.0371 -0.7955 0.6048
vn -0.5377 -0.0769 0.8396
vn -0.6345 0.1982 0.7471
vn 0.3403 -0.8342 0.4340
vn 0.2987 -0.8517 0.4306
vn 0.5832 -0.4426 0.6811
vn 0.5925 -0.3535 0.7238
vn 0.6115 0.5114 0.6038
vn -0.8524 -0.1610 0.4975
vn -0.8641 -0.2173 0.4540
vn -0.8549 -0.2201 0.4698
vn -0.8376 -0.3001 0.4565
vn -0.8215 -0.3267 0.4673
vn -0.3467 0.4766 -0.8079
vn -0.3436 0.6089 -0.7149
vn -0.4751 0.6251 -0.6194
vn -0.5226 0.6980 -0.4896
vn -0.7013 0.5729 -0.4242
vn -0.4929 -0.3886 -0.7785
vn -0.5341 -0.4336 -0.7258
vn -0.5314 -0.4417 -0.7229
vn -0.4755 -0.5392 -0.6951
vn -0.4670 -0.5441 -0.6971
vn -0.0816 -0.4708 -0.8785
vn 0.1158 0.0659 -0.9911
vn -0.0399 -0.2029 -0.9784
vn -0.1796 0.0953 -0.9791
vn -0.2469 0.0488 -0.9678
vn -0.3196 -0.5165 -0.7944
vn -0.3219 -0.5006 -0.8036
vn -0.4190 -0.4909 -0.7639
vn -0.5278 -0.4877 -0.6954
vn -0.6642 -0.4896 -0.5650
vn 0.2360 0.7290 0.6426
vn 0.3663 0.7366 0.5686
vn 0.4140 0.7446 0.5236
vn 0.4849 0.7852 0.3850
vn 0.4664 0.8099 0.3558
vn -0.2310 0.4243 -0.8756
vn -0.1993 0.4542 -0.8683
vn -0.3131 0.5255 -0.7910
vn -0.3275 0.5489 -0.7691
vn -0.4920 0.5925 -0.6378
vn -0.2707 -0.9596 -0.0773
vn -0.2872 -0.9549 -0.0747
vn -0.3740 -0.9272 0.0204
vn -0.3739 -0.9260 0.0521
vn -0.3439 -0.9289 0.1375
vn -0.1464 -0.9502 0.2751
vn -0.1895 -0.9599 0.2066
vn -0.1707 -0.9734 0.1530
vn -0.1239 -0.9877 0.0950
vn -0.0755 -0.9959 0.0488
vn -0.0901 -0.9848 0.1487
vn 0.7441 0.6670 0.0381
vn 0.5942 0.7952 -0.1208
vn 0.6341 0.7684 -0.0869
vn 0.5130 0.8366 -0.1922
vn 0.5247 0.8306 -0.1867
vn 0.4767 0.8512 -0.2195
vn -0.9279 0.3117 -0.2045
vn -0.8416 0.4461 -0.3045
vn -0.7564 0.5208 -0.3957
vn -0.5753 0.6106 -0.5442
vn -0.4564 0.6504 -0.6071
vn -0.3270 0.6951 -0.6402
vn 0.9504 0.1716 0.2594
vn 0.9641 0.1685 0.2053
vn 0.9845 -0.1030 0.1421
vn 0.5783 -0.7867 0.2159
vn 0.2806 -0.9247 0.2573
vn 0.2895 -0.9023 0.3195
vn 0.0738 0.8699 -0.4876
vn 0.0520 0.8240 -0.5642
vn 0.0567 0.8364 -0.5451
vn -0.1406 0.8138 -0.5639
vn -0.2201 -0.7433 0.6317
vn -0.1457 0.8143 -0.5618
vn -0.3351 0.9366 -0.1020
vn -0.3297 0.9382 -0.1052
vn -0.4279 0.8690 -0.2486
vn -0.6108 0.6523 -0.4488
vn 0.2765 -0.6659 0.6929
vn 0.3442 -0.6431 0.6841
vn -0.9816 -0.0867 0.1702
vn -0.9644 -0.0242 0.2632
vn -0.9674 -0.0228 0.2524
vn -0.9739 -0.0051 0.2270
vn -0.9911 -0.0206 0.1318
vn -0.9985 -0.0553 0.0047
vn -0.6991 -0.3462 -0.6257
vn -0.5212 -0.4032 -0.7522
vn -0.4603 -0.4214 -0.7813
vn -0.0537 -0.4918 -0.8690
vn 0.0080 -0.4994 -0.8663
vn 0.3046 -0.4879 -0.8180
vn -0.1202 -0.9376 0.3262
vn -0.6517 -0.6689 0.3577
vn -0.3651 -0.8550 0.3683
vn -0.7150 -0.5804 0.3897
vn -0.7265 -0.6111 0.3143
vn -0.7351 -0.6088 0.2982
vn 0.1043 0.9146 -0.3906
vn 0.2137 0.9674 -0.1356
vn -0.0677 0.7508 -0.6571
vn -0.3523 -0.2042 -0.9133
vn -0.3594 -0.4531 -0.8158
vn -0.2094 -0.8527 -0.4787
vn -0.0307 -0.9624 0.2698
vn 0.7810 -0.4458 -0.4375
vn 0.8793 -0.3689 -0.3013
vn 0.8912 -0.4234 -0.1626
vn 0.8996 -0.3766 0.2210
vn 0.8192 -0.1968 0.5386
vn 0.7111 -0.1654 0.6833
vn 0.6549 -0.2103 0.7259
vn 0.7081 -0.4463 -0.5472
vn 0.7008 -0.4519 -0.5519
vn 0.5950 -0.4529 -0.6639
vn 0.5941 -0.4375 -0.6751
vn 0.5783 0.0289 -0.8153
vn 0.6063 0.0417 -0.7941
vn 0.3774 0.0905 -0.9216
vn 0.8849 0.3690 -0.2843
vn 0.8836 0.3706 -0.2861
vn 0.9593 -0.2176 0.1797
vn 0.9267 0.2994 -0.2273
vn 0.6558 0.0124 0.7549
vn 0.3694 0.0046 0.9293
vn 0.7620 0.0557 0.6451
vn 0.9490 0.3141 -0.0254
vn 0.9288 0.3706 -0.0035
vn 0.9395 0.3416 -0.0250
vn 0.9512 0.3073 -0.0296
vn 0.9554 0.2949 -0.0144
vn 0.9755 0.2175 -0.0337
vn 0.9574 0.2878 0.0237
vn 0.3050 0.1661 0.9378
vn 0.5029 0.1800 0.8454
vn 0.7192 0.1730 0.6730
vn 0.9153 0.1511 0.3734
vn 0.9815 0.1311 0.1396
vn 0.9884 0.1300 -0.0791
vn 0.9871 0.1380 -0.0810
vn -0.7606 0.6481 -0.0387
vn -0.7542 0.6556 -0.0379
vn -0.6981 0.7066 0.1161
vn -0.6566 0.7290 0.1935
vn -0.4187 0.8615 0.2873
vn -0.4003 0.8732 0.2780
vn -0.3880 0.8695 0.3056
vn -0.9763 0.0580 -0.2083
vn -0.9785 0.0371 -0.2027
vn -0.9994 0.0324 0.0136
vn -0.9619 0.0748 0.2629
vn -0.8058 0.1495 0.5730
vn -0.6111 0.2047 0.7646
vn -0.4276 0.2262 0.8752
vn -0.6705 -0.6574 -0.3439
vn -0.5873 -0.7721 -0.2428
vn -0.6188 -0.7655 -0.1760
vn -0.5462 -0.6069 0.5774
vn -0.4763 -0.5595 0.6783
vn -0.3001 -0.3586 0.8840
vn -0.2882 -0.2633 0.9207
vn -0.4335 0.8834 -0.1780
vn -0.4723 0.8641 -0.1741
vn -0.5467 0.8305 -0.1069
vn -0.5883 0.8048 -0.0792
vn -0.7257 0.6832 0.0808
vn -0.6961 0.7162 0.0509
vn -0.7908 0.5781 0.2013
vn 0.2779 0.8120 0.5132
vn 0.6869 0.6019 0.4073
vn 0.4406 0.7767 0.4501
vn 0.4791 0.0757 -0.8745
vn 0.2046 0.0948 -0.9742
vn -0.2907 0.1387 -0.9467
vn -0.3312 0.0948 -0.9388
vn -0.4194 -0.2998 -0.8569
vn -0.4240 -0.3364 -0.8409
vn -0.5982 -0.3532 -0.7193
vn -0.8580 -0.2588 -0.4437
vn -0.9620 -0.1919 -0.1944
vn -0.9736 -0.1619 -0.1607
vn -0.9798 -0.1980 0.0294
vn 0.4176 -0.6391 -0.6459
vn 0.4104 -0.6401 -0.6495
vn 0.2329 -0.6567 -0.7173
vn 0.1660 -0.6734 -0.7205
vn 0.1429 -0.7263 -0.6724
vn 0.1522 -0.7225 -0.6745
vn 0.1108 -0.7688 -0.6298
vn 0.1083 -0.7732 -0.6248
vn 0.7829 0.1702 0.5984
vn 0.9368 0.0536 0.3457
vn 0.9878 0.0547 0.1456
vn 0.9559 -0.1199 -0.2681
vn 0.7828 -0.1907 -0.5923
vn 0.5455 -0.4082 -0.7320
vn 0.3129 -0.4765 -0.8216
vn 0.0577 -0.6995 -0.7123
vn 0.1137 -0.3504 0.9297
vn 0.3272 -0.3284 0.8860
vn 0.3163 -0.3321 0.8886
vn 0.6232 -0.2563 0.7389
vn 0.6602 -0.2481 0.7089
vn 0.8852 -0.1190 0.4498
vn 0.9365 -0.1014 0.3356
vn 0.9852 -0.1019 0.1377
vn 0.9821 -0.1442 0.1212
vn -0.0792 -0.9942 0.0732
vn -0.0801 -0.9939 0.0752
vn -0.1235 -0.9881 0.0921
vn -0.1253 -0.9871 0.0996
vn -0.1517 -0.9778 0.1445
vn -0.4310 -0.9020 -0.0241
vn -0.8146 -0.4663 -0.3449
vn -0.8760 -0.2164 -0.4310
vn -0.8779 -0.2175 -0.4266
vn 0.6480 0.4695 -0.5997
vn 0.3179 0.5185 -0.7938
vn 0.5136 0.4907 -0.7039
vn 0.2564 0.2865 -0.9231
vn 0.3305 0.2216 -0.9174
vn 0.4169 -0.0409 -0.9080
vn 0.5491 0.2196 -0.8064
vn 0.5982 0.2078 -0.7740
vn 0.6174 0.4629 -0.6360
vn 0.3223 0.0753 0.9436
vn -0.0890 -0.0392 0.9953
vn -0.2058 -0.0890 0.9745
vn -0.7420 -0.3240 0.5868
vn -0.7922 -0.3464 0.5025
vn -0.8236 -0.4356 -0.3632
vn -0.8247 -0.4037 -0.3961
vn -0.5452 -0.3323 -0.7696
vn -0.5716 -0.2960 -0.7653
vn -0.5359 -0.6964 -0.4773
vn -0.6886 -0.6788 -0.2553
vn -0.7753 -0.5954 -0.2108
vn -0.9343 -0.3438 0.0944
vn -0.9099 -0.0575 0.4109
vn -0.8508 0.0545 0.5227
vn -0.1408 0.1734 0.9747
vn -0.4911 0.2844 0.8233
vn 0.2861 0.0590 0.9564
vn -0.1380 -0.7323 -0.6669
vn -0.1342 -0.7504 -0.6472
vn -0.1454 -0.7595 -0.6340
vn -0.1739 -0.8119 -0.5573
vn -0.1080 -0.8275 -0.5510
vn -0.0687 -0.8732 -0.4826
vn -0.0374 -0.8868 -0.4606
vn -0.0337 -0.8868 -0.4610
vn -0.0066 -0.8885 -0.4588
vn -0.6691 -0.3585 0.6510
vn -0.6743 -0.3610 0.6442
vn -0.6772 -0.3457 0.6496
vn -0.7249 -0.2848 0.6273
vn -0.8057 -0.1743 0.5661
vn -0.9058 -0.0214 0.4232
vn -0.9292 0.0110 0.3693
vn -0.9843 0.0205 0.1753
vn -0.9883 0.0006 0.1524
vn 0.8951 -0.1212 -0.4290
vn 0.8930 -0.1213 -0.4334
vn 0.8846 -0.3568 -0.3002
vn 0.6030 -0.7893 0.1155
vn 0.3484 -0.8844 0.3106
vn 0.3235 -0.9070 0.2697
vn 0.3218 -0.9097 0.2627
vn 0.2801 -0.9269 0.2497
vn 0.2793 -0.9277 0.2478
vn 0.3177 -0.4819 -0.8166
vn 0.4277 -0.3691 -0.8251
vn 0.5107 -0.3363 -0.7912
vn 0.7345 -0.1238 -0.6673
vn 0.8170 -0.1142 -0.5652
vn 0.9614 0.1621 -0.2224
vn 0.3526 0.9105 -0.2160
vn 0.0342 0.9820 -0.1859
vn -0.0534 0.9941 0.0943
vn -0.3828 0.3245 -0.8650
vn -0.4689 0.2011 -0.8601
vn -0.8469 -0.3942 -0.3569
vn -0.8201 -0.5351 -0.2027
vn -0.7333 -0.5733 0.3655
vn -0.7212 -0.3562 0.5942
vn -0.5247 -0.3711 0.7662
vn -0.5174 0.8463 0.1265
vn -0.4109 0.9111 -0.0337
vn -0.5391 -0.5388 -0.6474
vn -0.5196 -0.6324 -0.5746
vn -0.6201 -0.6270 -0.4716
vn -0.8167 -0.3817 0.4327
vn -0.7976 -0.3304 0.5047
vn -0.5449 -0.2614 0.7967
vn -0.4402 -0.2718 0.8558
vn -0.2722 -0.3323 0.9030
vn -0.2726 -0.3425 0.8991
vn -0.0556 0.5894 -0.8059
vn -0.0703 0.5688 -0.8195
vn 0.0378 0.5512 -0.8335
vn 0.0995 0.6866 -0.7202
vn 0.1734 0.8101 -0.5601
vn 0.1774 0.7415 -0.6471
vn 0.2425 0.6599 -0.7112
vn 0.4372 0.4333 -0.7881
vn 0.5246 0.4199 -0.7405
vn -0.5382 0.7928 0.2862
vn -0.3829 0.8780 0.2872
vn -0.5119 0.7938 0.3285
vn -0.4317 0.8371 0.3360
vn -0.6643 0.6054 0.4383
vn -0.5725 0.6909 0.4415
vn -0.7788 0.2994 0.5511
vn -0.6423 0.5522 0.5316
vn -0.7784 0.1527 0.6089
vn 0.6820 -0.2809 -0.6753
vn 0.6535 -0.3277 -0.6823
vn 0.9062 -0.3269 -0.2683
vn 0.8824 -0.3784 -0.2797
vn 0.7601 -0.2337 0.6064
vn 0.7091 -0.2268 0.6676
vn 0.0861 -0.0164 0.9962
vn -0.0251 0.0171 0.9995
vn -0.4423 0.0948 0.8918
vn -0.2119 0.9020 -0.3761
vn -0.1871 0.8771 -0.4423
vn -0.4500 0.6984 -0.5565
vn -0.7904 -0.0906 -0.6058
vn -0.6087 -0.6823 -0.4049
vn -0.4080 -0.8734 -0.2659
vn 0.3638 -0.6649 0.6523
vn 0.3832 -0.6126 0.6913
vn 0.6033 0.1715 0.7789
vn 0.5896 0.1655 0.7905
vn 0.7279 -0.6771 -0.1081
vn 0.6724 -0.7156 -0.1892
vn 0.8025 -0.5818 0.1323
vn 0.8312 -0.4911 0.2607
vn 0.7948 -0.2434 0.5559
vn 0.7854 -0.1583 0.5984
vn 0.7595 -0.0994 0.6429
vn 0.7604 -0.0904 0.6432
vn 0.7639 -0.0978 0.6379
vn 0.7639 -0.0974 0.6379
vn 0.8933 0.1026 0.4376
vn 0.8999 0.0786 0.4290
vn 0.9083 0.0699 0.4124
vn 0.9124 0.0690 0.4035
vn 0.9327 0.0367 0.3587
vn 0.9388 0.0260 0.3435
vn 0.9678 -0.2497 -0.0334
vn 0.9281 -0.3373 -0.1578
vn 0.7064 -0.5172 -0.4831
vn 0.7259 -0.5051 -0.4669
vn -0.0334 0.7498 -0.6609
vn 0.0553 0.7583 -0.6495
vn 0.1486 0.7445 -0.6509
vn 0.2752 0.7389 -0.6150
vn 0.3644 0.6966 -0.6180
vn 0.5903 0.6187 -0.5185
vn 0.6743 0.5171 -0.5272
vn 0.3242 -0.7257 -0.6068
vn 0.0758 -0.8695 -0.4881
vn 0.0639 -0.8480 -0.5262
vn -0.3810 0.0668 0.9222
vn 0.4047 0.4521 0.7948
vn -0.0021 0.2503 0.9682
vn 0.7868 0.2046 0.5823
vn 0.8577 0.0890 0.5064
vn 0.9487 -0.2245 0.2225
vn 0.8546 -0.5158 -0.0601
vn 0.7580 -0.6312 -0.1640
vn 0.6603 -0.6706 -0.3380
vn 0.6598 -0.6712 -0.3378
vn 0.0571 -0.8128 -0.5797
vn -0.0291 -0.8082 -0.5882
vn -0.0337 -0.8102 -0.5852
vn -0.1142 -0.8456 -0.5214
vn -0.1422 -0.8695 -0.4730
vn -0.1765 -0.8627 -0.4740
vn -0.1777 -0.8617 -0.4752
vn -0.1577 -0.8494 -0.5037
vn -0.1496 -0.8492 -0.5064
vn -0.0899 -0.8320 -0.5475
vn -0.0840 -0.8321 -0.5483
vn 0.9458 -0.1562 0.2847
vn 0.9978 0.0129 0.0651
vn 0.9917 -0.0162 -0.1272
vn -0.0024 -0.2654 -0.9641
vn -0.0863 -0.1346 -0.9871
vn 0.3753 0.2969 -0.8781
vn 0.5001 0.4097 -0.7629
vn 0.7293 0.6188 -0.2918
vn 0.7635 0.6328 -0.1289
vn 0.7616 0.6197 0.1893
vn 0.7961 0.5435 0.2662
vn -0.1259 -0.6507 0.7488
vn -0.0762 -0.7388 0.6696
vn -0.0203 -0.9237 0.3826
vn -0.5061 -0.8624 -0.0091
vn -0.7542 -0.6158 -0.2280
vn -0.9956 0.0195 -0.0914
vn -0.9332 0.0794 0.3504
vn -0.8261 -0.1214 0.5503
vn -0.2519 -0.5794 0.7751
vn -0.1539 -0.7905 0.5928
vn -0.1978 -0.8539 0.4814
vn 0.4699 0.6474 -0.6001
vn 0.5356 0.5933 -0.6010
vn 0.4973 0.6869 -0.5299
vn 0.4234 0.8053 -0.4150
vn 0.2042 0.9628 -0.1771
vn 0.0579 0.9936 0.0969
vn -0.0065 0.9704 0.2413
vn -0.0189 0.9648 0.2623
vn -0.0279 0.9629 0.2685
vn -0.0048 0.9690 0.2471
vn 0.0247 0.9785 0.2048
vn 0.6837 0.0550 -0.7277
vn 0.5162 0.0530 -0.8548
vn 0.4531 0.1262 -0.8825
vn 0.0853 0.4856 -0.8700
vn 0.0218 0.5454 -0.8379
vn -0.2624 0.5319 -0.8051
vn -0.2833 0.5348 -0.7961
vn -0.4611 0.5771 -0.6740
vn -0.6248 0.4613 -0.6300
vn -0.7482 0.3135 -0.5847
vn -0.8318 0.1131 -0.5434
vn -0.0531 0.3151 -0.9476
vn -0.3100 0.3086 -0.8992
vn -0.2425 0.2692 -0.9321
vn -0.3473 0.2325 -0.9085
vn -0.2952 0.2025 -0.9337
vn -0.3383 0.2392 -0.9101
vn -0.4144 0.3278 -0.8490
vn -0.4311 0.6360 -0.6401
vn -0.5448 0.7125 -0.4422
vn -0.5619 0.8027 -0.1998
vn -0.5422 0.8178 -0.1929
vn -0.2140 0.9763 -0.0320
vn -0.2992 0.9188 -0.2577
vn -0.6213 0.4014 -0.6729
vn -0.2277 0.8107 -0.5394
vn 0.8347 0.3976 0.3811
vn 0.9526 -0.2207 -0.2093
vn 0.6257 -0.7795 0.0306
vn -0.2522 -0.7228 0.6434
vn -0.4658 -0.5612 0.6842
vn -0.8301 0.0062 0.5576
vn -0.8423 0.0021 0.5390
vn -0.5054 0.3041 0.8076
vn -0.4392 0.3027 0.8458
vn -0.3319 0.3062 0.8923
vn -0.1062 0.3347 0.9363
vn -0.0092 0.3831 0.9237
vn 0.3017 0.5625 0.7698
vn 0.3073 0.5849 0.7506
vn 0.5663 0.6482 0.5090
vn 0.5575 0.6273 0.5437
vn 0.7266 0.6099 0.3164
vn 0.7493 0.5736 0.3310
vn -0.2515 0.6144 0.7478
vn -0.2993 0.6218 0.7238
vn -0.3799 0.5356 0.7542
vn -0.3920 0.3771 0.8391
vn -0.9657 0.0315 0.2577
vn -0.3187 0.2468 0.9152
vn -0.9496 -0.3113 -0.0363
vn -0.2842 0.0243 0.9585
vn -0.4325 -0.1061 0.8954
vn -0.1308 -0.0060 0.9914
vn 0.0051 0.0682 0.9977
vn 0.2580 -0.7511 0.6077
vn 0.2363 -0.7274 0.6443
vn 0.2857 -0.6340 0.7186
vn 0.8414 -0.1875 0.5068
vn 0.8498 -0.0302 0.5263
vn 0.9957 0.0853 -0.0357
vn 0.6476 -0.7548 0.1039
vn 0.1742 -0.8134 0.5550
vn 0.0706 -0.7432 0.6653
vn 0.0565 0.3757 0.9250
vn 0.0466 0.5664 0.8228
vn 0.8553 0.0721 0.5132
vn 0.8436 0.0702 0.5323
vn 0.6038 -0.5712 0.5561
vn 0.4238 -0.7620 0.4896
vn -0.4580 -0.8829 -0.1035
vn -0.8773 -0.4332 -0.2066
vn -0.9152 0.1784 0.3614
vn 0.0587 0.8828 -0.4660
vn 0.5162 0.6371 -0.5723
vn 0.1498 0.9886 -0.0159
vn 0.1278 0.9818 0.1407
vn 0.2237 0.9658 0.1315
vn -0.1091 -0.9860 0.1263
vn -0.1539 -0.9795 0.1301
vn -0.2597 -0.9590 0.1135
vn -0.9246 -0.3611 0.1213
vn -0.9790 -0.1342 0.1536
vn -0.8170 -0.1137 0.5654
vn -0.8745 -0.1110 0.4721
vn -0.3973 0.3471 0.8495
vn -0.1749 0.7200 0.6716
vn 0.4830 0.7751 -0.4074
vn 0.5478 0.5872 -0.5959
vn 0.4886 0.7183 -0.4953
vn -0.5260 -0.5106 -0.6801
vn -0.8880 -0.4082 -0.2118
vn -0.8368 -0.4376 -0.3291
vn -0.8750 -0.1608 0.4566
vn -0.8499 -0.1053 0.5163
vn -0.3916 0.1003 0.9147
vn -0.0335 0.1501 0.9881
vn 0.4653 0.1462 0.8730
vn 0.6662 0.1624 0.7279
vn 0.9172 0.1814 0.3546
vn 0.9637 0.2302 0.1355
vn 0.9287 0.3470 -0.1308
vn 0.9103 0.3888 -0.1419
vn -0.4753 0.5612 -0.6776
vn -0.5292 0.5487 -0.6472
vn -0.5237 0.6062 -0.5985
vn -0.1817 0.9540 0.2384
vn -0.1292 0.9403 0.3148
vn -0.0305 0.9552 0.2945
vn -0.0502 0.9544 0.2942
vn -0.2119 0.9473 0.2402
vn -0.2408 0.9449 0.2217
vn -0.2448 0.9519 0.1843
vn -0.1242 0.9865 0.1067
vn -0.1266 0.9891 0.0754
vn 0.0526 0.9931 0.1052
vn -0.9827 -0.1491 -0.1097
vn -0.9955 -0.0668 -0.0668
vn -0.9738 0.0141 0.2268
vn -0.9462 0.0288 0.3223
vn -0.7634 -0.1498 0.6283
vn -0.7528 -0.1356 0.6441
vn -0.4691 -0.2699 0.8409
vn -0.4614 -0.2655 0.8465
vn -0.1258 -0.3396 0.9321
vn -0.1009 -0.4293 0.8975
vn 0.0643 -0.9462 -0.3170
vn 0.0105 -0.8825 -0.4702
vn 0.0467 -0.8280 -0.5588
vn -0.9220 0.2791 0.2682
vn -0.8720 0.1978 0.4477
vn -0.8573 0.2146 0.4679
vn -0.7068 0.0574 0.7051
vn -0.6904 0.0617 0.7207
vn -0.3332 -0.3730 0.8659
vn -0.3517 -0.3628 0.8630
vn 0.5191 0.8331 -0.1910
vn 0.2271 0.9462 -0.2306
vn 0.2745 0.9446 -0.1800
vn 0.4047 0.8651 -0.2963
vn 0.7922 0.2046 -0.5749
vn 0.8084 0.0893 -0.5819
vn -0.9062 0.3473 -0.2412
vn -0.8756 0.3412 -0.3418
vn -0.8619 0.3130 -0.3990
vn -0.7762 0.1280 -0.6173
vn -0.7367 0.1023 -0.6684
vn -0.4514 0.0822 -0.8885
vn -0.4169 0.0895 -0.9046
vn -0.0107 0.0800 -0.9967
vn 0.0799 -0.0025 -0.9968
vn 0.5150 -0.3762 -0.7702
vn 0.5584 -0.4634 -0.6881
vn 0.7434 -0.4853 -0.4603
vn 0.7533 -0.5300 -0.3894
vn 0.9538 0.1470 -0.2619
vn 0.9658 0.2577 0.0301
vn 0.9034 0.2432 0.3531
vn 0.8023 0.2774 0.5285
vn 0.6009 0.1050 0.7924
vn 0.5959 0.1117 0.7953
vn 0.2039 -0.3205 0.9250
vn 0.1847 -0.3008 0.9356
vn -0.9623 0.1971 0.1876
vn -0.9216 0.3869 -0.0306
vn -0.5787 0.7331 -0.3574
vn -0.5762 0.6328 -0.5172
vn -0.7092 0.1226 -0.6943
vn -0.7217 0.0059 -0.6922
vn 0.7176 -0.4123 -0.5613
vn 0.6870 -0.4590 -0.5634
vn 0.9162 -0.3438 -0.2058
vn 0.9076 -0.3643 -0.2088
vn 0.8326 0.0242 0.5534
vn 0.8052 0.0739 0.5884
vn 0.2834 0.2626 0.9224
vn -0.0867 0.2616 0.9613
vn -0.5756 0.1654 0.8008
vn -0.7558 0.1363 0.6404
vn -0.9672 0.1125 0.2275
vn -0.9897 0.1418 0.0214
vn -0.9462 0.2222 -0.2351
vn -0.9365 0.2539 -0.2417
vn -0.5132 -0.2301 0.8269
vn -0.0570 -0.2622 0.9633
vn -0.0197 -0.2874 0.9576
vn 0.5163 -0.4370 0.7365
vn 0.5009 -0.4778 0.7217
vn 0.3178 -0.9350 0.1571
vn 0.3027 -0.9475 0.1026
vn 0.2111 -0.9699 0.1216
vn 0.6705 -0.7406 0.0438
vn 0.9380 -0.3440 0.0433
vn 0.9979 0.0484 0.0423
vn 0.9974 0.0626 0.0359
vn 0.9511 0.3024 0.0623
vn 0.8773 0.4789 0.0320
vn 0.5013 -0.1846 0.8454
vn 0.3556 -0.1917 0.9148
vn 0.2949 -0.1782 0.9388
vn 0.0937 -0.1849 0.9783
vn -0.1518 -0.2755 0.9492
vn -0.3314 -0.3429 0.8790
vn -0.2946 -0.4206 0.8581
vn -0.4098 -0.3531 0.8410
vn -0.5565 -0.2717 0.7852
vn -0.7507 -0.1565 0.6418
vn -0.7949 -0.1408 0.5901
vn -0.9366 -0.0894 0.3388
vn -0.9659 -0.1062 0.2361
vn -0.6070 -0.5244 -0.5972
vn -0.4627 -0.5718 -0.6775
vn -0.9276 0.3205 -0.1920
vn -0.9399 0.2714 -0.2074
vn -0.8512 0.3422 -0.3979
vn -0.8061 0.3079 -0.5054
vn -0.6486 0.3571 -0.6721
vn -0.6042 0.1806 -0.7761
vn -0.5324 0.2189 -0.8177
vn -0.4036 0.0464 -0.9138
vn -0.2915 0.2715 -0.9172
vn -0.2260 0.3657 -0.9029
vn -0.4547 0.5334 -0.7132
vn -0.3307 0.5772 -0.7467
vn -0.6578 0.5090 -0.5552
vn -0.5201 0.5828 -0.6244
vn -0.7549 0.4679 -0.4595
vn 0.6637 0.5347 -0.5231
vn 0.7108 0.2480 -0.6582
vn 0.6642 0.5480 -0.5085
vn -0.2037 0.8439 0.4962
vn -0.3865 0.7481 0.5395
vn -0.9347 0.2872 0.2092
vn -0.9696 0.2070 0.1303
vn -0.9911 -0.1318 -0.0167
vn -0.9825 -0.1851 -0.0192
vn -0.9628 -0.2625 -0.0642
vn -0.9548 -0.2865 -0.0789
vn -0.8978 -0.3634 -0.2487
vn -0.8126 -0.5317 -0.2386
vn -0.6535 -0.7474 -0.1201
vn -0.6197 -0.7839 -0.0385
vn -0.5883 -0.8085 -0.0161
vn 0.9685 -0.2461 -0.0388
vn 0.9685 -0.2463 -0.0379
vn 0.5950 -0.7944 0.1225
vn 0.4890 -0.8624 0.1312
vn -0.6204 -0.7377 0.2663
vn -0.7456 -0.0553 0.6641
vn -0.2542 0.2569 0.9324
vn 0.2794 0.1528 0.9479
vn 0.4313 0.2523 0.8662
vn 0.7551 0.2736 0.5958
vn 0.8637 0.3467 0.3658
vn 0.9372 0.3127 0.1545
vn 0.9048 0.3438 -0.2514
vn 0.8668 0.2529 -0.4298
vn 0.5372 0.1166 -0.8353
vn 0.5622 0.0519 -0.8254
vn 0.3671 0.0328 -0.9296
vn 0.0831 0.8134 0.5758
vn 0.7515 0.5535 0.3589
vn 0.9160 0.3747 -0.1434
vn 0.8406 0.3592 -0.4053
vn 0.7535 0.4994 -0.4276
vn 0.7419 0.5197 -0.4237
vn 0.6769 0.5914 -0.4383
vn 0.6291 0.5661 -0.5327
vn 0.3550 0.5816 -0.7319
vn 0.3281 0.5183 -0.7898
vn 0.0719 -0.5392 -0.8391
vn 0.0450 -0.6797 -0.7321
vn -0.0799 -0.6969 -0.7127
vn -0.0562 -0.6728 -0.7377
vn -0.4073 -0.3297 -0.8517
vn -0.3252 -0.1898 -0.9264
vn -0.4903 -0.3921 -0.7783
vn -0.1320 -0.3567 -0.9249
vn -0.5244 -0.3449 -0.7785
vn -0.4173 -0.3101 -0.8542
vn -0.9174 -0.1204 -0.3793
vn -0.9496 -0.0375 -0.3111
vn -0.9779 0.0945 0.1867
vn -0.9350 0.1818 0.3046
vn -0.7788 0.2286 0.5841
vn -0.4892 0.3135 0.8139
vn -0.2854 0.2704 0.9194
vn 0.1479 0.4909 0.8586
vn 0.7584 0.3071 0.5749
vn 0.7674 -0.5312 0.3590
vn -0.3025 -0.9000 0.3138
vn -0.4213 -0.8563 0.2987
vn -0.9002 -0.4309 0.0633
vn -0.9002 -0.4309 0.0624
vn 0.0312 0.9805 -0.1943
vn 0.1552 0.9815 -0.1123
vn 0.2408 0.9634 -0.1176
vn 0.5788 0.8083 0.1082
vn 0.8144 0.5674 0.1218
vn 0.9156 0.0943 0.3909
vn 0.8711 -0.1354 0.4721
vn 0.7214 -0.2468 0.6471
vn 0.6453 -0.2463 0.7231
vn 0.5715 -0.2604 0.7782
vn 0.5638 -0.2221 0.7955
vn 0.5618 -0.2361 0.7929
vn 0.5836 -0.3440 0.7356
vn 0.5773 -0.4318 0.6930
vn 0.5853 -0.6620 0.4681
vn 0.4904 -0.8550 0.1687
vn 0.5071 -0.8491 0.1482
vn 0.2576 -0.9067 -0.3339
vn 0.5881 0.5962 0.5465
vn 0.6504 0.5254 0.5486
vn 0.5724 0.1216 0.8109
vn 0.8064 0.0658 0.5877
vn 0.9769 -0.1784 -0.1176
vn 0.9768 -0.2142 -0.0047
vn 0.6620 -0.2600 0.7029
vn 0.5294 -0.3156 0.7875
vn 0.2349 -0.3625 0.9019
vn 0.1440 -0.3699 0.9179
vn 0.1300 -0.3137 0.9406
vn 0.1248 -0.3190 0.9395
vn 0.1438 -0.4854 0.8624
vn 0.1299 -0.5389 0.8323
vn 0.1268 -0.9430 0.3078
vn 0.1004 -0.9696 0.2234
vn 0.0670 -0.9574 -0.2810
vn 0.0770 -0.9667 -0.2440
vn -0.1346 -0.9281 0.3472
vn -0.1972 -0.9018 0.3845
vn -0.1664 -0.9108 0.3779
vn -0.1451 -0.9087 0.3914
vn -0.1452 -0.9061 0.3974
vn -0.3005 -0.9428 0.1444
vn -0.4111 -0.8583 0.3071
vn -0.4866 -0.6117 0.6237
vn -0.1697 -0.4670 0.8678
vn 0.3842 0.0086 0.9232
vn 0.7494 0.0921 0.6556
vn 0.9353 0.0513 0.3500
vn 0.9975 0.0578 0.0402
vn 0.9333 -0.0042 -0.3591
vn 0.7045 -0.0301 -0.7090
vn 0.5636 -0.0890 -0.8212
vn 0.5622 -0.0393 -0.8261
vn 0.5836 -0.0645 -0.8095
vn 0.5911 -0.0250 -0.8062
vn -0.5585 -0.0167 -0.8293
vn -0.5280 -0.1246 -0.8400
vn -0.4902 -0.0863 -0.8673
vn -0.4699 -0.1913 -0.8617
vn -0.6106 -0.1288 -0.7814
vn -0.8872 -0.1384 -0.4402
vn -0.9957 -0.0608 -0.0702
vn -0.9668 -0.0405 0.2522
vn -0.8186 0.0508 0.5721
vn -0.4549 0.0590 0.8886
vn 0.1526 -0.4144 0.8972
vn 0.5604 -0.4614 0.6878
vn 0.4721 -0.7546 0.4558
vn 0.3713 -0.8617 0.3458
vn 0.2196 -0.8207 0.5274
vn 0.2181 -0.8246 0.5220
vn 0.2324 -0.8234 0.5177
vn 0.2563 -0.8119 0.5245
vn 0.2100 -0.8438 0.4939
vn -0.9498 -0.2201 0.2223
vn -0.9371 0.0134 0.3487
vn -0.6195 0.7228 0.3062
vn -0.6879 0.7034 0.1791
vn -0.8492 0.4997 -0.1709
vn -0.9084 0.2610 0.3267
vn -0.9737 0.1094 -0.2001
vn -0.7611 -0.1449 0.6323
vn -0.9523 -0.0911 0.2912
vn -0.5716 -0.2123 0.7926
vn -0.3808 -0.0796 0.9212
vn -0.1121 0.1063 0.9880
vn 0.0761 0.2534 0.9644
vn 0.3213 0.2530 0.9126
vn 0.3912 0.2824 0.8759
vn 0.4950 0.2839 0.8212
vn 0.5765 0.4495 0.6824
vn 0.5432 0.5049 0.6708
vn 0.5796 0.7120 0.3964
vn 0.5413 0.7415 0.3963
vn 0.1693 0.8968 0.4088
vn 0.1533 0.9144 0.3747
vn 0.3372 0.8872 0.3148
vn 0.7271 0.6751 0.1248
vn 0.7488 0.6527 0.1150
vn 0.1488 0.9567 0.2503
vn -0.1817 0.9517 0.2476
vn -0.7779 0.6134 -0.1364
vn -0.7873 0.5972 -0.1535
vn -0.6802 0.6550 -0.3289
vn -0.6797 0.6761 -0.2845
vn -0.5316 0.6961 -0.4825
vn -0.5385 0.6235 -0.5668
vn -0.3640 0.2612 -0.8940
vn -0.3206 0.1436 -0.9363
vn -0.0156 0.1105 -0.9938
vn 0.0587 0.1590 -0.9855
vn 0.3392 0.4368 -0.8332
vn 0.4401 0.4272 -0.7898
vn 0.6487 0.1376 -0.7485
vn 0.6738 0.0053 -0.7389
vn 0.4793 0.4680 0.7425
vn 0.2632 0.4740 0.8403
vn 0.2597 0.4848 0.8352
vn 0.0233 0.4875 0.8728
vn 0.0297 0.6683 0.7433
vn 0.0349 0.8627 0.5046
vn 0.1877 0.9583 0.2155
vn 0.2891 0.9561 0.0474
vn 0.4335 0.8910 -0.1351
vn 0.6887 0.6722 -0.2717
vn 0.8536 0.4719 -0.2208
vn 0.9856 0.1441 -0.0882
vn 0.9927 -0.0933 -0.0768
vn 0.6534 -0.7354 0.1795
vn 0.8134 -0.5587 0.1621
vn 0.2395 -0.8955 0.3751
vn 0.6205 -0.6560 0.4296
vn 0.5374 -0.7264 0.4285
vn 0.3508 -0.8190 0.4540
vn 0.2912 -0.8425 0.4532
vn 0.2553 -0.8710 0.4197
vn -0.9186 0.3551 -0.1733
vn -0.9205 0.3483 -0.1770
vn -0.7743 0.5439 -0.3234
vn -0.8409 0.4552 -0.2927
vn -0.5724 0.5799 -0.5798
vn -0.5389 0.6120 -0.5788
vn -0.2657 0.8254 -0.4981
vn -0.1765 0.7412 -0.6477
vn -0.0831 0.6109 -0.7874
vn -0.0565 0.4118 -0.9095
vn 0.0137 0.3630 -0.9317
vn 0.0797 0.3079 -0.9481
vn 0.3485 0.3017 -0.8874
vn 0.3250 0.2514 -0.9117
vn 0.4147 0.1991 -0.8879
vn 0.3425 0.1629 -0.9253
vn 0.3551 0.1752 -0.9183
vn 0.4660 0.2747 -0.8411
vn 0.5018 0.5713 -0.6494
vn 0.6714 0.6172 -0.4102
vn 0.7013 0.6874 -0.1888
vn 0.6844 0.7060 -0.1822
vn -0.7123 -0.4480 0.5403
vn -0.5974 -0.4811 0.6416
vn -0.5970 -0.4590 0.6580
vn -0.0980 0.0587 0.9935
vn -0.0481 0.1392 0.9891
vn 0.2924 0.3717 0.8811
vn 0.3015 0.3918 0.8693
vn 0.3683 0.7423 0.5598
vn 0.3268 0.7415 0.5861
vn 0.1638 0.9542 0.2502
vn 0.1413 0.9607 0.2391
vn 0.0785 0.9805 0.1804
vn 0.0085 0.9775 0.2106
vn -0.2951 0.8028 0.5181
vn -0.3979 0.7238 0.5638
vn -0.3263 0.5637 0.7588
vn -0.2344 0.6281 0.7420
vn 0.0036 0.9529 0.3032
vn 0.0288 0.9943 0.1027
vn 0.1525 0.9842 0.0895
vn 0.1902 0.9748 0.1163
vn 0.3030 0.9315 0.2011
vn 0.2964 0.9240 0.2417
vn 0.2940 0.9206 0.2571
vn 0.2945 0.9160 0.2725
vn 0.0671 0.9273 0.3682
vn 0.0667 0.9400 0.3346
vn 0.3232 0.8678 0.3775
vn 0.4632 0.8276 0.3170
vn 0.5972 0.7131 0.3672
vn 0.1466 0.9642 0.2211
vn -0.0165 0.9863 0.1639
vn -0.1256 0.9892 0.0753
vn -0.1525 0.9879 0.0275
vn -0.2585 0.9644 -0.0568
vn -0.2747 0.9530 -0.1281
vn -0.1921 0.9419 -0.2754
vn -0.1773 0.9324 -0.3148
vn 0.0177 0.9374 -0.3479
vn 0.1653 0.7854 -0.5965
vn 0.2547 0.6166 -0.7449
vn 0.2851 0.3525 -0.8913
vn 0.3753 0.2242 -0.8994
vn 0.4845 0.0888 -0.8703
vn 0.7325 0.0287 -0.6801
vn 0.7493 0.2381 -0.6179
vn 0.8436 0.2488 -0.4759
vn 0.8589 0.2227 -0.4612
vn 0.9512 -0.0034 -0.3084
vn 0.9562 -0.2193 -0.1941
vn 0.8976 -0.4407 0.0026
vn 0.7648 -0.6405 0.0696
vn 0.6350 -0.7656 0.1032
vn 0.3638 -0.9287 -0.0721
vn 0.3476 -0.9351 -0.0691
vn 0.0192 -0.9885 -0.1498
vn -0.0608 -0.9954 -0.0739
vn -0.2812 -0.9197 0.2742
vn -0.2973 -0.8706 0.3920
vn -0.3989 -0.8161 0.4181
vn -0.4017 -0.8181 0.4115
vn -0.4554 -0.7632 0.4584
# 1082 vertex normals

vt 0.3463 0.6909 0.0000
vt 0.4082 0.6177 0.0000
vt 0.3190 0.6586 0.0000
vt 0.2240 0.8546 0.0000
vt 0.1856 0.8731 0.0000
vt 0.2021 0.8867 0.0000
vt 0.1223 0.7966 0.0000
vt 0.0836 0.8280 0.0000
vt 0.1354 0.8133 0.0000
vt 0.1872 0.7488 0.0000
vt 0.1261 0.7274 0.0000
vt 0.1864 0.7676 0.0000
vt 0.2493 0.3539 0.0000
vt 0.2493 0.4601 0.0000
vt 0.3147 0.3522 0.0000
vt 0.9376 1.5618 0.0000
vt 0.8631 1.5051 0.0000
vt 0.9360 1.5222 0.0000
vt 0.8112 1.5780 0.0000
vt 0.7478 1.5466 0.0000
vt 0.8099 1.5478 0.0000
vt 0.6696 0.9700 0.0000
vt 0.6430 0.9336 0.0000
vt 0.6696 0.9336 0.0000
vt 0.8980 0.8835 0.0000
vt 0.8682 0.8766 0.0000
vt 0.8980 0.8766 0.0000
vt 0.8980 0.9336 0.0000
vt 0.8980 0.9199 0.0000
vt 0.9264 0.9336 0.0000
vt 0.4308 0.3252 0.0000
vt 0.4235 0.2023 0.0000
vt 0.3897 0.3460 0.0000
vt 0.9596 1.2888 0.0000
vt 0.9432 1.2840 0.0000
vt 0.9744 1.2143 0.0000
vt 0.7971 1.2962 0.0000
vt 0.7478 1.4210 0.0000
vt 0.7478 1.2943 0.0000
vt 0.9106 1.0951 0.0000
vt 0.9418 1.1155 0.0000
vt 0.8908 1.1740 0.0000
vt 0.8617 1.4967 0.0000
vt 0.9348 1.4846 0.0000
vt 0.9366 1.5110 0.0000
vt 0.9521 1.2047 0.0000
vt 0.9251 1.2795 0.0000
vt 0.9310 1.1947 0.0000
vt 0.4212 0.0460 0.0000
vt 0.3982 0.1009 0.0000
vt 0.4484 0.0631 0.0000
vt 0.8765 0.8066 0.0000
vt 0.8761 0.7354 0.0000
vt 0.8213 0.8063 0.0000
vt 0.9588 1.3367 0.0000
vt 0.9762 1.3372 0.0000
vt 0.9735 1.3474 0.0000
vt 0.9493 0.6150 0.0000
vt 0.9150 0.5913 0.0000
vt 0.9443 0.6817 0.0000
vt 0.5744 0.8098 0.0000
vt 0.6209 0.8078 0.0000
vt 0.5558 0.7579 0.0000
vt 0.4435 0.7246 0.0000
vt 0.4684 0.7240 0.0000
vt 0.5211 0.6581 0.0000
vt 0.5502 0.6281 0.0000
vt 0.5325 0.6696 0.0000
vt 0.5573 0.6307 0.0000
vt 0.1422 0.8366 0.0000
vt 0.1629 0.8619 0.0000
vt 0.1988 0.8078 0.0000
vt 0.3747 0.7620 0.0000
vt 0.4386 0.7184 0.0000
vt 0.3680 0.7483 0.0000
vt 0.2386 0.7432 0.0000
vt 0.2607 0.7613 0.0000
vt 0.3562 0.7194 0.0000
vt 0.0152 0.7170 0.0000
vt 0.0733 0.7018 0.0000
vt 0.0645 0.7360 0.0000
vt 0.3140 0.5929 0.0000
vt 0.4029 0.5808 0.0000
vt 0.3153 0.6216 0.0000
vt 0.9897 1.6011 0.0000
vt 0.9806 1.5500 0.0000
vt 0.4890 0.5969 0.0000
vt 0.4515 0.6229 0.0000
vt 0.4913 0.5613 0.0000
vt 0.8682 0.9700 0.0000
vt 0.8980 0.9700 0.0000
vt 0.8682 0.9199 0.0000
vt 0.8682 0.9336 0.0000
vt 0.9264 0.9199 0.0000
vt 0.9264 0.8835 0.0000
vt 0.9264 0.8766 0.0000
vt 0.6696 0.9199 0.0000
vt 0.6430 0.9199 0.0000
vt 0.6125 0.8766 0.0000
vt 0.6125 0.8835 0.0000
vt 0.6430 0.8766 0.0000
vt 0.7955 1.4901 0.0000
vt 0.7947 1.4608 0.0000
vt 0.7965 1.4222 0.0000
vt 0.8710 1.3084 0.0000
vt 0.4456 0.2049 0.0000
vt 0.4462 0.2924 0.0000
vt 0.3829 0.0368 0.0000
vt 0.3084 0.0564 0.0000
vt 0.4115 0.0279 0.0000
vt 0.7478 1.4601 0.0000
vt 0.9515 1.3265 0.0000
vt 0.9481 1.3535 0.0000
vt 0.8597 0.5870 0.0000
vt 0.8134 0.6761 0.0000
vt 0.8046 0.5948 0.0000
vt 0.6345 0.8461 0.0000
vt 0.6036 0.8619 0.0000
vt 0.5919 0.8484 0.0000
vt 0.9225 0.8490 0.0000
vt 0.8884 0.8477 0.0000
vt 0.9362 0.8055 0.0000
vt 0.8183 0.8487 0.0000
vt 0.7819 0.8476 0.0000
vt 0.9715 1.3498 0.0000
vt 0.9675 1.3543 0.0000
vt 0.0848 0.6778 0.0000
vt 0.0319 0.6754 0.0000
vt 0.0475 0.6536 0.0000
vt 0.6430 0.8835 0.0000
vt 0.7478 1.5016 0.0000
vt 0.7957 1.5017 0.0000
vt 0.1170 0.7536 0.0000
vt 0.9358 1.4444 0.0000
vt 0.9698 1.3803 0.0000
vt 0.9788 1.4665 0.0000
vt 0.9245 1.0770 0.0000
vt 0.8773 1.5754 0.0000
vt 0.8670 1.5499 0.0000
vt 0.9411 1.5815 0.0000
vt 0.9631 1.6046 0.0000
vt 0.7950 0.8766 0.0000
vt 0.8438 0.8766 0.0000
vt 0.8438 0.8835 0.0000
vt 0.8682 0.8835 0.0000
vt 0.6222 0.9700 0.0000
vt 0.6125 0.9336 0.0000
vt 0.6125 0.9199 0.0000
vt 0.4787 0.1076 0.0000
vt 0.4588 0.2072 0.0000
vt 0.4567 0.2850 0.0000
vt 0.8613 1.4284 0.0000
vt 0.8594 1.4676 0.0000
vt 0.9653 1.3258 0.0000
vt 0.9446 0.7380 0.0000
vt 0.2105 0.8373 0.0000
vt 0.2874 0.8070 0.0000
vt 0.2751 0.7868 0.0000
vt 0.3595 0.7296 0.0000
vt 0.4388 0.6935 0.0000
vt 0.5167 0.6469 0.0000
vt 0.2493 0.5660 0.0000
vt 0.2493 0.6024 0.0000
vt 0.2493 0.6332 0.0000
vt 0.4481 0.5894 0.0000
vt 0.4216 0.6600 0.0000
vt 0.4406 0.4617 0.0000
vt 0.3894 0.4397 0.0000
vt 0.4384 0.4201 0.0000
vt 0.4313 0.3262 0.0000
vt 0.9933 1.5415 0.0000
vt 0.9426 1.2875 0.0000
vt 0.8554 0.8488 0.0000
vt 0.2434 0.8643 0.0000
vt 0.2927 0.8219 0.0000
vt 0.3004 0.8348 0.0000
vt 0.1019 0.9211 0.0000
vt 0.0580 0.8959 0.0000
vt 0.1280 0.8888 0.0000
vt 0.1055 0.8583 0.0000
vt 0.4340 0.6769 0.0000
vt 0.7006 0.9199 0.0000
vt 0.9709 1.1058 0.0000
vt 0.9645 1.1266 0.0000
vt 0.9511 1.0928 0.0000
vt 0.4825 0.3169 0.0000
vt 0.4809 0.3296 0.0000
vt 0.4565 0.2850 0.0000
vt 0.4894 0.4740 0.0000
vt 0.4803 0.4267 0.0000
vt 0.4839 0.3444 0.0000
vt 0.1163 0.7740 0.0000
vt 0.0640 0.7706 0.0000
vt 0.0004 0.7624 0.0000
vt 0.1687 0.7336 0.0000
vt 0.6696 0.8835 0.0000
vt 0.6696 0.8766 0.0000
vt 0.7025 0.8835 0.0000
vt 0.7034 0.8766 0.0000
vt 0.7411 0.8835 0.0000
vt 0.4566 0.1173 0.0000
vt 0.4906 0.0800 0.0000
vt 0.9879 1.5138 0.0000
vt 0.9721 1.3565 0.0000
vt 0.7417 0.8053 0.0000
vt 0.7851 0.8057 0.0000
vt 0.7817 0.7417 0.0000
vt 0.8189 0.7391 0.0000
vt 0.8157 0.6986 0.0000
vt 0.8737 0.6879 0.0000
vt 0.8711 0.6646 0.0000
vt 0.3953 0.7815 0.0000
vt 0.3805 0.7711 0.0000
vt 0.4448 0.5497 0.0000
vt 0.4023 0.5559 0.0000
vt 0.3135 0.5557 0.0000
vt 0.2493 0.5163 0.0000
vt 0.9880 1.1349 0.0000
vt 0.9904 1.1190 0.0000
vt 0.9615 1.3288 0.0000
vt 0.9596 1.2971 0.0000
vt 0.4117 0.6640 0.0000
vt 0.4821 0.5102 0.0000
vt 0.7950 0.9199 0.0000
vt 0.7950 0.9336 0.0000
vt 0.7410 0.9199 0.0000
vt 0.7410 0.9336 0.0000
vt 0.7006 0.9336 0.0000
vt 0.7006 0.9700 0.0000
vt 0.9487 1.3498 0.0000
vt 0.7782 0.7095 0.0000
vt 0.7405 0.7187 0.0000
vt 0.7429 0.7497 0.0000
vt 0.6730 0.7232 0.0000
vt 0.6723 0.7545 0.0000
vt 0.6024 0.7174 0.0000
vt 0.6070 0.7536 0.0000
vt 0.5498 0.7149 0.0000
vt 0.6729 0.8439 0.0000
vt 0.6780 0.8072 0.0000
vt 0.6990 0.8442 0.0000
vt 0.7376 0.8456 0.0000
vt 0.2991 0.7016 0.0000
vt 0.2493 0.6698 0.0000
vt 0.2493 0.7065 0.0000
vt 0.3194 0.4533 0.0000
vt 0.3993 0.4811 0.0000
vt 0.4447 0.4983 0.0000
vt 0.4948 0.5018 0.0000
vt 0.7392 0.8766 0.0000
vt 0.4469 0.5277 0.0000
vt 0.4006 0.5212 0.0000
vt 0.3132 0.5085 0.0000
vt 0.7478 1.4900 0.0000
vt 0.4304 0.1149 0.0000
vt 0.4692 0.0724 0.0000
vt 0.4832 0.3436 0.0000
vt 0.7478 1.5805 0.0000
vt 0.7362 0.8604 0.0000
vt 0.7780 0.8609 0.0000
vt 0.8135 0.8614 0.0000
vt 0.8521 0.8613 0.0000
vt 0.8847 0.8611 0.0000
vt 0.9206 0.8617 0.0000
vt 0.1570 0.8975 0.0000
vt 0.1518 0.9278 0.0000
vt 0.1976 0.9162 0.0000
vt 0.0716 0.8019 0.0000
vt 0.0044 0.8116 0.0000
vt 0.0251 0.8571 0.0000
vt 0.7490 1.2320 0.0000
vt 0.8023 1.2097 0.0000
vt 0.8463 1.1747 0.0000
vt 0.8752 1.1413 0.0000
vt 0.8997 1.0811 0.0000
vt 0.9101 1.0654 0.0000
vt 0.7950 0.8835 0.0000
vt 0.8438 0.9199 0.0000
vt 0.8438 0.9336 0.0000
vt 0.8438 0.9700 0.0000
vt 0.3954 0.1987 0.0000
vt 0.3211 0.1965 0.0000
vt 0.3160 0.1077 0.0000
vt 0.2493 0.1122 0.0000
vt 0.2493 0.0639 0.0000
vt 0.4822 0.7427 0.0000
vt 0.4114 0.8022 0.0000
vt 0.2875 0.8661 0.0000
vt 0.2396 0.8838 0.0000
vt 0.2281 0.8861 0.0000
vt 0.2379 0.8867 0.0000
vt 0.7617 0.6136 0.0000
vt 0.7203 0.6335 0.0000
vt 0.6741 0.6565 0.0000
vt 0.6287 0.6729 0.0000
vt 0.5859 0.6908 0.0000
vt 0.5454 0.6850 0.0000
vt 0.1892 0.7883 0.0000
vt 0.6290 0.6730 0.0000
vt 0.5871 0.6910 0.0000
vt 0.5442 0.6847 0.0000
vt 0.5125 0.6300 0.0000
vt 0.5463 0.6119 0.0000
vt 0.5472 0.6182 0.0000
vt 0.2493 0.1981 0.0000
vt 0.7950 0.9700 0.0000
vt 0.4826 0.3189 0.0000
vt 0.4810 0.3295 0.0000
vt 0.6393 0.8616 0.0000
vt 0.6778 0.8610 0.0000
vt 0.7002 0.8605 0.0000
vt 0.4840 0.3449 0.0000
vt 0.4828 0.3183 0.0000
vt 0.2258 0.8969 0.0000
vt 0.1454 0.7107 0.0000
# 315 texture coords

g DrawCall_0009
usemtl bad22280_dds
s 1
f 930/724/2285 931/725/2285 932/726/2285 
f 933/727/2286 934/728/2286 935/729/2286 
f 936/730/2287 937/731/2287 938/732/2287 
f 939/733/2288 940/734/2288 941/735/2288 
f 942/736/2289 943/737/2289 944/738/2289 
f 945/739/2290 946/740/2290 947/741/2290 
f 948/742/2291 949/743/2291 950/744/2291 
f 951/745/2292 952/746/2292 953/747/2292 
f 954/748/2293 955/749/2293 956/750/2293 
f 957/751/2294 958/752/2294 959/753/2294 
f 960/754/2295 961/755/2295 962/756/2295 
f 963/757/2296 964/758/2296 965/759/2296 
f 966/760/2297 967/761/2297 968/762/2297 
f 969/763/2298 970/764/2298 971/765/2298 
f 972/766/2299 973/767/2299 974/768/2299 
f 975/769/2300 976/770/2300 977/771/2300 
f 978/772/2301 979/773/2301 980/774/2301 
f 981/775/2302 982/776/2302 983/777/2302 
f 984/778/2303 985/779/2303 986/780/2303 
f 987/781/2304 963/782/2304 988/783/2304 
f 989/784/2305 990/785/2305 991/786/2305 
f 992/787/2306 993/788/2306 994/789/2306 
f 995/790/2307 996/791/2307 997/792/2307 
f 998/793/2308 999/794/2308 1000/795/2308 
f 1001/796/2309 1002/797/2309 1003/798/2309 
f 1004/799/2310 1005/800/2310 1006/801/2310 
f 1007/802/2311 1008/803/2311 1009/804/2311 
f 1010/805/2312 1011/806/2312 1012/807/2312 
f 1013/808/2313 1014/809/2313 1015/739/2313 
f 1016/810/2314 1017/811/2314 1013/812/2314 
f 1018/751/2315 1019/813/2315 1020/814/2315 
f 1021/815/2316 1022/816/2316 1023/752/2316 
f 1024/817/2317 1023/752/2317 1025/753/2317 
f 1026/818/2318 1027/819/2318 1028/748/2318 
f 1029/746/2319 1030/820/2319 1031/821/2319 
f 1027/822/2320 1026/823/2320 1032/824/2320 
f 1033/825/2321 1034/766/2321 1035/826/2321 
f 1036/760/2322 1037/827/2322 1038/828/2322 
f 1039/829/2323 1040/830/2323 1041/755/2323 
f 1042/831/2324 1043/773/2324 1044/832/2324 
f 1045/833/2325 1046/772/2325 1042/831/2325 
f 1035/826/2326 967/761/2326 1047/834/2326 
f 1048/835/2327 1049/770/2327 1050/836/2327 
f 1051/837/2328 1052/838/2328 1053/839/2328 
f 1054/840/2329 1027/841/2329 1055/842/2329 
f 1055/843/2330 1056/844/2330 1057/845/2330 
f 1058/846/2331 1059/847/2331 1060/777/2331 
f 1061/848/2332 1048/835/2332 1062/849/2332 
f 1063/781/2333 1064/783/2333 1065/782/2333 
f 1066/732/2334 1067/793/2334 1068/731/2334 
f 1069/850/2335 1070/851/2335 1071/852/2335 
f 1072/853/2336 1073/823/2337 1074/824/2338 
f 1073/823/2337 1075/822/2339 1074/824/2338 
f 1076/854/2340 1077/825/2341 1078/855/2342 
f 1077/825/2341 972/766/2343 1078/855/2342 
f 989/784/2344 1079/842/2345 1080/840/2346 
f 1079/842/2345 1075/841/2347 1080/840/2346 
f 1081/733/2348 1082/735/2349 1083/734/2350 
f 1082/735/2349 1084/856/2351 1083/734/2350 
f 1085/740/2352 1086/855/2353 1087/744/2354 
f 1086/855/2353 949/743/2355 1087/744/2354 
f 1050/836/2356 1088/857/2357 1089/858/2358 
f 1088/857/2357 1090/859/2359 1089/858/2358 
f 1091/765/2360 1092/764/2361 1093/763/2362 
f 1092/764/2361 1046/860/2363 1093/763/2362 
f 948/742/2364 950/744/2365 1094/861/2366 
f 950/744/2365 1095/862/2367 1094/861/2366 
f 1094/861/2366 1095/862/2367 1096/863/2368 
f 947/741/2369 1097/809/2370 945/739/2371 
f 1097/809/2370 1098/808/2372 945/739/2371 
f 945/739/2371 1098/808/2372 1099/864/2373 
f 1100/865/2374 1101/866/2375 1102/867/2376 
f 1101/866/2375 1103/868/2377 1102/867/2376 
f 1102/867/2376 1103/868/2377 1104/815/2378 
f 951/745/2379 1105/869/2380 952/746/2381 
f 1105/869/2380 959/870/2382 952/746/2381 
f 952/746/2381 959/870/2382 1106/871/2383 
f 1107/872/2384 1108/829/2385 1109/873/2386 
f 1108/829/2385 1110/830/2387 1109/873/2386 
f 1109/873/2386 1110/830/2387 1111/874/2388 
f 1112/828/2389 1113/875/2390 1114/827/2391 
f 1113/875/2390 1115/876/2392 1114/827/2391 
f 1114/827/2391 1115/876/2392 1116/826/2393 
f 964/758/2394 963/757/2395 984/778/2396 
f 963/757/2395 987/877/2397 984/778/2396 
f 984/778/2396 987/877/2397 985/779/2398 
f 988/783/2399 982/776/2400 991/878/2401 
f 982/776/2400 981/775/2402 991/878/2401 
f 991/878/2401 981/775/2402 989/845/2403 
f 934/728/2404 933/727/2405 1117/879/2406 
f 933/727/2405 1118/880/2407 1117/879/2406 
f 1117/879/2406 1118/880/2407 1119/881/2408 
f 1071/852/2409 1070/851/2410 1120/850/2411 
f 1070/851/2410 1121/803/2412 1120/850/2411 
f 1120/850/2411 1121/803/2412 940/734/2413 
f 1122/882/2414 1003/798/2415 1123/883/2416 
f 1003/798/2415 1002/797/2417 1123/883/2416 
f 1123/883/2416 1002/797/2417 1124/884/2418 
f 1125/885/2419 1010/805/2420 1126/886/2421 
f 1010/805/2420 1012/807/2422 1126/886/2421 
f 1126/886/2421 1012/807/2422 1127/887/2423 
f 1013/812/2424 1017/811/2425 1128/888/2426 
f 1017/811/2425 1129/889/2427 1128/888/2426 
f 1128/888/2426 1129/889/2427 1130/725/2428 
f 1025/753/2429 1023/752/2430 1018/751/2431 
f 1023/752/2430 1022/816/2432 1018/751/2431 
f 1018/751/2431 1022/816/2432 1019/813/2433 
f 1031/821/2434 1024/871/2435 1029/746/2436 
f 1024/871/2435 1025/870/2437 1029/746/2436 
f 1029/746/2436 1025/870/2437 1131/869/2438 
f 1132/890/2439 1133/891/2440 1134/892/2441 
f 1133/891/2440 1135/756/2442 1134/892/2441 
f 1134/892/2441 1135/756/2442 1136/893/2443 
f 1038/828/2444 1037/827/2445 1137/875/2446 
f 1037/827/2445 1138/876/2447 1137/875/2446 
f 1137/875/2446 1138/876/2447 1139/767/2448 
f 1034/766/2449 1140/741/2450 1141/768/2451 
f 1140/741/2450 1014/809/2452 1141/768/2451 
f 1141/768/2451 1014/809/2452 1142/894/2453 
f 1048/835/2454 1143/895/2455 1049/770/2456 
f 1143/895/2455 1144/769/2457 1049/770/2456 
f 1049/770/2456 1144/769/2457 1145/771/2458 
f 1146/878/2459 1057/845/2460 1147/775/2461 
f 1057/845/2460 1056/844/2462 1147/775/2461 
f 1147/775/2461 1056/844/2462 1148/896/2463 
f 1149/729/2464 1150/727/2465 1151/897/2466 
f 1150/727/2465 1152/898/2467 1151/897/2466 
f 1151/897/2466 1152/898/2467 1153/899/2468 
f 1154/900/2469 1155/901/2470 1156/902/2471 
f 1155/901/2470 1157/903/2472 1156/902/2471 
f 1156/902/2471 1157/903/2472 1158/794/2473 
f 1159/882/2474 1045/801/2475 1160/883/2476 
f 1045/801/2475 1042/904/2477 1160/883/2476 
f 1160/883/2476 1042/904/2477 1161/884/2478 
f 1106/871/2479 1162/821/2480 952/746/2481 
f 1162/821/2480 1163/820/2482 952/746/2481 
f 952/746/2481 1163/820/2482 953/747/2483 
f 1163/820/2482 1164/905/2484 953/747/2483 
f 1165/906/2485 1166/907/2486 980/908/2487 
f 1166/907/2486 970/764/2488 980/908/2487 
f 980/908/2487 970/764/2488 978/860/2489 
f 970/764/2488 969/763/2490 978/860/2489 
f 1014/809/2491 1140/741/2492 1015/739/2493 
f 1140/741/2492 1085/740/2494 1015/739/2493 
f 1015/739/2493 1085/740/2494 1167/862/2495 
f 1085/740/2494 1087/744/2496 1167/862/2495 
f 1131/869/2497 1168/745/2498 1029/746/2499 
f 1168/745/2498 1169/747/2500 1029/746/2499 
f 1029/746/2499 1169/747/2500 1030/820/2501 
f 1169/747/2500 1170/905/2502 1030/820/2501 
f 1171/866/2503 1172/868/2504 1173/749/2505 
f 1172/868/2504 1028/748/2506 1173/749/2505 
f 1173/749/2505 1028/748/2506 1174/750/2507 
f 1028/748/2506 1027/819/2508 1174/750/2507 
f 1061/909/2509 1062/910/2510 1175/911/2511 
f 1062/910/2510 1040/830/2512 1175/911/2511 
f 1175/911/2511 1040/830/2512 1176/873/2513 
f 1040/830/2512 1039/829/2514 1176/873/2513 
f 1177/912/2515 1132/890/2516 1090/913/2517 
f 1132/890/2516 1134/892/2518 1090/913/2517 
f 1090/913/2517 1134/892/2518 1089/914/2519 
f 1134/892/2518 1136/893/2520 1089/914/2519 
f 1178/915/2521 1179/916/2522 1009/804/2523 
f 1179/916/2522 1180/917/2524 1009/804/2523 
f 1009/804/2523 1180/917/2524 1007/802/2525 
f 1180/917/2524 1181/804/2526 1007/802/2525 
f 1182/800/2527 1082/735/2528 1183/799/2529 
f 1082/735/2528 1081/733/2530 1183/799/2529 
f 1183/799/2529 1081/733/2530 1184/918/2531 
f 1081/733/2530 1083/734/2532 1184/918/2531 
f 956/750/2533 1075/819/2534 954/748/2535 
f 1075/819/2534 1073/818/2536 954/748/2535 
f 954/748/2535 1073/818/2536 958/752/2537 
f 1073/818/2536 1106/817/2538 958/752/2537 
f 958/752/2537 1106/817/2538 959/753/2539 
f 1072/853/2540 1074/824/2541 1185/919/2542 
f 1074/824/2541 1186/920/2543 1185/919/2542 
f 1185/919/2542 1186/920/2543 1187/921/2544 
f 1186/920/2543 1188/922/2545 1187/921/2544 
f 1187/921/2544 1188/922/2545 1189/923/2546 
f 1190/894/2547 1097/809/2548 974/768/2549 
f 1097/809/2548 947/741/2550 974/768/2549 
f 974/768/2549 947/741/2550 972/766/2551 
f 947/741/2550 946/740/2552 972/766/2551 
f 972/766/2551 946/740/2552 1078/855/2553 
f 960/754/2554 1110/830/2555 961/755/2556 
f 1110/830/2555 1108/829/2557 961/755/2556 
f 961/755/2556 1108/829/2557 1191/924/2558 
f 1108/829/2557 1107/872/2559 1191/924/2558 
f 1191/924/2558 1107/872/2559 1192/925/2560 
f 1190/894/2561 974/768/2562 1193/926/2563 
f 974/768/2562 973/767/2564 1193/926/2563 
f 1193/926/2563 973/767/2564 1194/859/2565 
f 973/767/2564 1195/857/2566 1194/859/2565 
f 1194/859/2565 1195/857/2566 1196/927/2567 
f 1197/928/2568 1198/929/2569 1199/930/2570 
f 1198/929/2569 1200/931/2571 1199/930/2570 
f 1199/930/2570 1200/931/2571 1201/932/2572 
f 1200/931/2571 1202/933/2573 1201/932/2572 
f 1201/932/2572 1202/933/2573 1203/934/2574 
f 993/788/2575 992/787/2576 1204/935/2577 
f 992/787/2576 1205/936/2578 1204/935/2577 
f 1204/935/2577 1205/936/2578 1206/899/2579 
f 1205/936/2578 1207/898/2580 1206/899/2579 
f 1206/899/2579 1207/898/2580 1208/897/2581 
f 1209/934/2582 1210/933/2583 1211/932/2584 
f 1210/933/2583 1212/931/2585 1211/932/2584 
f 1211/932/2584 1212/931/2585 1213/930/2586 
f 1212/931/2585 1214/929/2587 1213/930/2586 
f 1213/930/2586 1214/929/2587 1215/928/2588 
f 1216/937/2589 1011/806/2590 1217/938/2591 
f 1011/806/2590 1010/805/2592 1217/938/2591 
f 1217/938/2591 1010/805/2592 1218/939/2593 
f 1010/805/2592 1125/885/2594 1218/939/2593 
f 1218/939/2593 1125/885/2594 1219/940/2595 
f 1046/860/2596 1092/764/2597 1220/908/2598 
f 1092/764/2597 1221/907/2599 1220/908/2598 
f 1220/908/2598 1221/907/2599 1222/906/2600 
f 1221/907/2599 1053/941/2601 1222/906/2600 
f 1222/906/2600 1053/941/2601 1223/942/2602 
f 1061/848/2603 1063/943/2604 1048/835/2605 
f 1063/943/2604 1065/944/2606 1048/835/2605 
f 1048/835/2605 1065/944/2606 1143/895/2607 
f 1065/944/2606 1051/759/2608 1143/895/2607 
f 1143/895/2607 1051/759/2608 1144/769/2609 
f 1064/783/2610 1146/878/2611 1224/776/2612 
f 1146/878/2611 1147/775/2613 1224/776/2612 
f 1224/776/2612 1147/775/2613 1060/777/2614 
f 1147/775/2613 1148/896/2615 1060/777/2614 
f 1060/777/2614 1148/896/2615 1058/846/2616 
f 1099/810/2617 1098/812/2618 1225/811/2619 
f 1098/812/2618 1226/888/2620 1225/811/2619 
f 1225/811/2619 1226/888/2620 1227/889/2621 
f 1226/888/2620 931/725/2622 1227/889/2621 
f 1227/889/2621 931/725/2622 1228/945/2623 
f 931/725/2622 930/724/2624 1228/945/2623 
f 1229/847/2625 1230/846/2626 983/777/2627 
f 1230/846/2626 1231/896/2628 983/777/2627 
f 983/777/2627 1231/896/2628 981/775/2629 
f 1231/896/2628 1232/844/2630 981/775/2629 
f 981/775/2629 1232/844/2630 989/845/2631 
f 1232/844/2630 1079/843/2632 989/845/2631 
f 1127/887/2633 932/726/2634 1233/807/2635 
f 932/726/2634 931/725/2636 1233/807/2635 
f 1233/807/2635 931/725/2636 1234/806/2637 
f 931/725/2636 1226/888/2638 1234/806/2637 
f 1234/806/2637 1226/888/2638 1235/937/2639 
f 1226/888/2638 1098/812/2640 1235/937/2639 
f 1235/937/2639 1098/812/2640 1097/946/2641 
f 1236/947/2642 1237/948/2643 1238/949/2644 
f 1237/948/2643 1239/950/2645 1238/949/2644 
f 1238/949/2644 1239/950/2645 1164/905/2646 
f 1239/950/2645 1240/951/2647 1164/905/2646 
f 1164/905/2646 1240/951/2647 953/747/2648 
f 1240/951/2647 1241/952/2649 953/747/2648 
f 953/747/2648 1241/952/2649 951/745/2650 
f 1166/907/2651 975/769/2652 970/764/2653 
f 975/769/2652 977/771/2654 970/764/2653 
f 970/764/2653 977/771/2654 971/765/2655 
f 977/771/2654 976/770/2656 971/765/2655 
f 971/765/2655 976/770/2656 1112/828/2657 
f 976/770/2656 1242/953/2658 1112/828/2657 
f 1112/828/2657 1242/953/2658 1113/875/2659 
f 1243/954/2660 1244/955/2661 1245/956/2662 
f 1244/955/2661 1246/957/2663 1245/956/2662 
f 1245/956/2662 1246/957/2663 1247/958/2664 
f 1246/957/2663 1248/959/2665 1247/958/2664 
f 1247/958/2664 1248/959/2665 1249/960/2666 
f 1248/959/2665 988/961/2667 1249/960/2666 
f 1249/960/2666 988/961/2667 991/786/2668 
f 989/784/2669 1080/840/2670 990/785/2671 
f 1080/840/2670 1250/962/2672 990/785/2671 
f 990/785/2671 1250/962/2672 1251/963/2673 
f 1250/962/2672 1252/964/2674 1251/963/2673 
f 1251/963/2673 1252/964/2674 1197/928/2675 
f 1252/964/2674 1253/965/2676 1197/928/2675 
f 1197/928/2675 1253/965/2676 1198/929/2677 
f 1129/889/2678 1254/945/2679 1130/725/2680 
f 1254/945/2679 1255/724/2681 1130/725/2680 
f 1130/725/2680 1255/724/2681 1256/726/2682 
f 1255/724/2681 1257/966/2683 1256/726/2682 
f 1256/726/2682 1257/966/2683 1258/967/2684 
f 1257/966/2683 1259/968/2685 1258/967/2684 
f 1258/967/2684 1259/968/2685 1260/966/2686 
f 1261/738/2687 1135/756/2688 1262/969/2689 
f 1135/756/2688 1133/891/2690 1262/969/2689 
f 1262/969/2689 1133/891/2690 1263/970/2691 
f 1133/891/2690 1132/890/2692 1263/970/2691 
f 1263/970/2691 1132/890/2692 1264/971/2693 
f 1132/890/2692 1177/912/2694 1264/971/2693 
f 1264/971/2693 1177/912/2694 1142/972/2695 
f 1168/745/2696 1265/952/2697 1169/747/2698 
f 1265/952/2697 1266/951/2699 1169/747/2698 
f 1169/747/2698 1266/951/2699 1170/905/2700 
f 1266/951/2699 1267/950/2701 1170/905/2700 
f 1170/905/2700 1267/950/2701 1268/949/2702 
f 1267/950/2701 1269/948/2703 1268/949/2702 
f 1268/949/2702 1269/948/2703 1270/947/2704 
f 1024/817/2705 1026/818/2706 1023/752/2707 
f 1026/818/2706 1028/748/2708 1023/752/2707 
f 1023/752/2707 1028/748/2708 1021/815/2709 
f 1028/748/2708 1172/868/2710 1021/815/2709 
f 1021/815/2709 1172/868/2710 1271/867/2711 
f 1172/868/2710 1171/866/2712 1271/867/2711 
f 1271/867/2711 1171/866/2712 1272/865/2713 
f 1026/823/2714 1273/853/2715 1032/824/2716 
f 1273/853/2715 1274/919/2717 1032/824/2716 
f 1032/824/2716 1274/919/2717 1275/920/2718 
f 1274/919/2717 1276/921/2719 1275/920/2718 
f 1275/920/2718 1276/921/2719 1277/922/2720 
f 1276/921/2719 1278/923/2721 1277/922/2720 
f 1277/922/2720 1278/923/2721 1279/973/2722 
f 1014/946/2723 1216/937/2724 1280/974/2725 
f 1216/937/2724 1217/938/2726 1280/974/2725 
f 1280/974/2725 1217/938/2726 1281/975/2727 
f 1217/938/2726 1218/939/2728 1281/975/2727 
f 1281/975/2727 1218/939/2728 1282/976/2729 
f 1218/939/2728 1219/940/2730 1282/976/2729 
f 1282/976/2729 1219/940/2730 943/737/2731 
f 1033/825/2732 1035/826/2733 1283/977/2734 
f 1035/826/2733 1047/834/2735 1283/977/2734 
f 1283/977/2734 1047/834/2735 1116/826/2736 
f 1047/834/2735 967/761/2737 1116/826/2736 
f 1116/826/2736 967/761/2737 1114/827/2738 
f 967/761/2737 966/760/2739 1114/827/2738 
f 1114/827/2738 966/760/2739 1112/828/2740 
f 1042/831/2741 1046/772/2742 1043/773/2743 
f 1046/772/2742 1220/774/2744 1043/773/2743 
f 1043/773/2743 1220/774/2744 1284/978/2745 
f 1220/774/2744 1222/979/2746 1284/978/2745 
f 1284/978/2745 1222/979/2746 1285/924/2747 
f 1222/979/2746 1223/925/2748 1285/924/2747 
f 1285/924/2747 1223/925/2748 1286/872/2749 
f 1146/786/2750 1064/961/2751 1287/960/2752 
f 1064/961/2751 1288/959/2753 1287/960/2752 
f 1287/960/2752 1288/959/2753 1289/958/2754 
f 1288/959/2753 1290/957/2755 1289/958/2754 
f 1289/958/2754 1290/957/2755 1291/956/2756 
f 1290/957/2755 1292/955/2757 1291/956/2756 
f 1291/956/2756 1292/955/2757 1293/954/2758 
f 1101/866/2759 955/749/2760 1103/868/2761 
f 955/749/2760 954/748/2762 1103/868/2761 
f 1103/868/2761 954/748/2762 1104/815/2763 
f 954/748/2762 958/752/2764 1104/815/2763 
f 1104/815/2763 958/752/2764 1294/816/2765 
f 958/752/2764 957/751/2766 1294/816/2765 
f 1294/816/2765 957/751/2766 1295/813/2767 
f 957/751/2766 1296/814/2768 1295/813/2767 
f 1234/806/2769 1235/937/2770 1297/938/2771 
f 1235/937/2770 1298/974/2772 1297/938/2771 
f 1297/938/2771 1298/974/2772 1299/975/2773 
f 1298/974/2772 1300/971/2774 1299/975/2773 
f 1299/975/2773 1300/971/2774 1301/970/2775 
f 1300/971/2774 1302/890/2776 1301/970/2775 
f 1301/970/2775 1302/890/2776 1303/891/2777 
f 1302/890/2776 1304/892/2778 1303/891/2777 
f 1196/980/2779 1304/892/2780 1194/913/2781 
f 1304/892/2780 1302/890/2782 1194/913/2781 
f 1194/913/2781 1302/890/2782 1193/912/2783 
f 1302/890/2782 1300/971/2784 1193/912/2783 
f 1193/912/2783 1300/971/2784 1190/972/2785 
f 1300/971/2784 1298/974/2786 1190/972/2785 
f 1190/972/2785 1298/974/2786 1097/946/2787 
f 1298/974/2786 1235/937/2788 1097/946/2787 
f 1086/855/2789 1076/854/2790 949/743/2791 
f 1076/854/2790 1078/855/2792 949/743/2791 
f 949/743/2791 1078/855/2792 950/744/2793 
f 1078/855/2792 946/740/2794 950/744/2793 
f 950/744/2793 946/740/2794 1095/862/2795 
f 946/740/2794 945/739/2796 1095/862/2795 
f 1095/862/2795 945/739/2796 1096/863/2797 
f 945/739/2796 1099/864/2798 1096/863/2797 
f 1214/929/2799 1305/965/2800 1215/928/2801 
f 1305/965/2800 1306/964/2802 1215/928/2801 
f 1215/928/2801 1306/964/2802 1307/963/2803 
f 1306/964/2802 1308/962/2804 1307/963/2803 
f 1307/963/2803 1308/962/2804 1309/785/2805 
f 1308/962/2804 1054/840/2806 1309/785/2805 
f 1309/785/2805 1054/840/2806 1057/784/2807 
f 1054/840/2806 1055/842/2808 1057/784/2807 
f 948/742/2809 1310/981/2810 949/743/2811 
f 1310/981/2810 1311/742/2812 949/743/2811 
f 949/743/2811 1311/742/2812 1087/744/2813 
f 1311/742/2812 1312/861/2814 1087/744/2813 
f 1087/744/2813 1312/861/2814 1167/862/2815 
f 1312/861/2814 1313/863/2816 1167/862/2815 
f 1167/862/2815 1313/863/2816 1015/739/2817 
f 1313/863/2816 1016/864/2818 1015/739/2817 
f 1015/739/2817 1016/864/2818 1013/808/2819 
f 986/780/2820 1242/953/2821 984/778/2822 
f 1242/953/2821 976/770/2823 984/778/2822 
f 984/778/2822 976/770/2823 964/758/2824 
f 976/770/2823 975/769/2825 964/758/2824 
f 964/758/2824 975/769/2825 965/759/2826 
f 975/769/2825 1166/907/2827 965/759/2826 
f 965/759/2826 1166/907/2827 1314/941/2828 
f 1166/907/2827 1165/906/2829 1314/941/2828 
f 1314/941/2828 1165/906/2829 1192/942/2830 
f 1100/982/2831 1315/983/2832 1229/847/2833 
f 1315/983/2832 1188/984/2834 1229/847/2833 
f 1229/847/2833 1188/984/2834 1230/846/2835 
f 1188/984/2834 1186/985/2836 1230/846/2835 
f 1230/846/2835 1186/985/2836 1231/896/2837 
f 1186/985/2836 1074/986/2838 1231/896/2837 
f 1231/896/2837 1074/986/2838 1232/844/2839 
f 1074/986/2838 1075/987/2840 1232/844/2839 
f 1232/844/2839 1075/987/2840 1079/843/2841 
f 998/793/2842 1316/903/2843 999/794/2844 
f 1316/903/2843 1317/902/2845 999/794/2844 
f 999/794/2844 1317/902/2845 1318/988/2846 
f 1317/902/2845 1319/989/2847 1318/988/2846 
f 1318/988/2846 1319/989/2847 1320/990/2848 
f 1319/989/2847 1321/988/2849 1320/990/2848 
f 1320/990/2848 1321/988/2849 1149/729/2850 
f 1321/988/2849 1322/728/2851 1149/729/2850 
f 1149/729/2850 1322/728/2851 1150/727/2852 
f 1323/915/2853 1324/916/2854 1325/991/2855 
f 1324/916/2854 1326/992/2856 1325/991/2855 
f 1325/991/2855 1326/992/2856 1327/993/2857 
f 1326/992/2856 1328/991/2858 1327/993/2857 
f 1327/993/2857 1328/991/2858 1068/731/2859 
f 1328/991/2858 1329/730/2860 1068/731/2859 
f 1068/731/2859 1329/730/2860 1066/732/2861 
f 1329/730/2860 1330/795/2862 1066/732/2861 
f 1066/732/2861 1330/795/2862 1067/793/2863 
f 1071/994/2864 1036/760/2865 1069/995/2866 
f 1036/760/2865 1038/828/2867 1069/995/2866 
f 1069/995/2866 1038/828/2867 1331/996/2868 
f 1038/828/2867 1091/765/2869 1331/996/2868 
f 1331/996/2868 1091/765/2869 1184/997/2870 
f 1091/765/2869 1093/763/2871 1184/997/2870 
f 1184/997/2870 1093/763/2871 1183/998/2872 
f 1093/763/2871 1046/860/2873 1183/998/2872 
f 1183/998/2872 1046/860/2873 1045/999/2874 
f 1279/973/2875 1278/923/2876 1272/865/2877 
f 1278/923/2876 1332/1000/2878 1272/865/2877 
f 1272/865/2877 1332/1000/2878 1271/867/2879 
f 1332/1000/2878 1333/1001/2880 1271/867/2879 
f 1271/867/2879 1333/1001/2880 1021/815/2881 
f 1333/1001/2880 1334/1002/2882 1021/815/2881 
f 1021/815/2881 1334/1002/2882 1022/816/2883 
f 1334/1002/2882 1335/1003/2884 1022/816/2883 
f 1022/816/2883 1335/1003/2884 1019/813/2885 
f 1336/1004/2886 1337/1005/2887 1338/1006/2888 
f 1337/1005/2887 1339/1007/2889 1338/1006/2888 
f 1338/1006/2888 1339/1007/2889 1340/1008/2890 
f 1339/1007/2889 1341/1006/2891 1340/1008/2890 
f 1340/1008/2890 1341/1006/2891 1342/832/2892 
f 1341/1006/2891 979/773/2893 1342/832/2892 
f 1342/832/2892 979/773/2893 1343/831/2894 
f 979/773/2893 978/772/2895 1343/831/2894 
f 1343/831/2894 978/772/2895 1006/833/2896 
f 1340/1008/2897 1044/832/2898 1338/1006/2899 
f 1044/832/2898 1043/773/2900 1338/1006/2899 
f 1338/1006/2899 1043/773/2900 1336/1004/2901 
f 1043/773/2900 1284/978/2902 1336/1004/2901 
f 1336/1004/2901 1284/978/2902 1041/755/2903 
f 1284/978/2902 1285/924/2904 1041/755/2903 
f 1041/755/2903 1285/924/2904 1039/829/2905 
f 1285/924/2904 1286/872/2906 1039/829/2905 
f 1039/829/2905 1286/872/2906 1176/873/2907 
f 1055/843/2908 1027/987/2909 1056/844/2910 
f 1027/987/2909 1032/986/2911 1056/844/2910 
f 1056/844/2910 1032/986/2911 1148/896/2912 
f 1032/986/2911 1275/985/2913 1148/896/2912 
f 1148/896/2912 1275/985/2913 1058/846/2914 
f 1275/985/2913 1277/984/2915 1058/846/2914 
f 1058/846/2914 1277/984/2915 1059/847/2916 
f 1277/984/2915 1279/983/2917 1059/847/2916 
f 1059/847/2916 1279/983/2917 1272/982/2918 
f 1295/813/2919 1344/1003/2920 1294/816/2921 
f 1344/1003/2920 1345/1002/2922 1294/816/2921 
f 1294/816/2921 1345/1002/2922 1104/815/2923 
f 1345/1002/2922 1346/1001/2924 1104/815/2923 
f 1104/815/2923 1346/1001/2924 1102/867/2925 
f 1346/1001/2924 1347/1000/2926 1102/867/2925 
f 1102/867/2925 1347/1000/2926 1100/865/2927 
f 1347/1000/2926 1189/923/2928 1100/865/2927 
f 1100/865/2927 1189/923/2928 1315/973/2929 
f 1189/923/2928 1188/922/2930 1315/973/2929 
f 1183/799/2931 1045/801/2932 1182/800/2933 
f 1045/801/2932 1159/882/2934 1182/800/2933 
f 1182/800/2933 1159/882/2934 1348/798/2935 
f 1159/882/2934 1160/883/2936 1348/798/2935 
f 1348/798/2935 1160/883/2936 1349/797/2937 
f 1160/883/2936 1161/884/2938 1349/797/2937 
f 1349/797/2937 1161/884/2938 1350/789/2939 
f 1161/884/2938 995/790/2940 1350/789/2939 
f 1350/789/2939 995/790/2940 1351/791/2941 
f 995/790/2940 997/792/2942 1351/791/2941 
f 991/786/2943 990/785/2944 1249/960/2945 
f 990/785/2944 1251/963/2946 1249/960/2945 
f 1249/960/2945 1251/963/2946 1247/958/2947 
f 1251/963/2946 1197/928/2948 1247/958/2947 
f 1247/958/2947 1197/928/2948 1245/956/2949 
f 1197/928/2948 1199/930/2950 1245/956/2949 
f 1245/956/2949 1199/930/2950 1243/954/2951 
f 1199/930/2950 1201/932/2952 1243/954/2951 
f 1243/954/2951 1201/932/2952 1352/838/2953 
f 1201/932/2952 1203/934/2954 1352/838/2953 
f 1352/838/2953 1203/934/2954 965/837/2955 
f 995/790/2956 994/789/2957 996/791/2958 
f 994/789/2957 993/788/2959 996/791/2958 
f 996/791/2958 993/788/2959 1353/1009/2960 
f 993/788/2959 1204/935/2961 1353/1009/2960 
f 1353/1009/2960 1204/935/2961 1354/1010/2962 
f 1204/935/2961 1206/899/2963 1354/1010/2962 
f 1354/1010/2962 1206/899/2963 1355/1011/2964 
f 1206/899/2963 1208/897/2965 1355/1011/2964 
f 1355/1011/2964 1208/897/2965 1356/1012/2966 
f 1208/897/2965 1357/1013/2967 1356/1012/2966 
f 1356/1012/2966 1357/1013/2967 1358/1014/2968 
f 1014/946/2969 1013/812/2970 1216/937/2971 
f 1013/812/2970 1128/888/2972 1216/937/2971 
f 1216/937/2971 1128/888/2972 1011/806/2973 
f 1128/888/2972 1130/725/2974 1011/806/2973 
f 1011/806/2973 1130/725/2974 1012/807/2975 
f 1130/725/2974 1256/726/2976 1012/807/2975 
f 1012/807/2975 1256/726/2976 1127/887/2977 
f 1256/726/2976 1258/967/2978 1127/887/2977 
f 1127/887/2977 1258/967/2978 932/726/2979 
f 1258/967/2978 1260/966/2980 932/726/2979 
f 932/726/2979 1260/966/2980 930/724/2981 
f 1053/839/2982 1052/838/2983 1223/1015/2984 
f 1052/838/2983 1293/954/2985 1223/1015/2984 
f 1223/1015/2984 1293/954/2985 1286/1016/2986 
f 1293/954/2985 1292/955/2987 1286/1016/2986 
f 1286/1016/2986 1292/955/2987 1176/1017/2988 
f 1292/955/2987 1290/957/2989 1176/1017/2988 
f 1176/1017/2988 1290/957/2989 1175/1018/2990 
f 1290/957/2989 1288/959/2991 1175/1018/2990 
f 1175/1018/2990 1288/959/2991 1061/1019/2992 
f 1288/959/2991 1064/961/2993 1061/1019/2992 
f 1061/1019/2992 1064/961/2993 1063/1020/2994 
f 1359/881/2995 1330/795/2996 1360/1021/2997 
f 1330/795/2996 1329/730/2998 1360/1021/2997 
f 1360/1021/2997 1329/730/2998 1178/915/2999 
f 1329/730/2998 1328/991/3000 1178/915/2999 
f 1178/915/2999 1328/991/3000 1179/916/3001 
f 1328/991/3000 1326/992/3002 1179/916/3001 
f 1179/916/3001 1326/992/3002 1180/917/3003 
f 1326/992/3002 1324/916/3004 1180/917/3003 
f 1180/917/3003 1324/916/3004 1181/804/3005 
f 1324/916/3004 1323/915/3006 1181/804/3005 
f 1181/804/3005 1323/915/3006 1361/856/3007 
f 965/837/3008 1314/839/3009 1352/838/3010 
f 1314/839/3009 1192/1015/3011 1352/838/3010 
f 1352/838/3010 1192/1015/3011 1243/954/3012 
f 1192/1015/3011 1107/1016/3013 1243/954/3012 
f 1243/954/3012 1107/1016/3013 1244/955/3014 
f 1107/1016/3013 1109/1017/3015 1244/955/3014 
f 1244/955/3014 1109/1017/3015 1246/957/3016 
f 1109/1017/3015 1111/1022/3017 1246/957/3016 
f 1246/957/3016 1111/1022/3017 1248/959/3018 
f 1111/1022/3017 985/1023/3019 1248/959/3018 
f 1248/959/3018 985/1023/3019 988/961/3020 
f 985/1023/3019 987/1024/3021 988/961/3020 
f 1057/784/3022 1146/786/3023 1309/785/3024 
f 1146/786/3023 1287/960/3025 1309/785/3024 
f 1309/785/3024 1287/960/3025 1307/963/3026 
f 1287/960/3025 1289/958/3027 1307/963/3026 
f 1307/963/3026 1289/958/3027 1215/928/3028 
f 1289/958/3027 1291/956/3029 1215/928/3028 
f 1215/928/3028 1291/956/3029 1213/930/3030 
f 1291/956/3029 1293/954/3031 1213/930/3030 
f 1213/930/3030 1293/954/3031 1211/932/3032 
f 1293/954/3031 1052/838/3033 1211/932/3032 
f 1211/932/3032 1052/838/3033 1209/934/3034 
f 1052/838/3033 1051/837/3035 1209/934/3034 
f 1044/1025/3036 1340/1026/3037 1362/1027/3038 
f 1340/1026/3037 1342/1025/3039 1362/1027/3038 
f 1362/1027/3038 1342/1025/3039 1124/884/3040 
f 1342/1025/3039 1343/904/3041 1124/884/3040 
f 1124/884/3040 1343/904/3041 1123/883/3042 
f 1343/904/3041 1006/801/3043 1123/883/3042 
f 1123/883/3042 1006/801/3043 1122/882/3044 
f 1006/801/3043 1005/800/3045 1122/882/3044 
f 1122/882/3044 1005/800/3045 1003/798/3046 
f 1005/800/3045 1119/881/3047 1003/798/3046 
f 1003/798/3046 1119/881/3047 1001/796/3048 
f 1119/881/3047 1118/880/3049 1001/796/3048 
f 1363/1004/3050 1364/1005/3051 944/738/3052 
f 1364/1005/3051 1365/1028/3053 944/738/3052 
f 944/738/3052 1365/1028/3053 942/736/3054 
f 1365/1028/3053 1261/738/3055 942/736/3054 
f 942/736/3054 1261/738/3055 943/737/3056 
f 1261/738/3055 1262/969/3057 943/737/3056 
f 943/737/3056 1262/969/3057 1282/976/3058 
f 1262/969/3057 1263/970/3059 1282/976/3058 
f 1282/976/3058 1263/970/3059 1281/975/3060 
f 1263/970/3059 1264/971/3061 1281/975/3060 
f 1281/975/3060 1264/971/3061 1280/974/3062 
f 1264/971/3061 1142/972/3063 1280/974/3062 
f 1280/974/3062 1142/972/3063 1014/946/3064 
f 1177/926/3065 1090/859/3066 1139/767/3067 
f 1090/859/3066 1088/857/3068 1139/767/3067 
f 1139/767/3067 1088/857/3068 1137/875/3069 
f 1088/857/3068 1050/836/3070 1137/875/3069 
f 1137/875/3069 1050/836/3070 1038/828/3071 
f 1050/836/3070 1049/770/3072 1038/828/3071 
f 1038/828/3071 1049/770/3072 1091/765/3073 
f 1049/770/3072 1145/771/3074 1091/765/3073 
f 1091/765/3073 1145/771/3074 1092/764/3075 
f 1145/771/3074 1144/769/3076 1092/764/3075 
f 1092/764/3075 1144/769/3076 1221/907/3077 
f 1144/769/3076 1051/759/3078 1221/907/3077 
f 1221/907/3077 1051/759/3078 1053/941/3079 
f 1351/791/3080 1366/788/3081 1350/789/3082 
f 1366/788/3081 1367/787/3083 1350/789/3082 
f 1350/789/3082 1367/787/3083 1349/797/3084 
f 1367/787/3083 1368/796/3085 1349/797/3084 
f 1349/797/3084 1368/796/3085 1348/798/3086 
f 1368/796/3085 1359/881/3087 1348/798/3086 
f 1348/798/3086 1359/881/3087 1182/800/3088 
f 1359/881/3087 1360/1021/3089 1182/800/3088 
f 1182/800/3088 1360/1021/3089 1082/735/3090 
f 1360/1021/3089 1178/915/3091 1082/735/3090 
f 1082/735/3090 1178/915/3091 1084/856/3092 
f 1178/915/3091 1009/804/3093 1084/856/3092 
f 1084/856/3092 1009/804/3093 1083/734/3094 
f 1009/804/3093 1008/803/3095 1083/734/3094 
f 1344/1003/3096 1369/1029/3097 1345/1002/3098 
f 1369/1029/3097 1237/948/3099 1345/1002/3098 
f 1345/1002/3098 1237/948/3099 1346/1001/3100 
f 1237/948/3099 1236/947/3101 1346/1001/3100 
f 1346/1001/3100 1236/947/3101 1347/1000/3102 
f 1236/947/3101 1238/949/3103 1347/1000/3102 
f 1347/1000/3102 1238/949/3103 1189/923/3104 
f 1238/949/3103 1164/905/3105 1189/923/3104 
f 1189/923/3104 1164/905/3105 1187/921/3106 
f 1164/905/3105 1163/820/3107 1187/921/3106 
f 1187/921/3106 1163/820/3107 1185/919/3108 
f 1163/820/3107 1162/821/3109 1185/919/3108 
f 1185/919/3108 1162/821/3109 1072/853/3110 
f 1162/821/3109 1106/871/3111 1072/853/3110 
f 1072/853/3110 1106/871/3111 1073/823/3112 
f 986/780/3113 1196/927/3114 1242/953/3115 
f 1196/927/3114 1195/857/3116 1242/953/3115 
f 1242/953/3115 1195/857/3116 1113/875/3117 
f 1195/857/3116 973/767/3118 1113/875/3117 
f 1113/875/3117 973/767/3118 1115/876/3119 
f 973/767/3118 972/766/3120 1115/876/3119 
f 1115/876/3119 972/766/3120 1116/826/3121 
f 972/766/3120 1077/825/3122 1116/826/3121 
f 1116/826/3121 1077/825/3122 1283/977/3123 
f 1077/825/3122 1076/854/3124 1283/977/3123 
f 1283/977/3123 1076/854/3124 1033/825/3125 
f 1076/854/3124 1086/855/3126 1033/825/3125 
f 1033/825/3125 1086/855/3126 1034/766/3127 
f 1086/855/3126 1085/740/3128 1034/766/3127 
f 1034/766/3127 1085/740/3128 1140/741/3129 
f 1026/823/3130 1024/871/3131 1273/853/3132 
f 1024/871/3131 1031/821/3133 1273/853/3132 
f 1273/853/3132 1031/821/3133 1274/919/3134 
f 1031/821/3133 1030/820/3135 1274/919/3134 
f 1274/919/3134 1030/820/3135 1276/921/3136 
f 1030/820/3135 1170/905/3137 1276/921/3136 
f 1276/921/3136 1170/905/3137 1278/923/3138 
f 1170/905/3137 1268/949/3139 1278/923/3138 
f 1278/923/3138 1268/949/3139 1332/1000/3140 
f 1268/949/3139 1270/947/3141 1332/1000/3140 
f 1332/1000/3140 1270/947/3141 1333/1001/3142 
f 1270/947/3141 1269/948/3143 1333/1001/3142 
f 1333/1001/3142 1269/948/3143 1334/1002/3144 
f 1269/948/3143 1370/1029/3145 1334/1002/3144 
f 1334/1002/3144 1370/1029/3145 1335/1003/3146 
f 985/1030/3147 1111/874/3148 986/1031/3149 
f 1111/874/3148 1110/830/3150 986/1031/3149 
f 986/1031/3149 1110/830/3150 1196/980/3151 
f 1110/830/3150 960/754/3152 1196/980/3151 
f 1196/980/3151 960/754/3152 1304/892/3153 
f 960/754/3152 962/756/3154 1304/892/3153 
f 1304/892/3153 962/756/3154 1303/891/3155 
f 962/756/3154 1371/969/3156 1303/891/3155 
f 1303/891/3155 1371/969/3156 1301/970/3157 
f 1371/969/3156 1372/976/3158 1301/970/3157 
f 1301/970/3157 1372/976/3158 1299/975/3159 
f 1372/976/3158 1373/939/3160 1299/975/3159 
f 1299/975/3159 1373/939/3160 1297/938/3161 
f 1373/939/3160 1374/805/3162 1297/938/3161 
f 1297/938/3161 1374/805/3162 1234/806/3163 
f 1374/805/3162 1233/807/3164 1234/806/3163 
f 1192/925/3165 1165/979/3166 1191/924/3167 
f 1165/979/3166 1375/978/3168 1191/924/3167 
f 1191/924/3167 1375/978/3168 961/755/3169 
f 1375/978/3168 1363/1004/3170 961/755/3169 
f 961/755/3169 1363/1004/3170 962/756/3171 
f 1363/1004/3170 944/738/3172 962/756/3171 
f 962/756/3171 944/738/3172 1371/969/3173 
f 944/738/3172 943/737/3174 1371/969/3173 
f 1371/969/3173 943/737/3174 1372/976/3175 
f 943/737/3174 1219/940/3176 1372/976/3175 
f 1372/976/3175 1219/940/3176 1373/939/3177 
f 1219/940/3176 1125/885/3178 1373/939/3177 
f 1373/939/3177 1125/885/3178 1374/805/3179 
f 1125/885/3178 1126/886/3180 1374/805/3179 
f 1374/805/3179 1126/886/3180 1233/807/3181 
f 1126/886/3180 1127/887/3182 1233/807/3181 
f 1075/841/3183 956/1032/3184 1080/840/3185 
f 956/1032/3184 955/1033/3186 1080/840/3185 
f 1080/840/3185 955/1033/3186 1250/962/3187 
f 955/1033/3186 1101/1034/3188 1250/962/3187 
f 1250/962/3187 1101/1034/3188 1252/964/3189 
f 1101/1034/3188 1100/982/3190 1252/964/3189 
f 1252/964/3189 1100/982/3190 1253/965/3191 
f 1100/982/3190 1229/847/3192 1253/965/3191 
f 1253/965/3191 1229/847/3192 1198/929/3193 
f 1229/847/3192 983/777/3194 1198/929/3193 
f 1198/929/3193 983/777/3194 1200/931/3195 
f 983/777/3194 982/776/3196 1200/931/3195 
f 1200/931/3195 982/776/3196 1202/933/3197 
f 982/776/3196 988/783/3198 1202/933/3197 
f 1202/933/3197 988/783/3198 1203/934/3199 
f 988/783/3198 963/782/3200 1203/934/3199 
f 1203/934/3199 963/782/3200 965/837/3201 
f 1051/837/3202 1065/782/3203 1209/934/3204 
f 1065/782/3203 1064/783/3205 1209/934/3204 
f 1209/934/3204 1064/783/3205 1210/933/3206 
f 1064/783/3205 1224/776/3207 1210/933/3206 
f 1210/933/3206 1224/776/3207 1212/931/3208 
f 1224/776/3207 1060/777/3209 1212/931/3208 
f 1212/931/3208 1060/777/3209 1214/929/3210 
f 1060/777/3209 1059/847/3211 1214/929/3210 
f 1214/929/3210 1059/847/3211 1305/965/3212 
f 1059/847/3211 1272/982/3213 1305/965/3212 
f 1305/965/3212 1272/982/3213 1306/964/3214 
f 1272/982/3213 1171/1034/3215 1306/964/3214 
f 1306/964/3214 1171/1034/3215 1308/962/3216 
f 1171/1034/3215 1173/1033/3217 1308/962/3216 
f 1308/962/3216 1173/1033/3217 1054/840/3218 
f 1173/1033/3217 1174/1032/3219 1054/840/3218 
f 1054/840/3218 1174/1032/3219 1027/841/3220 
f 1048/1035/3221 1050/1036/3222 1062/910/3223 
f 1050/1036/3222 1089/914/3224 1062/910/3223 
f 1062/910/3223 1089/914/3224 1040/830/3225 
f 1089/914/3224 1136/893/3226 1040/830/3225 
f 1040/830/3225 1136/893/3226 1041/755/3227 
f 1136/893/3226 1135/756/3228 1041/755/3227 
f 1041/755/3227 1135/756/3228 1336/1004/3229 
f 1135/756/3228 1261/738/3230 1336/1004/3229 
f 1336/1004/3229 1261/738/3230 1337/1005/3231 
f 1261/738/3230 1365/1028/3232 1337/1005/3231 
f 1337/1005/3231 1365/1028/3232 1339/1007/3233 
f 1365/1028/3232 1364/1005/3234 1339/1007/3233 
f 1339/1007/3233 1364/1005/3234 1341/1006/3235 
f 1364/1005/3234 1363/1004/3236 1341/1006/3235 
f 1341/1006/3235 1363/1004/3236 979/773/3237 
f 1363/1004/3236 1375/978/3238 979/773/3237 
f 979/773/3237 1375/978/3238 980/774/3239 
f 1375/978/3238 1165/979/3240 980/774/3239 
f 1351/791/3241 1376/1009/3242 1366/788/3243 
f 1376/1009/3242 1377/935/3244 1366/788/3243 
f 1366/788/3243 1377/935/3244 1367/787/3245 
f 1377/935/3244 1378/936/3246 1367/787/3245 
f 1367/787/3245 1378/936/3246 1368/796/3247 
f 1378/936/3246 1379/880/3248 1368/796/3247 
f 1368/796/3247 1379/880/3248 1359/881/3249 
f 1379/880/3248 1380/879/3250 1359/881/3249 
f 1359/881/3249 1380/879/3250 1330/795/3251 
f 1380/879/3250 1158/794/3252 1330/795/3251 
f 1330/795/3251 1158/794/3252 1067/793/3253 
f 1158/794/3252 1157/903/3254 1067/793/3253 
f 1067/793/3253 1157/903/3254 1068/731/3255 
f 1157/903/3254 1155/901/3256 1068/731/3255 
f 1068/731/3255 1155/901/3256 1327/993/3257 
f 1155/901/3256 937/731/3258 1327/993/3257 
f 1327/993/3257 937/731/3258 1325/991/3259 
f 937/731/3258 936/730/3260 1325/991/3259 
f 1325/991/3259 936/730/3260 1323/915/3261 
f 1151/897/3262 1381/1013/3263 1149/729/3264 
f 1381/1013/3263 1382/1037/3265 1149/729/3264 
f 1149/729/3264 1382/1037/3265 1320/990/3266 
f 1382/1037/3265 935/729/3267 1320/990/3266 
f 1320/990/3266 935/729/3267 1318/988/3268 
f 935/729/3267 934/728/3269 1318/988/3268 
f 1318/988/3268 934/728/3269 999/794/3270 
f 934/728/3269 1117/879/3271 999/794/3270 
f 999/794/3270 1117/879/3271 1000/795/3272 
f 1117/879/3271 1119/881/3273 1000/795/3272 
f 1000/795/3272 1119/881/3273 1383/1021/3274 
f 1119/881/3273 1005/800/3275 1383/1021/3274 
f 1383/1021/3274 1005/800/3275 941/735/3276 
f 1005/800/3275 1004/799/3277 941/735/3276 
f 941/735/3276 1004/799/3277 939/733/3278 
f 1004/799/3277 1384/918/3279 939/733/3278 
f 939/733/3278 1384/918/3279 940/734/3280 
f 1384/918/3279 1385/1038/3281 940/734/3280 
f 940/734/3280 1385/1038/3281 1120/850/3282 
f 1142/894/3283 1177/926/3284 1141/768/3285 
f 1177/926/3284 1139/767/3286 1141/768/3285 
f 1141/768/3285 1139/767/3286 1034/766/3287 
f 1139/767/3286 1138/876/3288 1034/766/3287 
f 1034/766/3287 1138/876/3288 1035/826/3289 
f 1138/876/3288 1037/827/3290 1035/826/3289 
f 1035/826/3289 1037/827/3290 967/761/3291 
f 1037/827/3290 1036/760/3292 967/761/3291 
f 967/761/3291 1036/760/3292 968/762/3293 
f 1036/760/3292 1071/994/3294 968/762/3293 
f 968/762/3293 1071/994/3294 966/760/3295 
f 1071/994/3294 1120/995/3296 966/760/3295 
f 966/760/3295 1120/995/3296 1112/828/3297 
f 1120/995/3296 1385/996/3298 1112/828/3297 
f 1112/828/3297 1385/996/3298 971/765/3299 
f 1385/996/3298 1384/997/3300 971/765/3299 
f 971/765/3299 1384/997/3300 969/763/3301 
f 1384/997/3300 1004/998/3302 969/763/3301 
f 969/763/3301 1004/998/3302 978/860/3303 
f 1004/998/3302 1006/999/3304 978/860/3303 
f 1042/904/3305 1044/1025/3306 1161/884/3307 
f 1044/1025/3306 1362/1027/3308 1161/884/3307 
f 1161/884/3307 1362/1027/3308 995/790/3309 
f 1362/1027/3308 1124/884/3310 995/790/3309 
f 995/790/3309 1124/884/3310 994/789/3311 
f 1124/884/3310 1002/797/3312 994/789/3311 
f 994/789/3311 1002/797/3312 992/787/3313 
f 1002/797/3312 1001/796/3314 992/787/3313 
f 992/787/3313 1001/796/3314 1205/936/3315 
f 1001/796/3314 1118/880/3316 1205/936/3315 
f 1205/936/3315 1118/880/3316 1207/898/3317 
f 1118/880/3316 933/727/3318 1207/898/3317 
f 1207/898/3317 933/727/3318 1208/897/3319 
f 933/727/3318 935/729/3320 1208/897/3319 
f 1208/897/3319 935/729/3320 1357/1013/3321 
f 935/729/3320 1382/1037/3322 1357/1013/3321 
f 1357/1013/3321 1382/1037/3322 1358/1014/3323 
f 1382/1037/3322 1381/1013/3324 1358/1014/3323 
f 1358/1014/3323 1381/1013/3324 1386/1012/3325 
f 1381/1013/3324 1151/897/3326 1386/1012/3325 
f 1386/1012/3325 1151/897/3326 1387/1011/3327 
f 1151/897/3326 1153/899/3328 1387/1011/3327 
f 1387/1011/3327 1153/899/3328 1388/1010/3329 
f 1376/1009/3330 1388/1010/3331 1377/935/3332 
f 1388/1010/3331 1153/899/3333 1377/935/3332 
f 1377/935/3332 1153/899/3333 1378/936/3334 
f 1153/899/3333 1152/898/3335 1378/936/3334 
f 1378/936/3334 1152/898/3335 1379/880/3336 
f 1152/898/3335 1150/727/3337 1379/880/3336 
f 1379/880/3336 1150/727/3337 1380/879/3338 
f 1150/727/3337 1322/728/3339 1380/879/3338 
f 1380/879/3338 1322/728/3339 1158/794/3340 
f 1322/728/3339 1321/988/3341 1158/794/3340 
f 1158/794/3340 1321/988/3341 1156/902/3342 
f 1321/988/3341 1319/989/3343 1156/902/3342 
f 1156/902/3342 1319/989/3343 1154/900/3344 
f 1319/989/3343 1317/902/3345 1154/900/3344 
f 1154/900/3344 1317/902/3345 1155/901/3346 
f 1317/902/3345 1316/903/3347 1155/901/3346 
f 1155/901/3346 1316/903/3347 937/731/3348 
f 1316/903/3347 998/793/3349 937/731/3348 
f 937/731/3348 998/793/3349 938/732/3350 
f 998/793/3349 1000/795/3351 938/732/3350 
f 938/732/3350 1000/795/3351 936/730/3352 
f 1000/795/3351 1383/1021/3353 936/730/3352 
f 936/730/3352 1383/1021/3353 1323/915/3354 
f 1383/1021/3353 941/735/3355 1323/915/3354 
f 1323/915/3354 941/735/3355 1361/856/3356 
f 941/735/3355 940/734/3357 1361/856/3356 
f 1361/856/3356 940/734/3357 1181/804/3358 
f 940/734/3357 1121/803/3359 1181/804/3358 
f 1181/804/3358 1121/803/3359 1007/802/3360 
f 1121/803/3359 1070/851/3361 1007/802/3360 
f 1007/802/3360 1070/851/3361 1008/803/3362 
f 1070/851/3361 1069/850/3363 1008/803/3362 
f 1008/803/3362 1069/850/3363 1083/734/3364 
f 1069/850/3363 1331/1038/3365 1083/734/3364 
f 1083/734/3364 1331/1038/3365 1184/918/3366 
# 0 polygons - 866 triangles

#
# object DrawCall_0010
#

v  -1.0284 -0.5836 -6.9129
v  -1.0221 -0.6225 -6.9175
v  -1.0214 -0.6153 -6.9296
v  -1.1062 -0.6230 -6.8323
v  -1.1114 -0.6038 -6.8593
v  -1.1111 -0.6170 -6.8413
v  -1.0938 -0.6473 -6.9581
v  -1.0951 -0.6261 -6.9694
v  -1.0881 -0.6420 -6.9728
v  -1.1301 -0.6508 -6.9128
v  -1.1262 -0.6633 -6.8792
v  -1.1449 -0.6505 -6.9067
v  -1.0800 -0.5938 -6.9408
v  -1.0763 -0.5926 -6.9349
v  -1.0835 -0.5989 -6.9516
v  -1.1002 -0.5933 -6.8989
v  -1.1085 -0.5912 -6.9028
v  -1.1032 -0.5948 -6.8953
v  -1.1294 -0.6418 -6.8657
v  -1.1173 -0.6355 -6.8561
v  -1.1421 -0.6316 -6.8521
v  -1.0760 -0.6074 -6.9490
v  -1.0820 -0.6223 -6.9366
v  -1.0725 -0.6121 -6.9578
v  -1.0730 -0.5994 -6.9224
v  -1.0852 -0.5999 -6.9159
v  -1.0723 -0.6109 -6.9341
v  -1.0832 -0.6133 -6.9361
v  -1.0842 -0.6051 -6.9504
v  -1.0898 -0.6108 -6.9375
v  -1.0513 -0.6440 -6.8813
v  -1.0636 -0.6562 -6.9028
v  -1.0448 -0.6518 -6.8906
v  -1.1396 -0.5907 -6.8998
v  -1.1262 -0.6076 -6.9181
v  -1.1435 -0.5997 -6.9103
v  -1.1498 -0.6273 -6.9142
v  -1.1435 -0.6513 -6.8853
v  -1.1534 -0.6107 -6.9039
v  -1.1221 -0.6047 -6.9042
v  -1.1095 -0.6019 -6.8913
v  -1.1179 -0.5959 -6.9094
v  -1.0527 -0.6426 -6.9200
v  -1.0820 -0.6414 -6.9455
v  -1.0581 -0.6210 -6.9227
v  -1.0915 -0.5920 -6.9370
v  -1.1071 -0.5978 -6.9354
v  -1.0989 -0.5930 -6.9286
v  -1.0965 -0.6088 -6.9169
v  -1.0809 -0.6215 -6.9455
v  -1.0479 -0.6173 -6.9495
v  -1.0731 -0.6454 -6.9452
v  -1.1001 -0.6295 -6.9460
v  -1.0960 -0.6347 -6.9440
v  -1.0928 -0.6237 -6.9357
v  -1.0743 -0.6233 -6.9636
v  -1.1213 -0.5134 -6.8598
v  -1.1165 -0.5610 -6.8450
v  -1.0915 -0.5162 -6.8518
v  -1.1263 -0.5038 -6.9206
v  -1.1144 -0.5294 -6.9321
v  -1.1334 -0.5484 -6.9181
v  -1.0451 -0.6111 -6.9478
v  -1.0743 -0.6026 -6.9372
v  -1.0502 -0.5903 -6.9523
v  -1.0470 -0.4990 -6.9243
v  -1.0521 -0.4912 -6.8906
v  -1.0396 -0.5327 -6.9144
v  -1.1088 -0.5934 -6.9028
v  -1.1048 -0.5877 -6.8953
v  -1.1043 -0.5892 -6.8936
v  -1.0974 -0.6155 -6.9411
v  -1.0977 -0.6164 -6.9524
v  -1.0973 -0.6202 -6.9418
v  -1.0907 -0.6068 -6.9568
v  -1.0920 -0.6069 -6.9466
v  -1.0886 -0.6069 -6.9567
v  -1.0896 -0.6066 -6.9456
v  -1.0924 -0.6102 -6.9470
v  -1.0788 -0.5909 -6.9368
v  -1.0781 -0.5936 -6.9353
v  -1.1013 -0.5915 -6.8994
v  -1.7214 -0.5549 -6.8880
v  -1.7196 -0.5936 -6.8984
v  -1.7148 -0.5985 -6.8866
v  -1.6611 -0.5642 -6.9464
v  -1.6483 -0.5835 -6.9377
v  -1.6584 -0.5823 -6.9509
v  -1.6091 -0.6051 -6.8480
v  -1.6063 -0.6016 -6.8804
v  -1.5921 -0.5995 -6.8733
v  -1.6763 -0.5559 -6.9300
v  -1.6739 -0.5563 -6.9191
v  -1.6697 -0.5568 -6.9213
v  -1.6291 -0.5323 -6.9064
v  -1.6487 -0.5430 -6.9191
v  -1.6335 -0.5324 -6.9015
v  -1.6173 -0.5830 -6.8427
v  -1.6096 -0.5834 -6.8507
v  -1.6077 -0.5794 -6.8438
v  -1.6211 -0.5753 -6.8349
v  -1.5975 -0.5682 -6.8289
v  -1.6081 -0.5664 -6.8219
v  -1.6850 -0.5704 -6.9313
v  -1.6678 -0.5738 -6.9129
v  -1.6840 -0.5655 -6.9219
v  -1.6797 -0.5582 -6.9232
v  -1.6727 -0.5665 -6.9107
v  -1.6697 -0.5601 -6.9119
v  -1.6465 -0.5534 -6.9157
v  -1.6413 -0.5490 -6.9213
v  -1.6588 -0.5557 -6.9216
v  -1.6522 -0.5436 -6.9136
v  -1.6545 -0.5518 -6.9165
v  -1.6549 -0.5484 -6.9023
v  -1.6052 -0.5655 -6.9036
v  -1.5960 -0.5415 -6.8920
v  -1.5899 -0.5537 -6.8965
v  -1.5944 -0.5921 -6.8545
v  -1.5846 -0.5814 -6.8887
v  -1.5814 -0.5614 -6.8850
v  -1.6352 -0.5381 -6.8909
v  -1.6159 -0.5286 -6.8870
v  -1.6318 -0.5404 -6.8945
v  -1.6133 -0.5433 -6.9135
v  -1.6246 -0.5356 -6.8976
v  -1.6113 -0.5468 -6.9033
v  -1.6458 -0.5698 -6.9075
v  -1.6320 -0.5445 -6.8870
v  -1.6560 -0.5591 -6.9026
v  -1.6211 -0.5638 -6.9334
v  -1.6374 -0.5560 -6.9289
v  -1.6866 -0.5837 -6.8934
v  -1.6708 -0.5771 -6.8701
v  -1.6565 -0.6005 -6.9168
v  -1.6248 -0.5629 -6.9333
v  -1.6368 -0.5809 -6.9509
v  -1.6488 -0.5711 -6.9467
v  -1.6356 -0.5620 -6.9118
v  -1.6269 -0.5788 -6.9162
v  -1.6273 -0.5559 -6.9204
v  -1.6804 -0.6030 -6.8916
v  -1.6654 -0.5910 -6.9204
v  -1.7028 -0.5836 -6.9179
v  -1.6606 -0.5800 -6.9208
v  -1.6556 -0.5758 -6.9272
v  -1.6506 -0.5727 -6.9232
v  -1.6773 -0.5768 -6.9392
v  -1.6078 -0.5818 -6.8528
v  -1.6138 -0.5817 -6.8627
v  -1.6028 -0.5749 -6.8527
v  -1.6021 -0.5360 -6.8686
v  -1.5981 -0.5280 -6.8650
v  -1.5917 -0.5567 -6.8421
v  -1.6225 -0.4991 -6.9051
v  -1.6033 -0.5110 -6.8783
v  -1.6134 -0.5283 -6.8778
v  -1.6732 -0.5688 -6.9111
v  -1.7071 -0.5831 -6.9147
v  -1.6996 -0.5645 -6.9269
v  -1.7116 -0.4895 -6.8658
v  -1.7163 -0.4571 -6.8844
v  -1.7207 -0.5039 -6.8995
v  -1.6297 -0.5306 -6.8880
v  -1.6616 -0.5580 -6.9168
v  -1.6721 -0.5547 -6.9203
v  -1.6635 -0.5597 -6.9152
v  -1.6493 -0.5498 -6.9300
v  -1.6537 -0.5578 -6.9356
v  -1.6399 -0.5506 -6.9280
v  -1.6314 -0.5334 -6.9105
v  -1.6225 -0.5349 -6.9132
v  -1.6299 -0.5324 -6.9118
v  -1.0453 -0.6333 -6.8625
v  -1.0577 -0.6518 -6.8713
v  -1.0577 -0.6384 -6.8530
v  -1.0330 -0.6360 -6.9073
v  -1.0263 -0.6279 -6.8916
v  -1.0356 -0.6473 -6.8991
v  -1.0329 -0.6313 -6.8818
v  -1.0798 -0.6026 -6.9056
v  -1.0821 -0.5982 -6.9098
v  -1.0998 -0.5986 -6.8912
v  -1.0945 -0.6473 -6.8637
v  -1.1143 -0.6610 -6.8910
v  -1.0913 -0.6398 -6.8743
v  -1.1171 -0.6484 -6.9025
v  -1.1227 -0.6172 -6.9160
v  -1.1151 -0.6032 -6.9111
v  -1.1101 -0.6127 -6.9051
v  -1.1013 -0.5991 -6.8945
v  -1.1223 -0.5815 -6.8856
v  -1.1019 -0.5888 -6.8887
v  -1.1195 -0.5805 -6.8799
v  -1.1192 -0.6229 -6.9476
v  -1.1338 -0.6489 -6.9358
v  -1.1336 -0.6217 -6.9370
v  -1.1316 -0.6539 -6.9176
v  -1.1022 -0.6284 -6.9663
v  -1.0964 -0.6561 -6.9611
v  -1.1107 -0.6567 -6.9511
v  -1.0913 -0.6684 -6.9281
v  -1.0577 -0.6603 -6.9478
v  -1.0399 -0.6478 -6.9325
v  -1.0508 -0.6558 -6.9617
v  -1.1156 -0.6363 -6.8479
v  -1.0970 -0.6461 -6.8425
v  -1.0875 -0.6315 -6.8325
v  -1.1171 -0.6195 -6.8679
v  -1.0998 -0.6286 -6.8688
v  -1.1052 -0.6278 -6.8763
v  -1.1017 -0.6333 -6.8797
v  -1.1229 -0.6479 -6.8785
v  -1.1283 -0.6446 -6.8745
v  -1.1216 -0.6441 -6.8839
v  -1.1342 -0.6384 -6.8751
v  -1.1498 -0.6215 -6.8603
v  -1.1469 -0.5896 -6.8850
v  -1.1486 -0.6210 -6.8661
v  -1.1409 -0.5957 -6.8893
v  -1.0348 -0.6293 -6.9529
v  -1.0229 -0.6304 -6.9405
v  -1.0313 -0.6402 -6.9468
v  -1.0278 -0.6371 -6.9252
v  -1.1033 -0.5033 -6.9392
v  -1.0922 -0.5231 -6.9492
v  -1.0686 -0.5071 -6.9454
v  -1.1084 -0.5831 -6.8842
v  -1.1082 -0.5811 -6.8856
v  -1.1213 -0.5791 -6.8871
v  -1.1203 -0.5878 -6.9004
v  -1.0821 -0.5896 -6.9263
v  -1.0827 -0.5887 -6.9270
v  -1.0912 -0.5888 -6.9253
v  -1.6849 -0.6025 -6.8478
v  -1.6763 -0.6071 -6.8374
v  -1.6928 -0.5905 -6.8310
v  -1.6795 -0.5909 -6.8215
v  -1.7025 -0.6045 -6.8750
v  -1.6994 -0.6127 -6.8632
v  -1.7131 -0.5945 -6.8588
v  -1.7057 -0.5944 -6.8490
v  -1.6433 -0.5935 -6.8340
v  -1.6476 -0.5875 -6.8449
v  -1.6212 -0.6062 -6.8599
v  -1.6203 -0.5943 -6.8732
v  -1.6098 -0.5726 -6.8979
v  -1.6240 -0.5659 -6.8934
v  -1.6176 -0.5595 -6.9017
v  -1.6346 -0.5499 -6.8917
v  -1.6118 -0.5878 -6.9271
v  -1.6007 -0.6028 -6.9010
v  -1.6118 -0.6096 -6.9103
v  -1.6130 -0.6131 -6.8769
v  -1.6381 -0.5938 -6.9021
v  -1.6633 -0.6018 -6.8631
v  -1.6372 -0.5885 -6.9013
v  -1.6889 -0.6136 -6.9040
v  -1.6702 -0.6128 -6.9227
v  -1.6807 -0.6127 -6.9351
v  -1.6245 -0.5774 -6.8195
v  -1.6358 -0.5639 -6.8061
v  -1.6412 -0.5897 -6.8129
v  -1.6531 -0.5756 -6.8048
v  -1.7071 -0.6009 -6.9212
v  -1.7027 -0.6119 -6.9161
v  -1.7140 -0.6076 -6.9083
v  -1.7052 -0.6099 -6.8939
v  -1.6837 -0.6186 -6.8768
v  -1.6701 -0.6145 -6.8673
v  -1.6892 -0.6129 -6.8547
v  -1.6980 -0.4796 -6.9363
v  -1.6718 -0.4911 -6.9384
v  -1.6986 -0.5063 -6.9345
v  -1.6752 -0.5217 -6.9314
v  -1.6883 -0.5401 -6.8287
v  -1.6619 -0.5869 -6.8245
v  -1.6622 -0.5788 -6.8112
v  -1.6505 -0.5933 -6.8218
v  -1.6396 -0.5351 -6.9146
v  -1.6388 -0.5344 -6.9159
v  -1.6433 -0.5392 -6.9210
v  -1.6324 -0.5387 -6.9215
v  -1.0873 -0.6471 -6.8516
v  -1.0766 -0.6386 -6.8546
v  -1.0781 -0.6322 -6.8393
v  -1.0603 -0.5869 -6.8512
v  -1.0788 -0.5779 -6.8394
v  -1.0942 -0.6157 -6.9385
v  -1.0948 -0.6152 -6.9397
v  -1.0915 -0.5908 -6.9248
v  -1.0936 -0.5912 -6.9230
v  -1.1459 -0.6124 -6.8932
v  -1.1416 -0.6368 -6.8815
v  -1.1204 -0.6331 -6.8949
v  -1.1209 -0.6167 -6.8558
v  -1.0992 -0.6133 -6.8771
v  -1.1082 -0.6195 -6.9391
v  -1.1008 -0.6428 -6.9300
v  -1.0727 -0.6198 -6.8988
v  -1.0918 -0.6179 -6.9695
v  -1.1006 -0.6340 -6.9542
v  -1.0972 -0.6415 -6.9499
v  -1.0836 -0.6330 -6.9425
v  -1.0889 -0.6351 -6.9479
v  -1.1109 -0.6406 -6.8582
v  -1.1195 -0.6440 -6.8637
v  -1.1264 -0.6458 -6.8721
v  -1.1113 -0.6273 -6.8542
v  -1.1091 -0.6371 -6.8567
v  -1.1010 -0.6357 -6.8648
v  -1.1052 -0.6407 -6.8627
v  -1.1035 -0.6438 -6.8701
v  -1.1282 -0.6152 -6.8603
v  -1.1301 -0.6019 -6.8866
v  -1.1109 -0.6023 -6.8796
v  -1.1330 -0.5837 -6.8964
v  -1.1008 -0.5738 -6.9082
v  -1.1197 -0.4914 -6.9193
v  -1.1028 -0.4950 -6.9379
v  -1.0494 -0.5267 -6.8784
v  -1.1199 -0.5883 -6.8541
v  -1.0876 -0.5949 -6.9172
v  -1.0975 -0.5906 -6.9105
v  -1.0869 -0.5932 -6.9093
v  -1.0919 -0.5920 -6.9028
v  -1.0914 -0.5935 -6.9021
v  -1.1178 -0.6514 -6.8753
v  -1.1107 -0.6511 -6.8724
v  -1.1072 -0.6468 -6.8665
v  -1.6782 -0.5565 -6.9294
v  -1.6724 -0.5554 -6.9355
v  -1.6689 -0.5604 -6.9449
v  -1.6587 -0.5615 -6.9184
v  -1.6635 -0.5606 -6.9140
v  -1.6448 -0.5607 -6.8508
v  -1.6227 -0.5581 -6.8295
v  -1.6188 -0.5756 -6.8698
v  -1.5978 -0.5755 -6.8549
v  -1.5902 -0.5585 -6.8755
v  -1.6060 -0.5564 -6.9228
v  -1.5986 -0.5645 -6.9129
v  -1.6256 -0.5829 -6.9252
v  -1.6525 -0.5870 -6.9296
v  -1.6603 -0.5715 -6.9255
v  -1.6588 -0.5677 -6.9128
v  -1.6513 -0.5659 -6.9244
v  -1.6659 -0.6035 -6.9471
v  -1.6563 -0.6045 -6.9342
v  -1.6590 -0.6047 -6.9222
v  -1.6327 -0.5847 -6.8503
v  -1.6319 -0.5818 -6.8426
v  -1.6367 -0.5773 -6.8448
v  -1.6290 -0.5780 -6.8362
v  -1.6284 -0.5681 -6.8331
v  -1.6266 -0.5811 -6.8377
v  -1.6228 -0.5589 -6.8460
v  -1.6173 -0.5541 -6.8276
v  -1.6129 -0.5543 -6.8373
v  -1.6306 -0.5471 -6.8386
v  -1.6308 -0.5483 -6.8591
v  -1.6372 -0.5030 -6.8304
v  -1.6456 -0.4593 -6.8537
v  -1.6734 -0.4676 -6.8443
v  -1.6639 -0.4441 -6.8645
v  -1.6921 -0.4474 -6.8670
v  -1.6308 -0.5397 -6.8966
v  -1.6296 -0.5294 -6.8901
v  -1.6147 -0.5407 -6.8977
v  -1.6165 -0.5272 -6.8896
v  -1.6074 -0.5323 -6.8899
v  -1.6528 -0.5563 -6.9383
v  -1.6486 -0.5495 -6.9310
v  -1.6402 -0.5580 -6.9379
v  -1.6401 -0.5492 -6.9295
v  -1.6327 -0.5548 -6.9301
v  -1.6289 -0.5874 -6.8465
v  -1.6245 -0.5907 -6.8523
v  -1.6172 -0.5899 -6.8547
v  -1.0868 -0.6060 -6.9564
v  -1.0921 -0.6102 -6.9615
v  -1.0922 -0.6000 -6.9267
v  -1.0775 -0.6075 -6.9128
v  -1.0797 -0.6139 -6.8999
v  -1.1078 -0.6004 -6.9369
v  -1.1242 -0.5988 -6.9257
v  -1.1338 -0.6103 -6.9242
v  -1.1216 -0.6502 -6.9460
v  -1.1182 -0.6690 -6.9117
v  -1.0889 -0.6192 -6.9532
v  -1.1061 -0.6203 -6.9293
v  -1.1185 -0.6164 -6.9467
v  -1.1134 -0.6074 -6.9336
v  -1.1114 -0.6037 -6.9493
v  -1.5986 -0.5810 -6.9171
v  -1.6042 -0.5972 -6.8846
v  -1.6446 -0.5897 -6.9379
v  -1.6255 -0.5766 -6.8661
v  -1.6328 -0.5683 -6.8556
v  -1.6202 -0.5716 -6.8645
v  -1.6090 -0.5643 -6.8549
v  -1.6479 -0.4896 -6.9219
v  -1.6419 -0.4603 -6.9157
v  -1.6647 -0.4680 -6.9329
v  -1.6506 -0.4496 -6.9165
v  -1.6668 -0.4599 -6.9331
v  -1.6523 -0.5305 -6.8894
v  -1.6749 -0.5544 -6.9302
v  -1.6627 -0.5572 -6.9280
v  -1.0961 -0.6044 -6.9600
v  -1.1158 -0.6294 -6.9560
v  -1.1065 -0.6595 -6.9334
v  -1.0732 -0.6468 -6.8961
v  -1.1236 -0.6172 -6.9023
v  -1.1143 -0.6190 -6.8912
v  -1.1379 -0.6072 -6.8802
v  -1.1043 -0.6047 -6.8831
v  -1.1253 -0.5925 -6.8722
v  -1.0715 -0.6600 -6.9458
v  -1.0764 -0.6617 -6.9571
v  -1.0710 -0.6570 -6.9715
v  -1.1344 -0.6335 -6.8775
v  -1.1215 -0.6393 -6.8876
v  -1.1105 -0.6376 -6.8868
v  -1.1247 -0.6146 -6.8500
v  -1.1107 -0.6206 -6.8583
v  -1.0612 -0.6135 -6.9268
v  -1.0679 -0.6210 -6.9045
v  -1.0864 -0.6051 -6.9014
v  -1.0947 -0.6178 -6.8724
v  -1.1080 -0.6144 -6.8522
v  -1.0767 -0.4900 -6.8712
v  -1.1062 -0.4927 -6.8676
v  -1.6356 -0.5578 -6.8264
v  -1.6483 -0.5663 -6.8452
v  -1.6598 -0.5622 -6.8763
v  -1.6762 -0.5813 -6.8753
v  -1.6902 -0.5771 -6.8951
v  -1.6437 -0.5635 -6.9252
v  -1.6586 -0.6100 -6.8517
v  -1.6643 -0.6022 -6.8273
v  -1.6162 -0.5327 -6.8699
v  -1.6344 -0.5500 -6.8786
v  -1.6023 -0.5483 -6.8679
v  -1.6231 -0.5655 -6.8776
v  -1.6107 -0.5669 -6.8851
v  -1.6212 -0.5754 -6.9420
v  -1.6184 -0.6003 -6.9326
v  -1.6315 -0.6051 -6.9425
v  -1.6256 -0.6195 -6.9131
v  -1.6394 -0.6244 -6.9226
v  -1.6465 -0.5762 -6.9301
v  -1.6494 -0.5680 -6.9333
v  -1.6353 -0.5741 -6.8595
v  -1.6386 -0.5703 -6.8486
v  -1.6297 -0.5614 -6.8369
v  -1.6076 -0.5439 -6.8253
v  -1.5974 -0.5434 -6.8321
v  -1.6119 -0.5159 -6.8347
v  -1.6029 -0.5165 -6.8452
v  -1.6186 -0.4944 -6.8460
v  -1.6172 -0.4773 -6.8950
v  -1.6361 -0.4547 -6.9028
v  -1.6500 -0.4397 -6.8968
v  -1.6264 -0.5295 -6.8353
v  -1.6713 -0.5264 -6.8202
v  -1.1044 -0.5987 -6.9208
v  -1.1471 -0.5698 -6.8949
v  -1.1443 -0.5306 -6.9045
v  -1.1328 -0.5026 -6.9072
v  -1.1211 -0.4856 -6.8982
v  -1.1368 -0.5551 -6.8599
v  -1.1456 -0.5801 -6.8638
v  -1.1374 -0.5788 -6.8527
v  -1.1462 -0.6078 -6.8544
v  -1.1365 -0.6071 -6.8469
v  -1.1324 -0.6280 -6.8445
v  -1.0628 -0.5330 -6.9487
v  -1.0826 -0.5531 -6.9481
v  -1.6144 -0.5768 -6.8661
v  -1.6032 -0.5699 -6.8549
v  -1.5909 -0.5569 -6.8365
v  -1.0792 -0.6220 -6.9069
v  -1.0972 -0.6134 -6.8883
v  -1.1048 -0.6166 -6.8882
v  -1.1151 -0.6222 -6.9002
v  -1.1214 -0.6172 -6.9165
v  -1.1219 -0.6379 -6.9130
v  -1.1324 -0.6265 -6.9216
v  -1.1056 -0.6504 -6.8532
v  -1.0864 -0.5953 -6.9083
v  -1.1166 -0.6333 -6.8858
v  -1.1293 -0.6272 -6.8774
v  -1.1418 -0.6185 -6.8671
v  -1.0390 -0.5843 -6.8753
v  -1.0345 -0.5829 -6.9426
v  -1.0272 -0.6198 -6.9472
v  -1.1140 -0.6481 -6.8799
v  -1.1168 -0.6495 -6.8761
v  -1.1101 -0.6497 -6.8731
v  -1.1068 -0.6450 -6.8672
v  -1.6442 -0.5402 -6.9190
v  -1.6420 -0.5457 -6.9258
v  -1.6216 -0.5571 -6.8906
v  -1.6312 -0.5732 -6.9157
v  -1.6131 -0.5649 -6.9040
v  -1.6178 -0.5787 -6.8863
v  -1.6389 -0.5416 -6.8905
v  -1.6536 -0.6217 -6.9177
v  -1.6418 -0.5938 -6.9489
v  -1.6520 -0.5817 -6.9456
v  -1.6604 -0.5676 -6.9382
v  -1.6580 -0.5546 -6.9310
v  -1.6319 -0.5935 -6.8232
v  -1.6011 -0.5830 -6.8977
v  -1.6111 -0.5442 -6.8652
v  -1.5985 -0.5555 -6.8433
v  -1.6254 -0.5477 -6.8999
v  -1.6518 -0.5610 -6.9402
v  -1.6294 -0.5855 -6.8471
v  -1.6251 -0.5894 -6.8530
v  -1.6183 -0.5882 -6.8555
v  -1.0889 -0.6254 -6.9187
v  -1.1020 -0.6191 -6.9289
v  -1.1009 -0.6396 -6.9288
v  -1.1296 -0.5834 -6.8916
v  -1.7102 -0.5463 -6.8516
v  -1.7162 -0.5586 -6.9178
v  -1.7166 -0.5975 -6.9143
v  -1.1308 -0.5847 -6.8801
v  -1.1434 -0.5960 -6.8891
v  -1.0860 -0.6559 -6.8768
v  -1.1044 -0.6709 -6.9226
v  -1.1044 -0.6572 -6.9392
v  -1.1031 -0.6128 -6.9454
v  -1.6554 -0.5566 -6.9358
v  -1.6378 -0.5501 -6.9263
v  -1.6270 -0.5782 -6.9331
v  -1.6290 -0.6115 -6.9046
v  -1.6256 -0.6204 -6.8870
v  -1.6479 -0.6045 -6.8432
v  -1.6124 -0.5856 -6.8574
v  -1.6210 -0.5869 -6.8594
v  -1.6198 -0.5255 -6.8830
v  -1.6089 -0.5285 -6.8790
v  -1.5947 -0.5415 -6.8795
v  -1.0478 -0.5347 -6.9383
v  -1.6190 -0.5705 -6.9266
v  -1.6150 -0.5848 -6.9326
v  -1.6293 -0.6126 -6.8985
v  -1.6407 -0.6230 -6.8921
v  -1.6534 -0.6282 -6.9028
v  -1.7203 -0.4720 -6.9158
v  -1.7127 -0.5088 -6.9231
v  -1.6320 -0.5584 -6.8155
v  -1.1026 -0.4796 -6.8769
v  -1.1311 -0.4973 -6.8913
v  -1.1416 -0.5215 -6.8836
v  -1.1457 -0.5571 -6.8749
v  -1.0813 -0.6271 -6.9674
v  -1.0641 -0.6386 -6.9651
v  -1.0502 -0.6545 -6.9132
v  -1.0785 -0.6677 -6.9399
v  -1.0817 -0.6578 -6.9540
v  -1.0915 -0.6164 -6.9651
v  -1.0810 -0.6086 -6.9562
v  -1.0719 -0.6009 -6.9427
v  -1.0736 -0.5935 -6.9298
v  -1.0901 -0.5930 -6.9183
v  -1.6781 -0.6031 -6.9445
v  -1.6654 -0.5718 -6.9512
v  -1.6729 -0.5670 -6.9461
v  -1.6818 -0.5624 -6.9371
v  -1.6086 -0.4960 -6.8603
v  -1.6235 -0.4659 -6.8761
v  -1.6389 -0.4472 -6.8881
v  -1.6688 -0.4335 -6.8759
v  -1.6800 -0.5901 -6.9381
v  -1.6697 -0.5732 -6.9444
v  -1.0599 -0.6505 -6.9710
v  -1.0872 -0.6296 -6.9739
v  -1.0844 -0.6204 -6.9707
v  -1.0805 -0.6094 -6.9638
v  -1.0745 -0.6569 -6.8859
v  -1.0701 -0.6519 -6.8606
v  -1.6138 -0.5548 -6.8224
v  -1.1285 -0.6162 -6.8448
v  -1.6374 -0.5367 -6.8813
v  -1.6253 -0.5270 -6.8756
v  -1.0872 -0.6091 -6.9281
v  -1.1019 -0.5916 -6.8792
v  -1.1157 -0.5851 -6.8728
v  -1.0769 -0.4773 -6.8785
v  -1.0565 -0.4789 -6.8957
v  -1.0540 -0.4860 -6.9282
v  -1.0731 -0.4940 -6.9440
v  -1.6962 -0.4658 -6.9376
v  -1.7162 -0.4588 -6.9224
v  -1.7145 -0.4453 -6.8919
v  -1.6945 -0.4365 -6.8764
v  -1.3519 0.7395 -6.9462
v  -1.3387 0.7524 -6.9645
v  -1.3480 0.7549 -6.9601
v  -1.3723 0.7560 -6.9697
v  -1.4031 0.7446 -6.9541
v  -1.3705 0.7573 -6.9636
v  -1.3038 0.7395 -7.0056
v  -1.3189 0.7561 -7.0050
v  -1.3063 0.7543 -7.0061
v  -1.2925 0.7270 -7.0218
v  -1.2927 0.7352 -7.0263
v  -1.2933 0.7375 -7.0219
v  -1.3422 0.7548 -7.0149
v  -1.3383 0.7564 -7.0082
v  -1.3384 0.7558 -7.0118
v  -1.3003 0.7305 -6.9788
v  -1.2656 0.7283 -6.9774
v  -1.2810 0.7370 -6.9818
v  -1.2482 0.7191 -6.9059
v  -1.2334 0.7308 -6.9108
v  -1.2450 0.7352 -6.9106
v  -1.2532 0.7322 -6.8470
v  -1.2457 0.7367 -6.8744
v  -1.2560 0.7516 -6.8559
v  -1.2569 0.7558 -6.8663
v  -1.2859 0.7436 -6.8715
v  -1.2731 0.7544 -6.8687
v  -1.2716 0.7304 -6.9067
v  -1.2802 0.7633 -6.9114
v  -1.2825 0.7607 -6.9059
v  -1.3172 0.7593 -6.8378
v  -1.2861 0.7384 -6.8422
v  -1.3003 0.7620 -6.8429
v  -1.4125 0.7523 -6.9325
v  -1.3963 0.7556 -6.9325
v  -1.3784 0.7129 -6.7243
v  -1.3755 0.6990 -6.7377
v  -1.3785 0.7151 -6.7342
v  -1.3727 0.7451 -6.7904
v  -1.3630 0.7319 -6.7991
v  -1.3738 0.7442 -6.7935
v  -1.3893 0.7196 -6.7896
v  -1.3696 0.7267 -6.7750
v  -1.3815 0.7413 -6.7894
v  -1.3955 0.6860 -6.7604
v  -1.4014 0.7107 -6.7925
v  -1.4100 0.7197 -6.7671
v  -1.4085 0.7238 -6.8854
v  -1.4033 0.7476 -6.8702
v  -1.3294 0.7374 -6.8802
v  -1.1910 0.6523 -6.8760
v  -1.2201 0.6765 -6.8544
v  -1.2115 0.6855 -6.8567
v  -1.2258 0.6651 -6.8051
v  -1.2352 0.7039 -6.7535
v  -1.2266 0.6440 -6.7705
v  -1.3342 0.6873 -6.7602
v  -1.3210 0.7127 -6.7309
v  -1.3077 0.6806 -6.6345
v  -1.2822 0.6807 -6.6623
v  -1.2804 0.6724 -6.6418
v  -1.2645 0.6410 -6.6727
v  -1.2656 0.6307 -6.6544
v  -1.2794 0.6449 -6.6720
v  -1.2574 0.6470 -6.6843
v  -1.2624 0.6522 -6.6702
v  -1.2555 0.6476 -6.6717
v  -1.2728 0.6239 -6.6931
v  -1.2578 0.6304 -6.6931
v  -1.2682 0.6519 -6.6858
v  -1.2863 0.6724 -6.6830
v  -1.2842 0.6588 -6.6852
v  -1.3065 0.5963 -6.6346
v  -1.3104 0.5802 -6.6208
v  -1.3124 0.5800 -6.6225
v  -1.3031 0.6002 -6.6523
v  -1.3164 0.6049 -6.6507
v  -1.3014 0.5605 -6.6618
v  -1.3022 0.5914 -6.6678
v  -1.3454 0.5794 -6.6594
v  -1.2521 0.6653 -6.6778
v  -1.2517 0.6124 -6.7087
v  -1.2408 0.6976 -6.6914
v  -1.2341 0.6701 -6.6866
v  -1.3226 0.6444 -6.6404
v  -1.3180 0.6406 -6.6155
v  -1.3145 0.6278 -6.6107
v  -1.3475 0.6370 -6.6544
v  -1.3422 0.6116 -6.6713
v  -1.3377 0.6230 -6.6612
v  -1.2120 0.6201 -6.7659
v  -1.3590 0.7812 -6.8625
v  -1.3763 0.7788 -6.8541
v  -1.3587 0.7776 -6.8567
v  -1.3565 0.7528 -7.0007
v  -1.3682 0.7529 -6.9967
v  -1.3561 0.7539 -6.9956
v  -1.4327 0.7138 -6.7704
v  -1.4130 0.7260 -6.7801
v  -1.4312 0.7225 -6.7847
v  -1.3542 0.6708 -6.6525
v  -1.3396 0.6657 -6.6292
v  -1.4150 0.7152 -7.0019
v  -1.4587 0.7150 -6.9662
v  -1.4093 0.7251 -6.9663
v  -1.4465 0.2364 -6.6910
v  -1.4359 0.2525 -6.6487
v  -1.4402 0.2230 -6.6621
v  -1.4608 0.2755 -6.7110
v  -1.4404 0.2681 -6.6845
v  -1.4415 0.2689 -6.7100
v  -1.4487 0.2421 -6.6961
v  -1.4552 0.2703 -6.6826
v  -1.4643 0.2441 -6.6951
v  -1.4126 0.2640 -6.5549
v  -1.4285 0.2622 -6.5403
v  -1.4234 0.2250 -6.5605
v  -1.4302 0.2710 -6.5867
v  -1.4423 0.2309 -6.5751
v  -1.4390 0.2283 -6.5954
v  -1.4328 0.2555 -6.6153
v  -1.4546 0.2546 -6.6019
v  -1.4381 0.2333 -6.6150
v  -1.4274 0.1920 -6.5804
v  -1.4248 0.2302 -6.5645
v  -1.4362 0.2003 -6.5928
v  -1.3399 0.2401 -6.6500
v  -1.3348 0.2221 -6.6926
v  -1.3436 0.2106 -6.6634
v  -1.3289 0.2375 -6.6216
v  -1.3339 0.2060 -6.6458
v  -1.3266 0.2411 -6.6405
v  -1.3116 0.2563 -6.7131
v  -1.3320 0.2548 -6.7115
v  -1.3326 0.2542 -6.6859
v  -1.3158 0.2250 -6.6971
v  -1.3084 0.2316 -6.7232
v  -1.3176 0.2525 -6.6845
v  -1.3314 0.2270 -6.6977
v  -1.3132 0.2560 -6.5775
v  -1.3361 0.2175 -6.5764
v  -1.3202 0.2111 -6.5841
v  -1.3288 0.2703 -6.6247
v  -1.3052 0.2388 -6.6231
v  -1.3328 0.2457 -6.6321
v  -1.4136 0.2428 -6.5278
v  -1.3866 0.2380 -6.5220
v  -1.4163 0.1963 -6.5455
v  -1.3869 0.2367 -6.5208
v  -1.3691 0.1903 -6.5461
v  -1.3580 0.2327 -6.5215
v  -1.3535 0.2019 -6.5582
v  -1.3597 0.2360 -6.5285
v  -1.3537 0.2248 -6.5676
v  -1.3642 0.2207 -6.5638
v  -1.3541 0.2211 -6.5655
v  -1.3440 0.2245 -6.5797
v  -1.3622 0.2203 -6.5614
v  -1.3800 0.2181 -6.5582
v  -1.3695 0.1876 -6.5801
v  -1.4142 0.5686 -6.6612
v  -1.3922 0.5721 -6.6606
v  -1.4291 0.6348 -6.7064
v  -1.1538 0.5448 -6.9990
v  -1.1531 0.5553 -6.9900
v  -1.1477 0.5526 -7.0030
v  -1.1464 0.5516 -6.9997
v  -1.1480 0.5467 -6.9813
v  -1.1463 0.5409 -7.0070
v  -1.1427 0.5653 -7.0489
v  -1.1645 0.5646 -6.9588
v  -1.1544 0.5857 -6.9943
v  -1.1568 0.5649 -6.9892
v  -1.1686 0.5870 -6.9669
v  -1.1605 0.6265 -6.9826
v  -1.1339 0.7260 -7.0331
v  -1.1307 0.7196 -7.0342
v  -1.1181 0.7282 -7.0668
v  -1.1089 0.5852 -7.0711
v  -1.0917 0.5987 -7.0806
v  -1.0827 0.6276 -7.0901
v  -1.0923 0.5901 -7.0905
v  -1.0917 0.6255 -7.1027
v  -1.0884 0.5935 -7.0857
v  -1.0976 0.7036 -7.0923
v  -1.0941 0.6960 -7.0867
v  -1.0808 0.6639 -7.1007
v  -1.1678 0.6142 -7.0832
v  -1.1674 0.5615 -7.0816
v  -1.2029 0.6171 -7.0768
v  -1.2788 0.3996 -6.6494
v  -1.3155 0.3963 -6.7190
v  -1.2672 0.4225 -6.6526
v  -1.3875 0.2260 -6.5358
v  -1.3885 0.2240 -6.5230
v  -1.3667 0.2173 -6.5399
v  -1.3872 0.2173 -6.5284
v  -1.3667 0.2087 -6.5302
v  -1.2515 0.2151 -6.6102
v  -1.2680 0.2063 -6.6097
v  -1.2566 0.1948 -6.6262
v  -1.2747 -0.0470 -7.0933
v  -1.3883 -0.0343 -7.1255
v  -1.2980 0.0124 -7.0689
v  -1.2149 0.6578 -7.0434
v  -1.2472 0.6716 -7.0475
v  -1.3441 0.6373 -7.1162
v  -1.2405 0.6070 -7.1143
v  -1.3590 0.5280 -7.2019
v  -1.3024 0.1059 -7.1312
v  -1.4064 0.0888 -7.1118
v  -1.4111 0.1103 -7.1555
v  -1.4031 0.1267 -6.6585
v  -1.3570 0.1303 -6.6599
v  -1.3998 0.1491 -6.6096
v  -1.1393 0.5135 -6.7577
v  -1.1747 0.5174 -6.7120
v  -1.1455 0.4918 -6.7351
v  -1.2815 0.5519 -6.6629
v  -1.2270 0.5713 -6.6969
v  -1.1378 0.1472 -6.7326
v  -1.0961 0.1369 -6.8029
v  -1.1047 0.1993 -6.7185
v  -1.0732 0.1285 -6.9023
v  -1.0376 0.1923 -6.9878
v  -1.0277 0.1894 -6.9009
v  -1.2860 0.2200 -6.5660
v  -1.3150 0.2207 -6.5234
v  -1.3243 0.2069 -6.5351
v  -1.3872 0.2179 -6.5217
v  -1.3580 0.2846 -6.4858
v  -1.3277 0.2939 -6.4983
v  -1.3529 0.3089 -6.4797
v  -1.3768 0.3118 -6.4774
v  -1.3798 0.2886 -6.4813
v  -1.3173 0.3317 -6.5233
v  -1.3466 0.3283 -6.4871
v  -1.3211 0.3182 -6.4942
v  -1.2918 0.3685 -6.6295
v  -1.3340 0.3941 -6.5841
v  -1.2887 0.3480 -6.5887
v  -1.2903 0.3732 -6.6462
v  -1.2428 0.3463 -6.6540
v  -1.2410 0.3772 -6.6589
v  -1.3283 0.4283 -6.6098
v  -1.3110 0.4924 -6.6372
v  -1.3621 0.4408 -6.6027
v  -1.2172 0.1503 -6.6797
v  -1.1812 0.2186 -6.6386
v  -1.3705 0.3670 -6.5326
v  -1.3355 0.3611 -6.5433
v  -1.3664 0.4047 -6.5773
v  -1.1365 0.3752 -6.7390
v  -1.1215 0.3671 -6.7547
v  -1.1432 0.4157 -6.7467
v  -1.2532 0.0359 -6.8233
v  -1.2454 0.0493 -6.8065
v  -1.2966 0.0274 -6.7624
v  -1.2383 0.0061 -6.8428
v  -1.2266 -0.0073 -6.9262
v  -1.2248 0.0193 -6.9446
v  -1.2390 0.0343 -6.9997
v  -1.2402 0.0014 -7.0018
v  -1.3929 0.0733 -7.0946
v  -1.3116 0.0828 -7.0958
v  -1.3115 0.0702 -7.0670
v  -1.3077 -0.0996 -6.8067
v  -1.2591 -0.1225 -6.8109
v  -1.2246 -0.0417 -6.8500
v  -1.2936 0.2482 -6.6495
v  -1.2937 0.2368 -6.6182
v  -1.3064 0.2274 -6.5887
v  -1.3371 0.2493 -6.6485
v  -1.3567 0.2306 -6.5668
v  -1.3262 0.2223 -6.5492
v  -1.3513 0.2208 -6.5286
v  -1.3428 0.2607 -6.6589
v  -1.3168 0.2569 -6.7270
v  -1.3626 0.2375 -6.6838
v  -1.3904 0.2324 -6.7046
v  -1.3557 0.2369 -6.7270
v  -1.3563 0.2431 -6.6429
v  -1.3875 0.2452 -6.6126
v  -1.3895 0.2330 -6.6436
v  -1.5330 0.6075 -7.0769
v  -1.5564 0.6135 -7.0543
v  -1.5456 0.6324 -7.0637
v  -1.5523 0.6036 -6.9978
v  -1.5488 0.6054 -6.9855
v  -1.5462 0.6048 -6.9849
v  -1.5567 0.5926 -7.0017
v  -1.5529 0.5977 -6.9761
v  -1.5537 0.6029 -6.9944
v  -1.5423 0.6341 -6.9886
v  -1.5402 0.6132 -6.9843
v  -1.5407 0.6125 -6.9820
v  -1.5219 0.6182 -6.9898
v  -1.5483 0.5944 -6.9939
v  -1.5320 0.6109 -6.9540
v  -1.5281 0.7696 -7.0290
v  -1.5389 0.7331 -7.0523
v  -1.5232 0.7473 -7.0083
v  -1.5587 0.6245 -7.0144
v  -1.5226 0.6315 -6.9623
v  -1.5211 0.6719 -6.9779
v  -1.5631 0.6323 -7.0326
v  -1.5552 0.6173 -7.0436
v  -1.5836 0.6450 -7.0649
v  -1.5920 0.7283 -7.0941
v  -1.5989 0.6926 -7.0834
v  -1.5916 0.7280 -7.0871
v  -1.5391 0.7812 -7.0613
v  -1.5517 0.7580 -7.0861
v  -1.5657 0.7626 -7.0862
v  -1.4622 0.6889 -7.0402
v  -1.4847 0.6526 -7.0731
v  -1.5010 0.7004 -7.0430
v  -1.5435 0.4288 -6.7806
v  -1.5682 0.4284 -6.7153
v  -1.5364 0.4092 -6.7751
v  -1.4543 0.4218 -6.6472
v  -1.4599 0.4471 -6.6504
v  -1.4213 0.4097 -6.7176
v  -1.4547 0.3755 -6.7155
v  -1.4082 0.2225 -6.5393
v  -1.4767 0.2846 -6.6338
v  -1.4796 0.2603 -6.6158
v  -1.4878 0.2406 -6.6059
v  -1.4988 0.1865 -6.6197
v  -1.4469 0.1419 -6.6587
v  -1.4439 0.1558 -6.6126
v  -1.4565 -0.0507 -6.7651
v  -1.4635 -0.0151 -6.7495
v  -1.5030 -0.0404 -6.8064
v  -1.7004 0.2130 -6.7950
v  -1.7272 0.2108 -6.8938
v  -1.6444 0.1446 -6.8121
v  -1.6042 0.5100 -6.7906
v  -1.5638 0.5670 -6.7521
v  -1.6108 0.5260 -6.8730
v  -1.5774 0.1929 -6.6750
v  -1.5506 0.2529 -6.6086
v  -1.5941 0.2691 -6.6333
v  -1.4518 0.6337 -7.1116
v  -1.6112 0.1417 -7.0326
v  -1.5921 0.0857 -6.9348
v  -1.6538 0.1404 -6.9229
v  -1.6337 0.4476 -6.8040
v  -1.5953 0.4950 -6.7522
v  -1.7562 0.2811 -6.8915
v  -1.7245 0.2803 -6.7868
v  -1.7489 0.3528 -6.8866
v  -1.4947 0.2453 -6.5903
v  -1.4759 0.2115 -6.5734
v  -1.4933 0.2317 -6.5879
v  -1.4095 0.2137 -6.5297
v  -1.4187 0.2205 -6.5457
v  -1.4234 0.2160 -6.5388
v  -1.3864 0.2231 -6.5364
v  -1.4118 0.2159 -6.5650
v  -1.3930 0.1857 -6.5433
v  -1.4300 0.1915 -6.5505
v  -1.3976 0.1595 -6.5738
v  -1.4019 0.2902 -6.4852
v  -1.4007 0.3149 -6.4791
v  -1.4293 0.3067 -6.4969
v  -1.4295 0.3318 -6.4928
v  -1.4306 0.3460 -6.5218
v  -1.4354 0.3193 -6.5022
v  -1.4402 0.3084 -6.4985
v  -1.4632 0.3328 -6.5404
v  -1.4690 0.3026 -6.5202
v  -1.5072 0.3730 -6.6392
v  -1.4560 0.3691 -6.5865
v  -1.4490 0.3883 -6.6275
v  -1.5157 0.3230 -6.5827
v  -1.5936 0.3129 -6.6303
v  -1.5213 0.2966 -6.5765
v  -1.4862 0.6609 -6.7906
v  -1.4477 0.6925 -6.8081
v  -1.4738 0.6975 -6.9010
v  -1.4650 -0.1538 -6.7900
v  -1.4043 -0.1598 -6.7700
v  -1.4539 -0.1106 -6.7879
v  -1.4641 0.2571 -6.7740
v  -1.4233 0.2456 -6.7260
v  -1.4260 0.2387 -6.7772
v  -1.4187 0.2385 -6.5660
v  -1.4499 0.2379 -6.5476
v  -1.4688 0.2479 -6.5866
v  -1.4254 0.2302 -6.5276
v  -1.4852 0.2756 -6.7106
v  -1.4816 0.2866 -6.6827
v  -1.4875 0.2848 -6.7158
v  -1.4062 0.2552 -6.5980
v  -1.3861 0.2538 -6.5918
v  -1.2115 0.6756 -6.8955
v  -1.2205 0.7162 -6.8781
v  -1.2233 0.7125 -6.8550
v  -1.4105 0.7290 -6.8181
v  -1.3922 0.7238 -6.8369
v  -1.4015 0.7413 -6.8396
v  -1.3408 0.7444 -6.8467
v  -1.2703 0.6980 -6.6488
v  -1.2398 0.6794 -6.6492
v  -1.2397 0.6922 -6.6708
v  -1.2360 0.6713 -6.6657
v  -1.2956 0.6572 -6.6833
v  -1.2826 0.6537 -6.6709
v  -1.2844 0.6488 -6.6715
v  -1.3376 0.6304 -6.6909
v  -1.3024 0.6402 -6.6916
v  -1.3137 0.6844 -6.6809
v  -1.2518 0.6609 -6.6455
v  -1.2509 0.6455 -6.6114
v  -1.2418 0.6447 -6.6101
v  -1.2713 0.6112 -6.6305
v  -1.2701 0.6101 -6.6322
v  -1.2695 0.6105 -6.6314
v  -1.2592 0.6334 -6.6520
v  -1.3333 0.6684 -6.7300
v  -1.3136 0.7224 -6.7051
v  -1.2751 0.6708 -6.7620
v  -1.3323 0.6209 -6.6343
v  -1.3180 0.6085 -6.6028
v  -1.3353 0.6279 -6.6302
v  -1.3201 0.6295 -6.6090
v  -1.3135 0.6490 -6.6097
v  -1.3047 0.6456 -6.6043
v  -1.3029 0.6485 -6.6023
v  -1.2739 0.6761 -6.6311
v  -1.4234 0.7536 -6.8633
v  -1.4258 0.7531 -6.8530
v  -1.4094 0.7591 -6.8482
v  -1.3960 0.7552 -6.9060
v  -1.3710 0.7543 -6.9158
v  -1.3958 0.7561 -6.9182
v  -1.3713 0.7531 -6.9286
v  -1.3701 0.7519 -7.0013
v  -1.3606 0.7509 -7.0066
v  -1.3682 0.7493 -7.0054
v  -1.3574 0.7235 -7.0214
v  -1.4342 0.2428 -6.6185
v  -1.4374 0.2142 -6.6306
v  -1.4345 0.2519 -6.6401
v  -1.4353 0.2205 -6.6514
v  -1.4483 0.2568 -6.6388
v  -1.4502 0.2210 -6.6442
v  -1.4369 0.2338 -6.5827
v  -1.4370 0.2012 -6.6004
v  -1.4241 0.2329 -6.5938
v  -1.4305 0.2010 -6.6065
v  -1.4457 0.2481 -6.6115
v  -1.4453 0.2119 -6.6211
v  -1.4704 0.2525 -6.7210
v  -1.4465 0.2491 -6.7275
v  -1.4261 0.2198 -6.5515
v  -1.4327 0.2189 -6.5640
v  -1.4440 0.2228 -6.5598
v  -1.4213 0.2689 -6.5648
v  -1.4346 0.2311 -6.5721
v  -1.4535 0.2499 -6.6708
v  -1.4745 0.2522 -6.6625
v  -1.4485 0.2812 -6.6720
v  -1.4747 0.2924 -6.6577
v  -1.4491 0.2484 -6.6377
v  -1.4436 0.2778 -6.6379
v  -1.4559 0.2404 -6.6007
v  -1.4595 0.2286 -6.5823
v  -1.4478 0.2752 -6.5921
v  -1.4549 0.2739 -6.5756
v  -1.4698 0.2376 -6.6208
v  -1.4441 0.2406 -6.6307
v  -1.4681 0.2593 -6.6210
v  -1.4375 0.2840 -6.6233
v  -1.4399 0.2592 -6.6307
v  -1.4329 0.2804 -6.6109
v  -1.4769 0.2948 -6.6708
v  -1.4720 0.2537 -6.6740
v  -1.4461 0.2867 -6.6832
v  -1.4547 0.2486 -6.6878
v  -1.4151 0.2272 -6.5631
v  -1.4163 0.1945 -6.5845
v  -1.4321 0.2373 -6.5808
v  -1.4302 0.2045 -6.5992
v  -1.4341 0.2361 -6.5784
v  -1.4243 0.2339 -6.5666
v  -1.3486 0.2093 -6.6526
v  -1.3476 0.2026 -6.6318
v  -1.3412 0.2399 -6.6413
v  -1.3432 0.2311 -6.6197
v  -1.3506 0.1901 -6.6016
v  -1.3404 0.1983 -6.6225
v  -1.3420 0.2216 -6.5840
v  -1.3306 0.2333 -6.6131
v  -1.3326 0.2344 -6.7291
v  -1.3468 0.2595 -6.5658
v  -1.3435 0.2196 -6.5733
v  -1.3560 0.2569 -6.5556
v  -1.3555 0.2165 -6.5614
v  -1.3480 0.2082 -6.5651
v  -1.3539 0.2108 -6.5524
v  -1.3229 0.2334 -6.6725
v  -1.3200 0.2651 -6.6737
v  -1.3019 0.2304 -6.6647
v  -1.2916 0.2693 -6.6601
v  -1.3248 0.2628 -6.6394
v  -1.3268 0.2330 -6.6393
v  -1.3405 0.2159 -6.5967
v  -1.3212 0.2234 -6.6025
v  -1.3201 0.2591 -6.5937
v  -1.3381 0.2594 -6.5879
v  -1.3216 0.2196 -6.6059
v  -1.3190 0.2375 -6.6037
v  -1.3406 0.2211 -6.6163
v  -1.3402 0.2438 -6.6165
v  -1.3090 0.2173 -6.6229
v  -1.3334 0.2266 -6.6322
v  -1.3226 0.2320 -6.6895
v  -1.3042 0.2326 -6.6762
v  -1.3213 0.2710 -6.6848
v  -1.2892 0.2711 -6.6732
v  -1.2927 0.2310 -6.7103
v  -1.2835 0.2726 -6.7080
v  -1.3144 0.2362 -6.7213
v  -1.4347 0.2496 -6.5337
v  -1.4288 0.2113 -6.5572
v  -1.4159 0.2399 -6.5208
v  -1.3719 0.1888 -6.5851
v  -1.3616 0.1835 -6.5813
v  -1.3457 0.2262 -6.5820
v  -1.3562 0.1949 -6.6002
v  -1.3514 0.1893 -6.5940
v  -1.4170 0.2274 -6.5607
v  -1.4148 0.2290 -6.5641
v  -1.4187 0.1940 -6.5794
v  -1.4144 0.1982 -6.5890
v  -1.4003 0.2207 -6.5579
v  -1.4050 0.1862 -6.5743
v  -1.3919 0.2196 -6.5615
v  -1.3974 0.1856 -6.5788
v  -1.3901 0.2201 -6.5635
v  -1.3922 0.2241 -6.5602
v  -1.3955 0.1894 -6.5841
v  -1.3641 0.2225 -6.5648
v  -1.3729 0.1928 -6.5896
v  -1.3885 0.2192 -6.5615
v  -1.3870 0.2234 -6.5603
v  -1.3933 0.1891 -6.5841
v  -1.3922 0.1850 -6.5789
v  -1.4891 0.7211 -7.0037
v  -1.4547 0.7114 -6.9996
v  -1.0623 0.3142 -6.7925
v  -1.0449 0.2566 -6.7898
v  -1.0168 0.2606 -6.8961
v  -1.0559 0.1962 -6.7955
v  -1.1209 0.5237 -6.9915
v  -1.1343 0.5523 -6.9467
v  -1.1592 0.5709 -6.9619
v  -1.1657 0.6124 -7.0193
v  -1.1476 0.6717 -7.0007
v  -1.1299 0.6816 -7.0576
v  -1.1745 0.6592 -7.0473
v  -1.2930 0.1645 -6.6226
v  -1.2991 0.1686 -6.6019
v  -1.3550 0.1448 -6.6139
v  -1.3549 0.1620 -6.5783
v  -1.3562 0.2146 -6.5466
v  -1.3252 0.2108 -6.5677
v  -1.3701 0.2105 -6.5656
v  -1.3358 0.2210 -6.6062
v  -1.2939 -0.1452 -6.8074
v  -1.3524 -0.1116 -6.7827
v  -1.3025 0.2203 -6.5964
v  -1.3069 0.2369 -6.6434
v  -1.2717 0.6005 -6.6970
v  -1.1705 0.2597 -6.6357
v  -1.1749 0.3071 -6.6504
v  -1.2376 0.3177 -6.6135
v  -1.2394 0.3392 -6.6426
v  -1.1730 0.4687 -6.7292
v  -1.2285 0.4941 -6.6986
v  -1.2282 0.4806 -6.7033
v  -1.2592 0.4752 -6.6808
v  -1.2422 0.0692 -7.0072
v  -1.2030 0.0961 -7.0344
v  -1.2281 -0.0234 -7.0333
v  -1.1765 -0.0924 -7.0528
v  -1.3612 0.2222 -6.6603
v  -1.3923 0.2127 -6.6573
v  -1.2868 0.2506 -6.7132
v  -1.3857 0.2569 -6.5924
v  -1.3665 0.2500 -6.5986
v  -1.3661 0.2533 -6.5992
v  -1.3573 0.2467 -6.6140
v  -1.5611 0.6876 -7.0841
v  -1.5196 0.6585 -7.0786
v  -1.5449 0.7742 -7.0586
v  -1.5708 0.7560 -7.0805
v  -1.4782 0.7018 -6.9564
v  -1.4434 0.2349 -6.6047
v  -1.4522 0.2206 -6.5660
v  -1.3864 0.0221 -7.1013
v  -1.4774 0.0165 -7.0763
v  -1.5042 -0.0384 -7.1004
v  -1.4041 -0.1165 -6.7700
v  -1.4056 -0.0599 -6.7400
v  -1.3522 -0.0513 -6.7594
v  -1.5081 0.2496 -6.5926
v  -1.5117 0.2414 -6.5887
v  -1.5175 0.2421 -6.6013
v  -1.5280 0.2424 -6.6069
v  -1.6458 0.4735 -6.9929
v  -1.6441 0.4619 -6.8741
v  -1.6192 0.5250 -6.9902
v  -1.5025 0.3790 -6.6507
v  -1.4484 0.3894 -6.6385
v  -1.4496 0.3933 -6.6441
v  -1.5238 0.6494 -6.9121
v  -1.5359 0.6268 -6.8288
v  -1.5640 0.6064 -6.9411
v  -1.5621 -0.0025 -6.9422
v  -1.5610 0.0089 -6.8598
v  -1.5635 0.0237 -6.9613
v  -1.5687 0.0601 -6.9430
v  -1.6177 -0.0793 -6.8608
v  -1.5428 -0.1132 -6.8206
v  -1.5709 -0.0339 -6.8644
v  -1.4951 -0.0967 -6.8155
v  -1.5518 -0.0150 -7.0459
v  -1.5411 0.0065 -7.0156
v  -1.5667 -0.0093 -7.0092
v  -1.4200 0.2298 -6.6595
v  -1.4352 0.2616 -6.6472
v  -1.4776 0.2714 -6.6471
v  -1.4549 0.2743 -6.7252
v  -1.3881 0.2289 -6.5399
v  -1.4063 0.2296 -6.5541
v  -1.4883 0.2749 -6.7613
v  -1.4822 0.2647 -6.7476
v  -1.4684 0.2577 -6.6412
v  -1.4463 0.2708 -6.7947
v  -1.4442 0.2703 -6.7932
v  -1.3877 0.2592 -6.7960
v  -1.1979 0.6627 -6.9046
v  -1.2054 0.6749 -6.9356
v  -1.3043 0.7426 -6.9862
v  -1.3066 0.7565 -6.9963
v  -1.3282 0.7453 -6.9935
v  -1.3186 0.7572 -7.0001
v  -1.3288 0.7431 -7.0032
v  -1.2913 0.7225 -7.0306
v  -1.3082 0.7254 -7.0291
v  -1.3012 0.7367 -7.0256
v  -1.3076 0.7292 -7.0204
v  -1.3009 0.7386 -7.0212
v  -1.2548 0.6950 -7.0040
v  -1.2753 0.7048 -7.0329
v  -1.3371 0.6856 -7.0508
v  -1.3177 0.7115 -7.0301
v  -1.2571 0.7081 -6.9713
v  -1.2651 0.7244 -6.9850
v  -1.2990 0.7237 -7.0055
v  -1.2825 0.7368 -6.9866
v  -1.2186 0.7080 -6.9065
v  -1.2119 0.7080 -6.9292
v  -1.2273 0.7370 -6.9206
v  -1.2316 0.7324 -6.9275
v  -1.2428 0.7352 -6.9288
v  -1.2133 0.6825 -6.9834
v  -1.2141 0.7120 -6.9496
v  -1.2425 0.7190 -6.9529
v  -1.3115 0.7414 -6.9481
v  -1.2822 0.7652 -6.9228
v  -1.2717 0.7353 -6.9554
v  -1.2638 0.7305 -6.9274
v  -1.2574 0.7077 -6.9247
v  -1.3001 0.7640 -6.8525
v  -1.3170 0.7626 -6.8539
v  -1.3299 0.7288 -6.8316
v  -1.4372 0.7298 -6.9532
v  -1.4424 0.7250 -6.9304
v  -1.4158 0.6942 -6.7515
v  -1.4495 0.6719 -6.7683
v  -1.4129 0.6814 -6.7304
v  -1.4329 0.6466 -6.7272
v  -1.3819 0.6702 -6.7293
v  -1.2671 0.7435 -6.7105
v  -1.2561 0.7415 -6.7148
v  -1.2598 0.7455 -6.7594
v  -1.2448 0.7349 -6.7212
v  -1.2382 0.7328 -6.7609
v  -1.2827 0.7441 -6.7070
v  -1.2898 0.7496 -6.7609
v  -1.2837 0.7631 -6.7810
v  -1.2582 0.7574 -6.7817
v  -1.2490 0.7500 -6.7947
v  -1.2628 0.7442 -6.8338
v  -1.2471 0.7365 -6.8316
v  -1.2605 0.6952 -6.8373
v  -1.3251 0.5993 -6.6678
v  -1.3213 0.6326 -6.6830
v  -1.3145 0.6221 -6.6915
v  -1.3127 0.6990 -6.6344
v  -1.3120 0.6540 -6.6087
v  -1.3032 0.7045 -6.6371
v  -1.3021 0.6530 -6.6044
v  -1.3076 0.7171 -6.6714
v  -1.3263 0.7195 -6.7006
v  -1.3186 0.7128 -6.6678
v  -1.3095 0.6907 -6.6574
v  -1.2945 0.7659 -6.9096
v  -1.2924 0.7667 -6.9209
v  -1.3198 0.7406 -6.9204
v  -1.2538 0.6505 -6.6078
v  -1.3160 0.6063 -6.6033
v  -1.3336 0.6859 -6.6393
v  -1.3193 0.6414 -6.6138
v  -1.3261 0.6799 -6.6428
v  -1.4275 0.6943 -7.0452
v  -1.4533 0.2699 -6.6787
v  -1.4510 0.2583 -6.6445
v  -1.4377 0.2671 -6.6810
v  -1.4438 0.2513 -6.6425
v  -1.4290 0.2450 -6.6101
v  -1.4294 0.2089 -6.6186
v  -1.4437 0.2322 -6.5737
v  -1.4592 0.2503 -6.6304
v  -1.4692 0.2486 -6.6355
v  -1.4430 0.2717 -6.5699
v  -1.4844 0.2552 -6.7079
v  -1.4624 0.2549 -6.7194
v  -1.3324 0.2369 -6.6441
v  -1.3353 0.2539 -6.6824
v  -1.3238 0.2419 -6.6463
v  -1.3194 0.2526 -6.6806
v  -1.3315 0.2013 -6.6333
v  -1.3364 0.2321 -6.6134
v  -1.3373 0.1987 -6.6256
v  -1.3570 0.1916 -6.6075
v  -1.3549 0.2240 -6.5947
v  -1.3564 0.1995 -6.6196
v  -1.3475 0.2345 -6.6112
v  -1.3407 0.2512 -6.5414
v  -1.3360 0.2092 -6.5612
v  -1.3257 0.2537 -6.5467
v  -1.3343 0.2184 -6.5751
v  -1.3298 0.2589 -6.5630
v  -1.3163 0.2323 -6.6323
v  -1.3128 0.2638 -6.6335
v  -1.3072 0.2282 -6.6376
v  -1.2976 0.2670 -6.6347
v  -1.3251 0.2569 -6.5715
v  -1.3934 0.1873 -6.5436
v  -1.4327 0.2522 -6.5395
v  -1.3392 0.2405 -6.5407
v  -1.3377 0.2374 -6.5350
v  -1.3846 0.1836 -6.5746
v  -1.1733 0.5743 -6.9943
v  -1.1530 0.7097 -7.0315
v  -1.1799 0.6822 -7.0077
v  -1.1393 0.5711 -7.0201
v  -1.1311 0.5779 -7.0383
v  -1.1412 0.6720 -6.9978
v  -1.1408 0.6243 -6.9954
v  -1.1439 0.6242 -6.9969
v  -1.1497 0.5846 -6.9937
v  -1.1141 0.7199 -7.0642
v  -1.0811 0.6637 -7.0938
v  -1.1908 0.3841 -6.7867
v  -1.1994 0.3558 -6.7703
v  -1.1686 0.3780 -6.7205
v  -1.1783 0.3764 -6.7106
v  -1.1648 0.3580 -6.7086
v  -1.3295 0.2148 -6.5540
v  -1.0628 0.3602 -6.8793
v  -1.0908 0.3922 -6.8812
v  -1.1027 0.3807 -6.8109
v  -1.1154 0.4484 -6.7970
v  -1.1267 0.4359 -6.7583
v  -1.2616 0.2199 -6.6043
v  -1.2811 0.2260 -6.5930
v  -1.3065 0.1950 -6.5757
v  -1.1023 0.4599 -6.9969
v  -1.0894 0.4034 -7.0002
v  -1.1135 0.4690 -7.0703
v  -1.0988 0.4070 -7.0821
v  -1.1464 0.4554 -7.1420
v  -1.3842 0.2467 -6.4938
v  -1.3866 0.2251 -6.5116
v  -1.3595 0.2192 -6.5072
v  -1.3631 0.2095 -6.5201
v  -1.3167 0.2929 -6.5001
v  -1.3188 0.3046 -6.5037
v  -1.3259 0.3064 -6.4878
v  -1.1535 0.5786 -6.8337
v  -1.1618 0.6038 -6.9168
v  -1.1698 0.5973 -6.9548
v  -1.2319 0.0512 -6.9281
v  -1.3615 0.2515 -6.7370
v  -1.3562 0.2297 -6.7781
v  -1.3614 0.2570 -6.7831
v  -1.2868 0.2621 -6.6852
v  -1.2824 0.2589 -6.7185
v  -1.2784 0.2397 -6.6952
v  -1.2858 0.2491 -6.7640
v  -1.2920 0.2645 -6.6362
v  -1.3301 0.2559 -6.7947
v  -1.3321 0.2569 -6.7635
v  -1.2917 0.2614 -6.7672
v  -1.3157 0.2615 -6.7334
v  -1.2933 0.2348 -6.5801
v  -1.2869 0.2379 -6.6036
v  -1.2913 0.2308 -6.6078
v  -1.5204 0.6571 -7.0147
v  -1.5228 0.7189 -6.9959
v  -1.5374 0.6339 -6.9893
v  -1.5380 0.6738 -6.9918
v  -1.5410 0.6747 -6.9902
v  -1.5289 0.7208 -6.9928
v  -1.6017 0.6581 -7.0790
v  -1.5989 0.6539 -7.0839
v  -1.5979 0.6410 -7.0615
v  -1.5940 0.6299 -7.0663
v  -1.5836 0.6181 -7.0399
v  -1.5287 0.7760 -7.0606
v  -1.5234 0.7751 -7.0280
v  -1.5163 0.7722 -7.0255
v  -1.4998 0.6725 -6.9416
v  -1.4463 0.2270 -6.5526
v  -1.4912 0.1880 -6.5991
v  -1.5139 0.2276 -6.6066
v  -1.5280 0.2201 -6.6228
v  -1.4573 0.2222 -6.5583
v  -1.4839 0.2330 -6.5852
v  -1.6079 0.5313 -7.0639
v  -1.6379 0.4749 -7.0751
v  -1.6706 0.4458 -6.9925
v  -1.7166 0.2098 -6.9704
v  -1.7206 0.2776 -7.0407
v  -1.6903 0.2085 -7.0301
v  -1.6589 0.2640 -7.1202
v  -1.6390 0.2028 -7.0939
v  -1.6174 0.4295 -6.7482
v  -1.6661 0.4125 -6.7852
v  -1.6325 0.3811 -6.7040
v  -1.4532 0.2207 -6.5336
v  -1.4134 0.2150 -6.5195
v  -1.4145 0.2257 -6.5065
v  -1.5626 0.5444 -6.7297
v  -1.5273 0.5619 -6.7075
v  -1.3997 0.5036 -6.6361
v  -1.3540 0.5081 -6.6273
v  -1.5840 0.4714 -6.7412
v  -1.5414 0.5153 -6.7246
v  -1.5537 -0.0187 -6.8690
v  -1.5220 -0.0075 -6.7928
v  -1.5183 0.0338 -6.7719
v  -1.5101 -0.1404 -6.8164
v  -1.6316 -0.0517 -6.9115
v  -1.5840 -0.0117 -6.9623
v  -1.6323 -0.0431 -6.9994
v  -1.4142 0.2638 -6.7823
v  -1.3877 0.2613 -6.7960
v  -1.4550 0.2790 -6.7316
v  -1.4271 0.2713 -6.6578
v  -1.3418 0.7566 -7.0045
v  -1.3475 0.7574 -7.0097
v  -1.3445 0.7578 -7.0051
v  -1.3469 0.7382 -7.0050
v  -1.3416 0.7358 -7.0038
v  -1.3703 0.6899 -6.7221
v  -1.3903 0.7125 -6.7296
v  -1.3891 0.7144 -6.7372
v  -1.3446 0.6996 -6.7377
v  -1.3457 0.6890 -6.7225
v  -1.4357 0.7298 -6.8192
v  -1.4382 0.7375 -6.8493
v  -1.4338 0.7384 -6.8682
v  -1.2747 0.7139 -6.7017
v  -1.2454 0.7436 -6.9198
v  -1.2462 0.7204 -6.9276
v  -1.2146 0.6533 -6.7731
v  -1.2049 0.6520 -6.7887
v  -1.2192 0.6787 -6.7880
v  -1.2057 0.6712 -6.8070
v  -1.2218 0.6920 -6.8084
v  -1.2060 0.6861 -6.8266
v  -1.3708 0.7544 -6.9037
v  -1.3523 0.7339 -6.9191
v  -1.4464 0.2526 -6.6200
v  -1.4534 0.2170 -6.6316
v  -1.4404 0.2455 -6.6119
v  -1.4482 0.2130 -6.6241
v  -1.3128 0.2734 -6.7208
v  -1.1134 0.5848 -7.0918
v  -1.1026 0.5680 -7.0726
v  -1.1174 0.5571 -7.0736
v  -1.1149 0.5591 -7.0459
v  -1.1216 0.5490 -7.0514
v  -1.1410 0.5569 -7.0275
v  -1.0800 0.6246 -7.0971
v  -1.1483 0.6087 -6.9587
v  -1.1800 0.6323 -6.9458
v  -1.1504 0.6622 -6.9733
v  -1.1940 0.6661 -6.9601
v  -1.1593 0.6880 -6.9945
v  -1.1320 0.1976 -7.1270
v  -1.1659 0.1432 -7.1001
v  -1.2236 0.1751 -7.1679
v  -1.3011 0.1822 -7.2066
v  -1.2158 -0.0171 -6.9945
v  -1.1552 -0.0690 -6.9931
v  -1.2017 -0.0247 -6.9511
v  -1.1604 -0.0692 -6.8971
v  -1.1796 -0.0941 -6.8462
v  -1.3146 0.2379 -6.7761
v  -1.3285 0.2557 -6.7962
v  -1.2944 0.2405 -6.7502
v  -1.5699 0.6330 -7.0307
v  -1.5564 0.6236 -7.0147
v  -1.4764 0.2305 -6.5944
v  -1.7200 0.3416 -6.7811
v  -1.6889 0.3931 -6.7844
v  -1.7114 0.4142 -6.8833
v  -1.6792 0.4378 -6.8713
v  -1.4062 0.3701 -6.5424
v  -1.4022 0.3353 -6.4864
v  -1.4277 0.3192 -6.4865
v  -1.6078 -0.0764 -7.0660
v  -1.4164 0.2543 -6.6132
v  -1.4190 0.2511 -6.6420
v  -1.4154 0.2443 -6.6831
v  -1.4058 0.2584 -6.5987
v  -1.3859 0.2579 -6.6159
v  -1.3569 0.2500 -6.6147
v  -1.3860 0.2457 -6.5417
v  -1.4078 0.2484 -6.5415
v  -1.3833 0.7183 -7.0174
v  -1.3895 0.7271 -7.0035
v  -1.3818 0.7409 -6.9890
v  -1.2958 0.7085 -6.7243
v  -1.2633 0.6971 -6.7298
v  -1.2436 0.6999 -6.7422
v  -1.2490 0.7122 -6.7164
v  -1.3739 0.7441 -6.7862
v  -1.3772 0.7420 -6.7854
v  -1.3590 0.7326 -6.7799
v  -1.3572 0.7360 -6.7904
v  -1.2955 0.6287 -6.6910
v  -1.3150 0.5813 -6.6200
v  -1.3134 0.5808 -6.6202
v  -1.3090 0.6010 -6.6299
v  -1.3008 0.5992 -6.6312
v  -1.3079 0.6295 -6.6833
v  -1.3135 0.6227 -6.6503
v  -1.2846 0.6203 -6.6851
v  -1.3443 0.6469 -6.6799
v  -1.3646 0.6310 -6.6907
v  -1.3515 0.6836 -6.6940
v  -1.3690 0.6823 -6.6902
v  -1.3154 0.6510 -6.6093
v  -1.4564 0.2819 -6.6001
v  -1.4660 0.2875 -6.6140
v  -1.4830 0.2977 -6.7054
v  -1.4547 0.2913 -6.7190
v  -1.3338 0.2680 -6.6122
v  -1.3001 0.2666 -6.6161
v  -1.3104 0.2635 -6.6020
v  -1.1428 0.5614 -7.0597
v  -1.1291 0.5277 -7.0509
v  -1.1406 0.5457 -7.0339
v  -1.1563 0.5641 -6.9870
v  -1.1504 0.5553 -6.9907
v  -1.0960 0.5778 -7.0680
v  -1.0990 0.5834 -7.0668
v  -1.1180 0.5699 -7.0363
v  -1.1243 0.5769 -7.0364
v  -1.1368 0.5714 -7.0198
v  -1.1405 0.6991 -7.0132
v  -1.2106 0.4389 -6.7651
v  -1.2144 0.4431 -6.6817
v  -1.2524 0.4563 -6.7470
v  -1.2423 0.4432 -6.6647
v  -1.2869 0.4361 -6.7270
v  -1.2023 0.4153 -6.7943
v  -1.1709 0.3916 -6.7259
v  -1.1541 0.3752 -6.7257
v  -1.1491 0.3507 -6.7085
v  -1.2661 0.4832 -6.6699
v  -1.2875 0.4536 -6.6483
v  -1.2812 0.4469 -6.6563
v  -1.2986 0.4134 -6.6292
v  -1.2913 0.4113 -6.6398
v  -1.0722 0.3704 -7.0003
v  -1.0984 0.3605 -7.0949
v  -1.1497 0.3589 -7.1759
v  -1.2400 0.3936 -7.2258
v  -1.1858 0.3384 -6.6708
v  -1.1962 0.3452 -6.6803
v  -1.2028 0.3748 -6.6833
v  -1.2442 0.2650 -6.5798
v  -1.2421 0.2886 -6.5862
v  -1.2895 0.3110 -6.5427
v  -1.1678 0.0846 -6.8183
v  -1.0966 0.2543 -6.7095
v  -1.1178 0.3162 -6.7106
v  -1.3523 0.2434 -6.4936
v  -1.3543 0.2697 -6.4882
v  -1.3824 0.2686 -6.4879
v  -1.0437 0.3352 -6.9814
v  -1.0377 0.3293 -6.8921
v  -1.0289 0.2695 -6.9861
v  -1.1576 0.4075 -6.7319
v  -1.1872 0.4555 -6.7264
v  -1.1864 0.4278 -6.7025
v  -1.2199 -0.0188 -6.9254
v  -1.2370 -0.0349 -6.8550
v  -1.3867 0.2542 -6.6423
v  -1.3872 0.2554 -6.6867
v  -1.3863 0.2671 -6.7372
v  -1.5852 0.5821 -6.9854
v  -1.5617 0.5988 -7.0285
v  -1.5778 0.5842 -7.0451
v  -1.5971 0.6624 -7.0740
v  -1.5935 0.6456 -7.0604
v  -1.5777 0.6278 -7.0303
v  -1.5584 0.6094 -7.0221
v  -1.5186 0.6413 -6.9502
v  -1.5356 0.6183 -6.9570
v  -1.4392 0.4556 -6.7251
v  -1.4792 0.4736 -6.6621
v  -1.4679 0.4839 -6.7445
v  -1.5065 0.4806 -6.6785
v  -1.5055 0.4739 -6.7629
v  -1.5627 0.4413 -6.7211
v  -1.5351 0.4591 -6.7715
v  -1.5379 0.4729 -6.6986
v  -1.4916 0.2480 -6.6018
v  -1.4838 0.2464 -6.5784
v  -1.4381 0.1719 -6.5771
v  -1.4633 0.2182 -6.5590
v  -1.5140 0.1298 -7.1300
v  -1.4969 0.0968 -7.0989
v  -1.5700 0.0948 -7.0121
v  -1.4805 0.5261 -6.6955
v  -1.4671 0.5555 -6.6695
v  -1.4462 0.5061 -6.6677
v  -1.5140 0.6067 -6.7381
v  -1.4630 0.6010 -6.6939
v  -1.5579 -0.0277 -6.8684
v  -1.5689 -0.0129 -6.9414
v  -1.2718 0.7096 -6.6759
v  -1.2718 0.6094 -6.6329
v  -1.2580 0.6444 -6.6731
v  -1.4548 0.2817 -6.6317
v  -1.4688 0.2885 -6.6325
v  -1.1417 0.7058 -7.0079
v  -1.1421 0.6728 -6.9878
v  -1.1415 0.6244 -6.9822
v  -1.2218 0.0572 -6.9291
v  -1.2538 0.0644 -6.9982
v  -1.3033 0.0465 -7.0647
v  -1.5090 0.7546 -7.0268
v  -1.5202 0.7534 -7.0030
v  -1.5072 0.7318 -6.9900
v  -1.5275 0.7213 -6.9828
v  -1.5217 0.7090 -6.9685
v  -1.5400 0.6745 -6.9770
v  -1.5367 0.6576 -6.9536
v  -1.5245 0.7507 -7.0070
v  -1.5798 0.6067 -7.0455
v  -1.5824 0.6156 -7.0676
v  -1.5799 0.6435 -7.0857
v  -1.5910 0.6884 -7.0962
v  -1.5813 0.5102 -7.1364
v  -1.6501 0.4300 -7.0878
v  -1.6942 0.4047 -7.0368
v  -1.7065 0.4187 -6.9728
v  -1.7373 0.3587 -6.9769
v  -1.5707 0.0729 -6.8124
v  -1.6087 0.1554 -6.7380
v  -1.6557 0.2124 -6.7259
v  -1.6744 0.2711 -6.7111
v  -1.3112 0.7391 -6.9020
v  -1.3320 0.7211 -6.9153
v  -1.3518 0.7347 -6.8883
v  -1.4034 0.7364 -6.8930
v  -1.4376 0.7244 -6.9037
v  -1.4127 0.7497 -6.9082
v  -1.4150 0.7500 -6.9213
v  -1.3613 0.7545 -6.9788
v  -1.3409 0.7445 -6.9853
v  -1.2471 0.6510 -6.6108
v  -1.2387 0.6625 -6.6460
v  -1.2513 0.6682 -6.6614
v  -1.2770 0.6110 -6.6317
v  -1.2757 0.6102 -6.6324
v  -1.2766 0.6118 -6.6308
v  -1.2742 0.6119 -6.6301
v  -1.2748 0.6403 -6.6439
v  -1.2640 0.6377 -6.6452
v  -1.2568 0.6349 -6.6486
v  -1.4377 0.2724 -6.5616
v  -1.4426 0.2684 -6.5452
v  -1.1773 0.5643 -6.7425
v  -1.1922 0.6239 -6.7944
v  -1.1384 0.7021 -7.0120
v  -1.2485 0.3432 -6.7388
v  -1.3151 0.3590 -6.7253
v  -1.3263 0.2069 -6.5433
v  -1.2869 0.2259 -6.5718
v  -1.2825 0.2319 -6.5934
v  -1.2868 0.2282 -6.5948
v  -1.1977 0.1036 -6.7433
v  -1.2920 0.0609 -6.7366
v  -1.3528 0.0619 -6.7157
v  -1.3527 0.0215 -6.7329
v  -1.4099 0.0561 -6.7089
v  -1.4091 0.0208 -6.7189
v  -1.2426 -0.0227 -6.8538
v  -1.2851 -0.0094 -6.7801
v  -1.3016 -0.0415 -6.7954
v  -1.3488 -0.0156 -6.7432
v  -1.4073 -0.0181 -6.7274
v  -1.1615 0.0815 -6.9275
v  -1.0858 0.1303 -6.9786
v  -1.5589 0.4243 -6.7057
v  -1.5349 0.4166 -6.6791
v  -1.4999 0.3749 -6.7356
v  -1.4967 0.4094 -6.6558
v  -1.7481 0.2818 -6.9786
v  -1.7132 0.3478 -7.0434
v  -1.6575 0.3518 -7.1237
v  -1.5979 0.3362 -7.1896
v  -1.6030 0.4160 -7.1701
v  -1.5082 0.4274 -7.2224
v  -1.5027 0.5208 -7.1812
v  -1.4088 0.2874 -6.4895
v  -1.4112 0.2961 -6.4932
v  -1.4353 0.2873 -6.4912
v  -1.4660 0.2631 -6.5143
v  -1.5136 0.3525 -6.6099
v  -1.5779 0.3579 -6.6452
v  -1.5936 0.4067 -6.7027
v  -1.6005 0.4337 -6.7330
v  -1.5441 0.0367 -7.0160
v  -1.5408 0.0721 -7.0108
v  -1.4751 0.0492 -7.0730
v  -1.4768 0.0742 -7.0746
v  -1.3878 0.0539 -7.0932
v  -1.3325 0.7217 -6.9605
v  -1.3261 0.7262 -6.7356
v  -1.2837 0.7209 -6.7018
v  -1.2720 0.7164 -6.7023
v  -1.2573 0.7120 -6.7086
v  -1.4566 0.2366 -6.6041
v  -1.1414 0.7250 -7.0304
v  -1.1294 0.7257 -7.0658
v  -1.1373 0.6827 -7.0762
v  -1.1205 0.6322 -7.0898
v  -1.1487 0.5824 -7.0688
v  -1.2272 0.2187 -6.6125
v  -1.2348 0.1895 -6.6414
v  -1.3553 0.1832 -6.5516
v  -1.4915 0.2382 -6.5638
v  -1.4595 0.2365 -6.5217
v  -1.4160 0.2514 -6.4928
v  -1.4093 0.2766 -6.4875
v  -1.3813 0.2768 -6.4884
v  -1.5551 0.0428 -6.8373
v  -1.4143 0.2583 -6.7363
v  -1.2732 0.6552 -6.6700
v  -1.2841 0.6401 -6.6464
v  -1.2858 0.6368 -6.6500
v  -1.2806 0.6338 -6.6525
v  -1.3153 0.5807 -6.6219
v  -1.3144 0.5985 -6.6336
v  -1.3136 0.6022 -6.6295
v  -1.3057 0.6204 -6.6510
v  -1.2920 0.6159 -6.6534
v  -1.3322 0.6520 -6.6601
v  -1.3372 0.6907 -6.6684
v  -1.3498 0.6906 -6.6644
v  -1.3718 0.6628 -6.6764
v  -1.3639 0.6213 -6.6779
v  -1.2732 0.7523 -6.8571
v  -1.4429 0.2232 -6.6536
v  -1.4539 0.2236 -6.6542
v  -1.4644 0.2379 -6.6836
v  -1.3170 0.2189 -6.6856
v  -1.3299 0.2076 -6.6559
v  -1.3407 0.2100 -6.6550
v  -1.2686 0.2290 -6.5750
v  -1.2595 0.2408 -6.5744
v  -1.3024 0.2439 -6.5163
v  -1.2913 0.2810 -6.5224
v  -1.3266 0.2736 -6.4926
v  -1.3521 0.2803 -6.4902
v  -1.3478 0.2881 -6.4941
v  -1.3918 0.2066 -6.5591
v  -1.3706 0.2251 -6.5545
v  -1.3642 0.2429 -6.5421
v  -1.3538 0.2525 -6.5556
v  -1.3847 0.2568 -6.5517
v  -1.3852 0.2629 -6.6493
v  -1.4158 0.2604 -6.5548
v  -1.5768 0.2196 -7.1634
v  -1.5088 0.3292 -7.2446
v  -1.3855 0.3242 -7.2659
v  -1.3715 0.4330 -7.2454
v  -1.2210 0.4853 -7.1848
v  -1.4924 0.2388 -6.5927
v  -1.4962 0.2435 -6.5914
v  -1.4911 0.2394 -6.5697
v  -1.4516 0.2190 -6.5418
v  -1.3345 0.7354 -7.0113
v  -1.3166 0.7183 -7.0147
v  -1.3348 0.7342 -7.0184
v  -1.3423 0.7323 -7.0247
v  -1.3456 0.7053 -6.7127
v  -1.3599 0.7050 -6.7127
v  -1.3575 0.7007 -6.7055
v  -1.0795 0.3387 -6.7928
v  -1.5010 0.2074 -7.2040
v  -1.4014 0.1938 -7.2213
v  -1.2643 0.2984 -7.2478
v  -1.1750 0.2829 -7.1950
v  -1.1117 0.2831 -7.1308
v  -1.0567 0.2651 -7.0519
v  -1.0608 0.3249 -7.0450
v  -1.4005 0.4025 -6.5832
v  -1.3982 0.4371 -6.6089
v  -1.4312 0.4302 -6.6275
v  -1.4323 0.4720 -6.6465
v  -1.4403 0.4671 -6.6544
v  -1.4551 0.5003 -6.6786
v  -1.2424 0.7240 -6.7073
v  -1.2520 0.7262 -6.6998
v  -1.2690 0.7305 -6.6925
v  -1.2874 0.7345 -6.6900
v  -1.2564 0.7046 -6.8874
v  -1.2700 0.2267 -6.5893
v  -1.2784 0.2287 -6.5941
v  -1.2944 0.2212 -6.5873
v  -1.2337 0.5261 -6.6725
v  -1.1071 0.4626 -6.8796
v  -1.6025 0.6904 -7.0904
v  -1.5075 0.2509 -6.5724
v  -1.5119 0.2684 -6.5715
v  -1.5601 0.3855 -6.6660
v  -1.3814 0.7422 -6.7940
v  -1.3902 0.7235 -6.8031
v  -1.3184 0.7488 -6.7480
v  -1.3080 0.7625 -6.7874
v  -1.3209 0.7523 -6.8220
v  -1.3088 0.7547 -6.8283
v  -1.5795 0.7227 -7.0975
v  -1.5320 0.7324 -7.0711
v  -1.5001 0.2412 -6.5918
v  -1.5091 0.2417 -6.5869
v  -1.6684 0.3263 -6.7020
v  -1.5506 0.2221 -6.6373
v  -1.5122 0.1765 -6.6595
v  -1.5261 0.0764 -6.7419
v  -1.4656 0.0680 -6.7191
v  -1.4637 0.0241 -6.7380
v  -1.3418 -0.1558 -6.7842
v  -1.4793 0.2851 -6.7647
v  -1.4410 0.2707 -6.7621
v  -1.3875 0.2564 -6.7612
v  -1.1122 0.7026 -7.0918
v  -1.0944 0.6617 -7.1038
v  -1.5486 0.3896 -6.6758
v  -1.5765 0.4099 -6.7033
v  -1.5830 0.4293 -6.7202
v  -1.5717 0.4599 -6.7268
v  -1.5307 0.4994 -6.7224
v  -1.4842 0.5133 -6.7004
v  -1.1131 0.1358 -7.0376
v  -1.0668 0.1952 -7.0492
v  -1.4958 0.2673 -6.6923
v  -1.3529 0.7375 -7.0142
v  -1.3434 0.7302 -7.0013
v  -1.2840 0.1504 -6.6627
v  -1.2674 0.2219 -6.5913
v  -1.2683 0.2329 -6.5953
v  -1.2854 0.2184 -6.5903
v  -1.3144 0.2055 -6.5609
v  -1.3196 0.2111 -6.5602
v  -1.3517 0.2030 -6.5366
v  -1.3526 0.2096 -6.5398
v  -1.3866 0.2202 -6.5290
v  -1.4391 0.4300 -6.6379
v  -1.3742 0.3328 -6.4832
v  -1.4160 0.2576 -6.6139
v  -1.3415 0.7528 -6.8600
v  -1.3771 0.7816 -6.8674
v  -1.3461 0.7003 -6.7056
v  -1.2923 0.3697 -6.6405
v  -1.3877 0.2114 -6.5256
v  -1.4256 0.2100 -6.5355
v  -1.2235 0.6905 -6.8422
v  -1.4103 0.7625 -6.8646
v  -1.3436 0.7532 -6.9768
v  -1.3340 0.7066 -6.9967
v  -1.2775 0.7128 -7.0174
v  -1.2926 0.7629 -6.9047
v  -1.1928 0.4110 -6.6951
v  -1.2183 0.3875 -6.6722
v  -1.2013 0.3696 -6.6886
v  -1.2442 0.4340 -6.6673
v  -1.2393 0.4061 -6.6625
v  -1.2238 0.4287 -6.6739
v  -1.2139 0.4090 -6.6756
v  -1.2399 0.3266 -6.6907
v  -1.2370 0.3506 -6.6746
v  -1.2368 0.3777 -6.6650
v  -1.1734 0.4090 -6.8060
v  -1.2115 0.4853 -6.7994
v  -1.2029 0.4814 -6.7563
v  -1.2906 0.5056 -6.7739
v  -1.2753 0.4999 -6.7329
v  -1.3407 0.4651 -6.7074
v  -1.3107 0.4534 -6.6772
v  -1.3563 0.3893 -6.6955
v  -1.3227 0.3949 -6.6681
v  -1.2958 0.3409 -6.6727
v  -1.2766 0.3607 -6.6619
v  -1.2573 0.3830 -6.6584
v  -1.2618 0.2883 -6.7651
v  -1.1904 0.3263 -6.7930
v  -1.1836 0.3357 -6.7504
v  -1.1681 0.4115 -6.7623
v  -1.2043 0.4660 -6.7150
v  -1.2602 0.4803 -6.6970
v  -1.2871 0.4402 -6.6651
v  -1.2956 0.3989 -6.6586
v  -1.3790 0.3848 -6.7330
v  -1.3409 0.3085 -6.7396
v  -1.3215 0.3194 -6.7015
v  -1.2490 0.3009 -6.7249
v  -1.1894 0.3535 -6.7105
v  -1.1774 0.4120 -6.7196
v  -1.2119 0.4491 -6.6918
v  -1.2514 0.4592 -6.6790
v  -1.2627 0.4241 -6.6601
v  -1.2671 0.4027 -6.6567
v  -1.3619 0.4676 -6.7460
v  -1.4847 0.3865 -6.6622
v  -1.4583 0.4194 -6.6554
v  -1.4988 0.4126 -6.6614
v  -1.4985 0.4650 -6.6712
v  -1.5103 0.4391 -6.6678
v  -1.4840 0.4514 -6.6614
v  -1.4851 0.4296 -6.6578
v  -1.5232 0.3611 -6.6969
v  -1.5231 0.3854 -6.6811
v  -1.5187 0.4120 -6.6711
v  -1.3699 0.3857 -6.7162
v  -1.3656 0.4698 -6.7302
v  -1.3925 0.4729 -6.6954
v  -1.4214 0.5223 -6.7680
v  -1.4436 0.5210 -6.7300
v  -1.5139 0.5189 -6.7646
v  -1.5223 0.5042 -6.7239
v  -1.5623 0.4586 -6.7771
v  -1.5597 0.4577 -6.7336
v  -1.5627 0.3983 -6.7237
v  -1.5510 0.4116 -6.7000
v  -1.5331 0.4256 -6.6809
v  -1.4994 0.3176 -6.7676
v  -1.4227 0.3200 -6.7299
v  -1.4448 0.3356 -6.6951
v  -1.3964 0.3959 -6.6826
v  -1.4286 0.4688 -6.6705
v  -1.4681 0.5059 -6.6972
v  -1.5225 0.4866 -6.7001
v  -1.5489 0.4537 -6.7070
v  -1.5509 0.4542 -6.8194
v  -1.5552 0.3701 -6.8055
v  -1.5662 0.3816 -6.7643
v  -1.5151 0.3335 -6.7297
v  -1.4690 0.3628 -6.6703
v  -1.4317 0.4093 -6.6606
v  -1.4562 0.4615 -6.6624
v  -1.4841 0.4877 -6.6813
v  -1.5183 0.4644 -6.6810
v  -1.5320 0.4473 -6.6845
v  -1.4981 0.5200 -6.8057
# 1990 vertices

vn 0.9796 0.1424 0.1418
vn -0.0870 0.8020 0.5910
vn -0.8567 -0.2822 -0.4317
vn -0.1572 -0.9319 -0.3268
vn 0.5697 0.6575 -0.4930
vn 0.0446 0.9162 0.3982
vn -0.0319 -0.8132 0.5811
vn 0.9185 -0.0443 0.3928
vn 0.3794 -0.6482 0.6602
vn 0.2259 0.8520 0.4723
vn -0.1721 -0.8113 0.5588
vn 0.0425 0.7477 -0.6627
vn -0.9737 -0.2263 0.0255
vn -0.6326 0.5971 0.4932
vn 0.6561 0.0721 -0.7512
vn -0.3610 0.9101 -0.2034
vn 0.2987 -0.7997 0.5207
vn -0.7460 0.6368 -0.1951
vn -0.6904 -0.2965 0.6599
vn 0.9166 -0.2919 0.2734
vn -0.2266 0.2679 0.9364
vn -0.6302 0.0559 -0.7744
vn -0.4003 -0.2870 -0.8703
vn 0.9669 0.2395 0.0883
vn 0.9115 -0.1226 -0.3925
vn -0.9991 -0.0277 0.0335
vn 0.0597 0.9980 0.0186
vn 0.7573 -0.6483 0.0785
vn 0.9358 0.0902 -0.3407
vn -0.4334 -0.0235 0.9009
vn -0.9355 -0.1309 0.3283
vn 0.7789 0.2550 -0.5730
vn 0.1906 -0.9776 -0.0890
vn 0.1246 0.9922 0.0092
vn -0.3156 0.9089 -0.2727
vn 0.3627 -0.8444 0.3943
vn 0.1473 -0.8812 0.4492
vn -0.5867 -0.6911 0.4221
vn -0.6461 0.4210 0.6367
vn -0.3378 0.8689 0.3618
vn -0.9487 0.3013 -0.0957
vn 0.1193 0.3952 -0.9108
vn 0.9577 -0.1892 0.2169
vn -0.2215 0.7177 -0.6602
vn 0.6700 0.7329 0.1185
vn -0.1922 -0.5523 0.8112
vn 0.1182 0.6682 -0.7345
vn 0.2006 0.8991 -0.3892
vn 0.2238 0.6029 -0.7658
vn 0.6583 0.1447 0.7387
vn 0.7872 0.3046 0.5362
vn 0.1847 0.9756 -0.1191
vn 0.5731 -0.8152 -0.0835
vn -0.4432 -0.8585 0.2578
vn 0.7287 -0.5157 -0.4505
vn 0.8454 -0.2052 -0.4931
vn 0.6512 -0.3999 -0.6450
vn 0.3313 -0.6093 -0.7204
vn -0.9663 0.0072 0.2573
vn 0.0201 -0.5562 0.8308
vn -0.0130 0.7054 0.7087
vn -0.1246 -0.9922 -0.0092
vn -0.2227 -0.4786 0.8493
vn 0.3262 0.5381 0.7772
vn 0.8137 -0.5773 0.0678
vn 0.7009 -0.6297 0.3350
vn 0.7559 -0.6144 0.2261
vn 0.6143 -0.6354 0.4679
vn 0.9114 -0.3568 -0.2050
vn 0.8594 -0.4801 0.1760
vn 0.9031 -0.4293 -0.0085
vn 0.7837 -0.5122 0.3515
vn 0.4982 0.7154 0.4899
vn 0.4861 0.7311 0.4788
vn 0.4311 0.7944 0.4279
vn 0.4187 0.8070 0.4164
vn 0.7426 -0.6331 -0.2184
vn 0.7532 -0.4159 -0.5097
vn 0.7562 -0.5771 -0.3084
vn 0.7409 -0.3554 -0.5698
vn 0.6731 -0.1098 -0.7313
vn 0.7209 -0.0584 -0.6906
vn 0.7310 -0.0468 -0.6808
vn 0.7709 0.0024 -0.6370
vn 0.2964 0.9268 -0.2305
vn 0.2825 0.9139 -0.2914
vn 0.2934 0.9243 -0.2439
vn 0.2798 0.9111 -0.3028
vn -0.5966 -0.0303 -0.8020
vn -0.9940 0.0038 -0.1089
vn -0.7701 -0.0215 -0.6375
vn -0.9923 0.0140 0.1231
vn -0.5458 -0.2663 -0.7944
vn -0.4369 -0.6093 -0.6617
vn -0.3683 -0.7329 -0.5721
vn -0.1812 -0.9304 -0.3186
vn 0.1523 -0.8452 0.5123
vn 0.4772 -0.8657 0.1513
vn 0.2638 -0.8746 0.4067
vn 0.5665 -0.8239 0.0133
vn -0.4725 -0.5068 0.7211
vn -0.3486 -0.4911 0.7983
vn -0.3474 -0.4909 0.7989
vn -0.2045 -0.4618 0.8631
vn 0.4435 0.8667 -0.2283
vn 0.5293 0.7945 -0.2977
vn 0.5514 0.7721 -0.3160
vn 0.6449 0.6539 -0.3957
vn -0.6896 -0.5083 -0.5159
vn -0.6342 -0.6041 -0.4826
vn -0.6586 -0.5647 -0.4974
vn -0.6149 -0.6326 -0.4708
vn -0.9718 -0.0820 -0.2209
vn -0.7731 -0.2974 -0.5602
vn -0.9587 -0.1081 -0.2630
vn -0.7471 -0.3143 -0.5858
vn 0.7035 -0.1630 -0.6917
vn 0.8074 -0.5160 -0.2861
vn 0.7944 -0.3864 -0.4686
vn 0.7651 -0.6430 -0.0332
vn -0.6164 0.0515 -0.7857
vn -0.4092 0.2181 -0.8860
vn -0.3572 0.2537 -0.8989
vn -0.1199 0.3931 -0.9117
vn -0.0095 0.5793 0.8151
vn 0.0783 0.8874 0.4543
vn 0.1811 0.8859 -0.4272
vn 0.1845 0.8282 -0.5291
vn 0.1290 0.6858 0.7163
vn 0.0721 0.8992 0.4315
vn -0.0465 0.9819 -0.1837
vn -0.0600 0.9650 -0.2554
vn -0.6495 -0.7296 0.2143
vn -0.5831 -0.7233 0.3700
vn -0.5284 -0.7071 0.4699
vn -0.4449 -0.6712 0.5929
vn -0.8062 -0.5624 -0.1835
vn -0.7948 -0.6062 0.0298
vn -0.7293 -0.6204 0.2885
vn -0.6328 -0.5977 0.4922
vn -0.6304 -0.7591 -0.1621
vn -0.6514 -0.7149 -0.2540
vn -0.6726 -0.5800 -0.4595
vn -0.6707 -0.5282 -0.5208
vn -0.4634 -0.4910 -0.7377
vn -0.5493 -0.4001 -0.7337
vn -0.5344 -0.4169 -0.7352
vn -0.6089 -0.3265 -0.7229
vn 0.7175 -0.4260 -0.5511
vn 0.6541 -0.7064 -0.2706
vn 0.6900 -0.6164 -0.3794
vn 0.5583 -0.8269 -0.0677
vn 0.7385 0.3826 0.5552
vn -0.0496 -0.2852 -0.9572
vn 0.9577 0.2558 -0.1317
vn -0.6940 -0.3841 -0.6089
vn 0.4297 -0.8116 0.3958
vn 0.3447 -0.8870 0.3073
vn 0.1281 -0.9880 0.0857
vn 0.0190 -0.9995 -0.0243
vn 0.5396 -0.3204 0.7785
vn 0.4170 -0.3145 0.8528
vn 0.4152 -0.3143 0.8537
vn 0.2747 -0.3007 0.9133
vn -0.6083 -0.5199 -0.5997
vn -0.5397 -0.7580 -0.3663
vn -0.4649 -0.8629 -0.1981
vn -0.3273 -0.9437 0.0482
vn 0.0993 -0.9567 0.2736
vn 0.1936 -0.8921 0.4082
vn 0.3161 -0.7539 0.5760
vn 0.3964 -0.6166 0.6801
vn -0.1106 -0.0645 -0.9918
vn -0.0645 -0.1446 -0.9874
vn -0.0628 -0.1475 -0.9871
vn -0.0183 -0.2227 -0.9747
vn -0.8505 -0.4556 0.2628
vn -0.6721 -0.6371 0.3773
vn -0.7732 -0.5473 0.3204
vn -0.5164 -0.7347 0.4399
vn -0.6976 0.7135 -0.0648
vn -0.4557 0.8108 -0.3673
vn -0.1842 0.7903 -0.5844
vn -0.0690 0.7553 -0.6517
vn 0.6461 -0.6814 0.3439
vn 0.7904 -0.5356 0.2974
vn 0.8490 -0.3754 0.3718
vn 0.6362 -0.0474 0.7701
vn 0.5414 0.0085 0.8408
vn -0.7959 0.5684 0.2085
vn -0.7779 0.5870 0.2242
vn -0.7276 0.4869 0.4833
vn -0.5681 0.6221 0.5387
vn -0.8395 0.2026 0.5042
vn -0.4885 0.8613 0.1396
vn -0.4128 0.8835 -0.2212
vn -0.3879 0.8867 -0.2516
vn 0.5084 0.5381 0.6723
vn 0.5161 0.5089 0.6890
vn 0.4184 0.4507 0.7886
vn 0.0207 0.9555 0.2943
vn -0.1921 0.9809 0.0299
vn -0.4308 0.8297 -0.3550
vn -0.4678 0.8123 -0.3482
vn 0.5488 0.4480 0.7058
vn 0.1483 0.9521 0.2676
vn -0.0908 0.9956 0.0224
vn -0.3991 0.8599 -0.3182
vn -0.4307 0.8488 -0.3068
vn -0.9208 0.3606 -0.1490
vn -0.9486 0.2096 -0.2372
vn -0.9061 -0.2683 -0.3270
vn -0.8829 -0.3652 -0.2950
vn -0.8961 -0.4393 -0.0629
vn 0.1318 -0.4931 0.8599
vn 0.0593 -0.5470 0.8351
vn 0.0624 -0.6950 0.7163
vn 0.0238 -0.7663 0.6420
vn 0.0956 -0.9587 0.2680
vn -0.2406 -0.6114 0.7538
vn -0.2550 -0.6068 0.7528
vn -0.2724 -0.6779 0.6828
vn -0.2796 -0.7849 0.5529
vn -0.2704 -0.8690 0.4144
vn 0.7084 -0.0172 0.7056
vn 0.7119 -0.0964 0.6957
vn 0.7552 -0.3184 0.5730
vn 0.7419 -0.4031 0.5358
vn 0.7768 -0.4957 0.3884
vn 0.1468 -0.8778 -0.4560
vn 0.2540 -0.6262 -0.7371
vn 0.1212 -0.7424 -0.6589
vn 0.0703 -0.6229 -0.7792
vn -0.0439 -0.6992 -0.7136
vn -0.6270 0.0584 -0.7768
vn -0.6121 0.2407 -0.7533
vn -0.6620 0.1534 -0.7336
vn -0.6108 0.3441 -0.7131
vn -0.7181 0.1415 -0.6814
vn 0.5615 0.2721 0.7815
vn 0.3607 0.2542 0.8974
vn 0.0893 0.0900 0.9919
vn -0.1623 -0.0320 0.9862
vn -0.2620 -0.2734 0.9255
vn -0.0914 0.9953 -0.0317
vn -0.2409 0.9099 0.3377
vn 0.0557 0.9202 0.3874
vn 0.8883 -0.3055 0.3430
vn 0.7939 -0.5891 -0.1508
vn 0.2574 0.9405 -0.2218
vn 0.2492 0.9633 -0.0997
vn 0.2988 0.9506 -0.0838
vn 0.5677 0.7681 0.2961
vn 0.7410 0.4622 0.4872
vn -0.1669 -0.8405 0.5154
vn -0.1117 -0.8228 0.5573
vn -0.0834 -0.8155 0.5727
vn -0.0520 -0.8021 0.5949
vn -0.0554 -0.8082 0.5863
vn -0.2850 0.9537 0.0958
vn -0.3275 0.9425 -0.0665
vn -0.3816 0.9214 -0.0729
vn -0.6475 0.5616 -0.5151
vn -0.6596 0.5308 -0.5321
vn 0.5723 0.6573 0.4904
vn 0.1028 0.7792 0.6182
vn 0.3006 0.7929 0.5300
vn 0.2296 0.9282 0.2929
vn 0.2525 0.9283 0.2731
vn 0.2457 0.8970 -0.3675
vn 0.2484 0.8965 -0.3670
vn 0.0510 0.9949 -0.0867
vn -0.0594 0.9956 0.0722
vn -0.3665 0.7796 0.5079
vn 0.2023 0.6416 -0.7399
vn 0.7608 0.6013 -0.2441
vn 0.5718 0.6863 -0.4495
vn 0.8380 0.5442 -0.0393
vn 0.7869 0.6111 -0.0859
vn 0.0681 -0.9022 0.4258
vn -0.1664 -0.6643 0.7287
vn -0.2687 -0.5032 0.8213
vn -0.3239 -0.3930 0.8606
vn -0.3272 -0.3906 0.8604
vn 0.3661 -0.5437 0.7552
vn 0.4655 -0.5291 0.7094
vn 0.5590 -0.4053 0.7234
vn 0.7354 -0.1649 0.6572
vn 0.8134 0.1748 0.5548
vn 0.7354 -0.3606 -0.5737
vn 0.7252 -0.3678 -0.5820
vn 0.9109 -0.3724 -0.1777
vn 0.8117 -0.3834 -0.4406
vn 0.9256 -0.3190 0.2040
vn -0.7236 -0.6178 0.3077
vn -0.7122 -0.5293 0.4611
vn -0.7398 -0.4495 0.5006
vn -0.7368 -0.2301 0.6358
vn -0.7452 -0.1519 0.6493
vn 0.2740 -0.6123 0.7416
vn 0.2989 -0.6002 0.7419
vn 0.2263 -0.6965 0.6809
vn 0.1801 -0.7617 0.6223
vn 0.1079 -0.8313 0.5453
vn -0.2977 0.9417 -0.1569
vn -0.7580 -0.5596 -0.3352
vn -0.9471 -0.0884 -0.3084
vn -0.3785 -0.9256 0.0072
vn -0.3813 -0.9224 0.0612
vn 0.1449 0.4871 0.8613
vn 0.1096 0.5601 0.8211
vn 0.0387 0.5952 0.8027
vn -0.0441 0.6633 0.7471
vn -0.1418 0.6794 0.7199
vn -0.0289 0.5304 -0.8473
vn -0.0381 0.5217 -0.8523
vn 0.0640 0.5281 -0.8467
vn 0.0767 0.5240 -0.8483
vn 0.2619 0.5256 -0.8094
vn 0.1183 0.6909 -0.7132
vn 0.1104 0.6871 -0.7181
vn 0.2246 0.6717 -0.7060
vn 0.2457 0.6647 -0.7055
vn 0.4264 0.6189 -0.6596
vn 0.1300 -0.8233 0.5524
vn 0.1253 -0.8183 0.5609
vn 0.1596 -0.8260 0.5406
vn 0.1897 -0.8285 0.5269
vn 0.2496 -0.8361 0.4885
vn -0.7573 0.6483 -0.0785
vn -0.7225 0.6871 -0.0765
vn -0.4350 0.8758 -0.2093
vn -0.3405 0.9105 -0.2347
vn 0.0756 0.7355 -0.6733
vn 0.1043 0.7176 -0.6886
vn 0.7155 0.5106 -0.4769
vn 0.8114 0.5004 -0.3020
vn 0.9148 0.3837 -0.1260
vn 0.8814 0.3415 0.3265
vn 0.7651 0.2994 0.5701
vn 0.5917 0.3713 0.7155
vn 0.0661 0.9887 -0.1346
vn 0.0400 0.9887 -0.1442
vn -0.5308 0.8445 0.0714
vn -0.4359 0.8990 0.0433
vn -0.7824 0.5775 0.2332
vn -0.7261 0.6422 0.2456
vn -0.6397 0.0092 -0.7685
vn -0.6194 -0.3673 -0.6938
vn -0.6115 -0.5894 -0.5280
vn -0.7276 -0.5288 0.4370
vn -0.7686 -0.6114 0.1882
vn -0.6466 -0.3010 0.7010
vn 0.5328 0.4205 0.7344
vn 0.4393 -0.6830 0.5836
vn 0.1354 -0.9613 0.2400
vn 0.0170 -0.9979 0.0624
vn 0.1343 -0.9496 0.2831
vn 0.2935 -0.8027 0.5192
vn -0.5629 0.1397 0.8146
vn -0.6147 -0.1118 0.7808
vn -0.8672 0.0432 0.4960
vn -0.9408 0.2566 0.2215
vn -0.8586 0.5126 0.0091
vn -0.8355 0.5491 0.0208
vn 0.6751 -0.4772 -0.5626
vn 0.8204 -0.3870 -0.4209
vn 0.9849 -0.1491 0.0885
vn 0.8846 -0.1677 0.4351
vn 0.7577 -0.1088 0.6435
vn 0.6730 -0.0157 0.7395
vn 0.0801 -0.9246 0.3725
vn -0.5249 -0.1081 0.8443
vn -0.5312 0.7656 0.3629
vn -0.2740 0.9583 -0.0818
vn -0.2285 0.9616 -0.1519
vn 0.0257 0.8968 -0.4417
vn -0.3428 0.6032 -0.7202
vn -0.2300 0.7542 -0.6151
vn -0.2186 0.7315 -0.6459
vn -0.0530 0.8425 -0.5360
vn -0.0273 0.8381 -0.5448
vn 0.0229 0.8726 -0.4878
vn 0.5661 0.0576 -0.8223
vn 0.5745 0.0547 -0.8167
vn 0.5469 0.1727 -0.8192
vn 0.6041 0.1428 -0.7840
vn 0.5191 0.3100 -0.7965
vn 0.6619 0.1451 -0.7354
vn 0.7281 -0.4737 -0.4955
vn 0.6780 -0.3940 -0.6205
vn 0.6505 -0.2554 -0.7152
vn 0.3987 -0.0069 -0.9171
vn 0.3331 0.1232 -0.9348
vn 0.0203 0.2285 -0.9733
vn 0.2269 0.9733 -0.0339
vn 0.2545 0.9671 0.0020
vn 0.3642 0.9313 0.0037
vn 0.6729 0.6182 0.4063
vn 0.7963 0.5603 0.2280
vn 0.5770 0.1128 0.8089
vn -0.5821 0.3431 -0.7372
vn -0.6048 0.1233 -0.7868
vn -0.7189 -0.0561 -0.6929
vn -0.9438 -0.3304 -0.0123
vn -0.6683 -0.7142 0.2079
vn -0.5570 -0.6268 0.5449
vn -0.5379 -0.5256 0.6591
vn 0.4193 0.4519 0.7874
vn 0.1941 -0.5912 0.7828
vn -0.0540 -0.7558 0.6526
vn -0.0382 -0.8056 0.5912
vn -0.0508 -0.7348 0.6763
vn 0.1133 -0.5474 0.8292
vn 0.1132 -0.5442 0.8313
vn -0.2018 -0.0614 0.9775
vn -0.5399 -0.6248 0.5640
vn -0.5001 -0.5130 0.6977
vn -0.6220 -0.7829 -0.0167
vn -0.6414 -0.7670 -0.0175
vn -0.5582 -0.6932 -0.4560
vn -0.5689 -0.6913 -0.4455
vn -0.8066 -0.5440 -0.2311
vn -0.8074 -0.5258 -0.2675
vn -0.6962 -0.3548 -0.6241
vn -0.7047 -0.3391 -0.6233
vn -0.3920 -0.5345 -0.7488
vn -0.2540 -0.5780 -0.7755
vn 0.1493 -0.6006 -0.7854
vn 0.5635 -0.8249 -0.0455
vn 0.5637 -0.8227 -0.0728
vn 0.9552 0.0690 -0.2878
vn 0.9403 0.1383 -0.3108
vn 0.3655 0.9172 -0.1586
vn 0.3889 0.9072 -0.1607
vn 0.4471 0.8711 -0.2034
vn -0.3863 -0.8351 -0.3917
vn -0.3845 -0.8349 -0.3938
vn -0.4686 -0.8062 -0.3613
vn -0.5980 -0.7152 -0.3618
vn -0.6500 -0.6567 -0.3825
vn -0.7424 -0.5103 -0.4342
vn -0.7688 -0.4762 -0.4268
vn 0.9599 0.1534 0.2347
vn 0.7700 0.2586 0.5833
vn 0.8126 0.2321 0.5347
vn 0.4317 0.3866 0.8150
vn 0.1784 0.4536 0.8731
vn -0.0657 0.5297 0.8456
vn -0.1891 0.4653 0.8647
vn 0.8212 -0.4419 -0.3610
vn 0.8020 -0.4777 -0.3586
vn 0.7336 -0.6219 -0.2739
vn 0.6136 -0.7428 -0.2680
vn 0.4473 -0.8761 -0.1798
vn 0.2746 -0.9417 -0.1944
vn 0.3921 -0.9181 -0.0573
vn -0.5912 0.7831 0.1930
vn -0.5422 0.8375 0.0678
vn -0.6492 0.7423 -0.1659
vn -0.6431 0.5216 -0.5607
vn -0.6479 0.1922 -0.7370
vn -0.5706 0.0932 -0.8159
vn -0.5741 0.0768 -0.8152
vn 0.5118 -0.5024 0.6969
vn 0.1434 -0.9770 0.1581
vn -0.0995 -0.9948 -0.0221
vn -0.2040 -0.9583 -0.2002
vn -0.1573 -0.9615 0.2254
vn -0.1073 -0.8373 0.5361
vn -0.2685 -0.7018 0.6598
vn -0.3056 -0.1527 0.9398
vn -0.3052 -0.1564 0.9393
vn -0.1216 -0.3694 0.9213
vn -0.1296 -0.4612 0.8778
vn -0.1220 -0.3157 0.9410
vn -0.3329 -0.2362 0.9129
vn -0.4623 0.8522 0.2452
vn 0.2307 0.5992 -0.7667
vn 0.4171 0.2439 -0.8755
vn 0.5238 0.0166 -0.8517
vn 0.6200 -0.4479 -0.6442
vn 0.6359 -0.4208 -0.6469
vn 0.5677 -0.6877 -0.4526
vn 0.5578 -0.6948 -0.4541
vn 0.4118 0.0710 0.9085
vn 0.6132 -0.0511 0.7883
vn 0.9985 -0.0100 -0.0538
vn 0.9762 -0.1314 -0.1725
vn 0.7959 0.3075 -0.5215
vn 0.5498 0.7914 -0.2671
vn 0.4219 0.8983 -0.1230
vn -0.3208 0.6188 -0.7171
vn -0.4619 0.6224 -0.6319
vn -0.5773 0.7015 -0.4179
vn -0.5991 0.7528 -0.2726
vn -0.5105 0.8443 -0.1629
vn -0.5007 0.8529 -0.1477
vn -0.4476 0.8889 -0.0980
vn 0.5593 0.1099 0.8216
vn 0.5562 0.1082 0.8240
vn 0.5373 0.2185 0.8146
vn 0.5639 0.2490 0.7874
vn 0.6679 0.4494 0.5932
vn 0.6888 0.4572 0.5626
vn 0.6741 0.4953 0.5479
vn 0.8236 0.0628 -0.5637
vn 0.7773 0.1006 -0.6210
vn 0.7546 0.1652 -0.6351
vn 0.7080 0.4314 -0.5591
vn 0.6908 0.5432 -0.4772
vn 0.6408 0.6273 -0.4426
vn 0.6027 0.7053 -0.3733
vn 0.3155 -0.0462 0.9478
vn 0.1691 0.1763 0.9697
vn -0.1002 0.2558 0.9615
vn -0.4696 0.3239 0.8213
vn -0.6031 0.2985 0.7397
vn -0.6097 0.3044 0.7318
vn -0.6329 0.3145 0.7075
vn -0.8807 -0.4489 0.1513
vn -0.8517 -0.3536 0.3867
vn -0.8901 -0.0232 0.4551
vn -0.7442 0.5843 0.3236
vn -0.7293 0.6568 0.1916
vn -0.3705 0.9286 0.0200
vn -0.6787 0.5787 0.4522
vn -0.2322 0.9684 -0.0914
vn -0.5224 -0.4493 -0.7248
vn -0.6241 -0.3536 -0.6967
vn -0.7588 -0.0955 -0.6443
vn -0.7841 0.0568 -0.6180
vn -0.8039 0.3466 -0.4833
vn -0.8146 0.4411 -0.3768
vn -0.7659 0.5641 -0.3084
vn -0.7430 0.6314 -0.2218
vn -0.7997 0.1912 0.5692
vn -0.7986 0.2009 0.5673
vn -0.7778 0.1925 0.5984
vn -0.6469 0.0749 0.7589
vn -0.6144 0.0498 0.7874
vn -0.4622 -0.4109 0.7858
vn -0.3849 -0.5389 0.7493
vn -0.0567 -0.8724 0.4854
vn 0.0638 0.1408 -0.9880
vn 0.0335 0.0507 -0.9982
vn -0.2526 -0.0692 -0.9651
vn -0.4356 -0.2889 -0.8525
vn -0.4739 -0.4360 -0.7651
vn -0.3285 -0.5304 -0.7815
vn -0.1369 -0.5073 -0.8508
vn -0.1471 -0.5174 -0.8430
vn -0.4611 -0.1394 0.8763
vn -0.4814 0.4070 0.7763
vn -0.6674 0.3479 0.6585
vn -0.8182 0.5747 0.0125
vn -0.8373 0.5423 -0.0696
vn -0.5115 0.7721 -0.3771
vn -0.7278 0.6449 -0.2334
vn 0.0764 0.8019 -0.5925
vn -0.0093 -0.5730 -0.8195
vn 0.3853 -0.4955 -0.7785
vn 0.5134 -0.4350 -0.7397
vn 0.7825 -0.2075 -0.5870
vn 0.7777 -0.2247 -0.5871
vn 0.9706 -0.1676 -0.1727
vn 0.9666 -0.2059 -0.1527
vn 0.9842 0.1047 -0.1428
vn 0.2323 0.9703 -0.0680
vn 0.0792 0.9867 -0.1420
vn -0.5092 0.8517 -0.1237
vn -0.7134 0.6989 -0.0510
vn -0.3829 0.7902 0.4785
vn -0.5784 0.5942 0.5589
vn -0.4022 -0.8570 0.3223
vn -0.2280 -0.9483 -0.2207
vn 0.3048 -0.7195 0.6241
vn 0.1962 -0.4583 0.8669
vn -0.3092 -0.1477 0.9395
vn -0.6026 -0.0441 0.7969
vn -0.8152 -0.1861 0.5485
vn -0.7883 -0.2988 0.5378
vn -0.6960 -0.2075 0.6874
vn -0.6122 -0.2767 0.7407
vn -0.4526 0.1597 0.8773
vn -0.3574 -0.3482 -0.8666
vn -0.3620 -0.3518 -0.8632
vn -0.6039 -0.3545 -0.7139
vn -0.8231 -0.4215 -0.3806
vn -0.7079 -0.6726 0.2156
vn -0.5870 -0.6199 0.5207
vn -0.5023 -0.5713 0.6491
vn -0.4808 -0.5873 0.6511
vn -0.4928 -0.5911 0.6385
vn 0.5237 0.5508 0.6499
vn 0.5307 0.5321 0.6598
vn 0.5960 0.6518 0.4689
vn 0.7027 0.7102 0.0429
vn 0.5683 0.6373 -0.5206
vn 0.1050 0.8029 -0.5868
vn -0.1856 0.8525 -0.4887
vn -0.2488 0.8709 -0.4239
vn -0.2550 0.9216 -0.2928
vn -0.1995 -0.0454 0.9788
vn -0.0182 -0.2717 0.9622
vn -0.4578 -0.3537 0.8157
vn -0.4687 -0.6116 0.6374
vn -0.9933 0.0512 0.1037
vn -0.9894 -0.1379 0.0452
vn -0.9278 0.2291 -0.2944
vn -0.9398 0.0878 -0.3303
vn -0.8901 0.3113 -0.3328
vn 0.2841 0.6255 -0.7267
vn 0.3019 0.6164 -0.7273
vn 0.2049 0.7151 -0.6683
vn 0.1623 0.7257 -0.6686
vn -0.0066 0.8065 -0.5912
vn -0.0016 0.8057 -0.5923
vn 0.2833 0.3472 -0.8940
vn 0.4522 -0.0227 -0.8916
vn 0.4118 -0.8002 -0.4360
vn 0.6018 0.2351 0.7633
vn 0.6555 0.2084 0.7259
vn 0.8852 0.1961 0.4219
vn 0.8604 0.1903 0.4728
vn 0.9692 0.2017 0.1415
vn 0.9699 0.2427 -0.0200
vn 0.9428 0.2503 -0.2200
vn 0.9215 0.2566 -0.2914
vn 0.9068 0.2245 -0.3568
vn -0.1043 -0.7997 -0.5913
vn 0.0168 -0.6977 -0.7162
vn 0.3388 -0.6600 -0.6705
vn 0.5300 -0.5875 -0.6115
vn 0.8486 -0.4275 -0.3117
vn 0.8374 -0.4381 -0.3269
vn 0.9724 -0.0510 0.2275
vn 0.9750 -0.0467 0.2174
vn 0.7761 0.2012 0.5976
vn 0.9762 0.1751 -0.1278
vn 0.9453 0.2926 0.1440
vn 0.9255 0.2234 0.3058
vn 0.3326 -0.5391 0.7738
vn 0.3469 0.2939 0.8907
vn 0.2508 0.7693 0.5876
vn 0.1497 0.9131 0.3792
vn 0.0572 0.9936 0.0971
vn -0.0023 0.9970 0.0768
vn -0.3518 -0.8106 0.4681
vn -0.4197 -0.8426 0.3375
vn -0.2192 -0.6381 -0.7381
vn 0.0074 -0.4260 -0.9047
vn 0.6160 -0.5355 -0.5777
vn 0.7013 -0.5084 -0.4997
vn 0.9833 -0.1816 0.0078
vn 0.9846 -0.1261 0.1207
vn 0.9083 -0.0053 0.4183
vn 0.4013 0.8616 -0.3110
vn 0.5842 0.7306 -0.3536
vn 0.4890 0.8223 -0.2909
vn 0.8296 0.5574 -0.0318
vn 0.7189 0.6928 0.0570
vn 0.8393 -0.2505 0.4826
vn 0.7146 0.0140 0.6994
vn 0.2966 -0.1690 0.9399
vn 0.3102 0.2128 0.9265
vn 0.0711 0.9565 -0.2829
vn -0.3083 0.9485 -0.0730
vn -0.1011 0.9764 -0.1907
vn -0.5212 0.8363 -0.1699
vn -0.5710 0.6119 -0.5474
vn -0.3928 0.1834 -0.9011
vn 0.0959 0.2369 -0.9668
vn 0.3614 0.2736 -0.8913
vn 0.4281 0.2449 -0.8699
vn -0.3117 -0.4895 0.8144
vn -0.0231 -0.7832 0.6213
vn -0.1389 -0.6932 0.7072
vn -0.4230 -0.2588 0.8684
vn -0.4841 -0.2221 0.8463
vn -0.4059 0.9130 -0.0411
vn -0.4142 0.9051 -0.0960
vn -0.1279 0.8563 -0.5004
vn -0.1366 0.8385 -0.5274
vn 0.3689 0.6835 0.6298
vn 0.5035 0.2299 0.8328
vn 0.5796 0.2892 0.7619
vn 0.6658 0.0845 0.7414
vn 0.7079 0.1632 0.6872
vn 0.4994 0.4439 0.7440
vn 0.1787 0.4767 0.8607
vn -0.3618 0.2258 0.9045
vn -0.4875 -0.1232 0.8644
vn -0.8959 -0.1033 -0.4320
vn -0.9039 -0.0509 -0.4248
vn -0.9396 -0.2735 -0.2060
vn -0.9141 -0.3084 -0.2634
vn -0.7881 -0.5987 -0.1428
vn -0.7901 -0.5774 -0.2060
vn -0.9820 -0.1790 -0.0602
vn -0.9745 -0.2163 -0.0596
vn -0.9863 0.1546 0.0568
vn 0.5837 -0.4272 0.6905
vn 0.5710 -0.4242 0.7028
vn 0.5823 -0.4114 0.7012
vn 0.6486 -0.4481 0.6152
vn 0.7582 -0.4855 0.4352
vn 0.8262 -0.5540 -0.1020
vn 0.6197 -0.6402 -0.4540
vn 0.4040 -0.6828 -0.6088
vn 0.4000 -0.6806 -0.6138
vn 0.2595 -0.6183 -0.7418
vn 0.2579 -0.6175 -0.7431
vn 0.2467 -0.6690 -0.7011
vn 0.1639 -0.6864 -0.7085
vn 0.1007 -0.8308 -0.5473
vn -0.0623 -0.8092 -0.5843
vn -0.2217 -0.6008 -0.7681
vn -0.3935 -0.1469 -0.9075
vn -0.1469 0.8472 -0.5105
vn -0.0457 0.3565 -0.9332
vn -0.1461 0.2927 -0.9450
vn -0.7855 0.0303 -0.6181
vn -0.9262 0.0439 -0.3746
vn -0.6970 0.6539 0.2943
vn -0.6990 0.6396 0.3198
vn 0.1023 0.8900 0.4444
vn 0.1980 0.8854 0.4207
vn 0.4715 0.8213 0.3211
vn 0.0843 0.3947 -0.9149
vn -0.2432 0.3267 -0.9133
vn -0.7772 0.3588 -0.5170
vn -0.9378 0.3085 -0.1590
vn -0.4554 0.8900 0.0217
vn -0.5062 0.8624 -0.0057
vn 0.1640 0.7340 0.6590
vn 0.2888 0.7037 0.6492
vn 0.5320 0.6357 0.5593
vn -0.9247 -0.1521 0.3489
vn -0.9630 -0.2664 0.0414
vn -0.9464 -0.3149 -0.0724
vn -0.5871 -0.5728 -0.5719
vn -0.4943 -0.5838 -0.6440
vn 0.1145 -0.3742 -0.9203
vn 0.3565 -0.5614 -0.7468
vn 0.5114 -0.7935 0.3300
vn 0.4312 -0.7784 0.4563
vn -0.0010 -0.9613 0.2754
vn 0.0851 -0.9451 0.3156
vn -0.1031 -0.9922 0.0705
vn -0.0562 -0.9954 0.0776
vn 0.2051 -0.8475 0.4896
vn 0.2835 -0.8153 0.5048
vn 0.2739 0.9048 0.3260
vn 0.3149 0.9102 0.2689
vn -0.1916 0.8731 -0.4483
vn -0.1788 0.8606 -0.4768
vn 0.2110 0.7195 -0.6616
vn 0.1883 0.7824 -0.5936
vn 0.5200 0.7537 -0.4020
vn 0.8517 0.5240 0.0038
vn 0.9520 0.0276 0.3047
vn 0.4713 -0.5594 0.6818
vn -0.3848 0.4588 0.8009
vn -0.2947 0.8356 0.4636
vn -0.2313 0.8815 -0.4117
vn -0.1281 0.8248 -0.5507
vn -0.0557 0.8195 -0.5704
vn -0.0699 0.9315 -0.3570
vn 0.3522 0.9112 -0.2139
vn 0.5393 0.8415 -0.0335
vn 0.9124 0.1185 0.3919
vn 0.7390 -0.3400 0.5817
vn -0.2074 0.0937 0.9738
vn -0.2702 0.5693 0.7764
vn -0.4493 0.8899 -0.0785
vn -0.3870 0.8934 -0.2281
vn -0.4895 0.0634 0.8697
vn -0.5510 0.1722 0.8166
vn -0.6014 0.1666 0.7814
vn -0.8971 0.1007 0.4302
vn -0.8717 0.1072 0.4783
vn -0.9869 0.0342 0.1576
vn -0.9998 0.0206 -0.0059
vn -0.9848 -0.0101 -0.1735
vn -0.9837 -0.0028 -0.1797
vn -0.9830 -0.0051 -0.1836
vn -0.0683 0.5873 -0.8065
vn -0.2644 0.5420 -0.7977
vn -0.7059 0.5056 -0.4960
vn -0.9002 0.4268 -0.0869
vn -0.4996 0.1123 0.8590
vn -0.3830 0.8225 0.4204
vn -0.1759 0.9805 -0.0876
vn -0.0304 0.9484 -0.3157
vn 0.1035 0.8212 -0.5612
vn 0.1644 0.8070 -0.5672
vn -0.3530 0.9356 0.0063
vn -0.3352 0.9414 0.0372
vn -0.4956 0.8679 0.0337
vn -0.5560 0.8287 0.0635
vn -0.7441 0.6671 0.0343
vn -0.7494 0.6621 0.0105
vn -0.7832 0.3971 -0.4784
vn -0.6799 0.4369 -0.5890
vn -0.4677 0.2541 -0.8466
vn -0.3470 0.2359 -0.9077
vn -0.3876 0.2912 -0.8746
vn 0.5392 -0.7827 -0.3108
vn 0.5471 -0.7623 -0.3458
vn 0.1879 -0.9806 -0.0551
vn -0.5118 -0.6850 0.5184
vn -0.6273 -0.4213 0.6550
vn -0.2157 -0.9736 0.0746
vn -0.1930 -0.9610 -0.1981
vn 0.1610 -0.3824 -0.9099
vn 0.0797 -0.5734 -0.8154
vn 0.2508 -0.1288 -0.9594
vn 0.2231 -0.1421 -0.9644
vn 0.3042 0.3573 -0.8831
vn 0.4516 0.6128 -0.6485
vn 0.3383 0.5878 -0.7349
vn -0.3091 0.4650 -0.8296
vn 0.1184 0.4647 -0.8775
vn 0.3093 0.4651 -0.8295
vn 0.4286 0.5412 -0.7235
vn 0.6578 0.7316 -0.1789
vn 0.2507 0.8411 -0.4793
vn -0.3039 0.9505 0.0646
vn -0.4748 0.8222 0.3140
vn -0.1016 -0.6433 -0.7588
vn -0.1211 -0.6340 -0.7638
vn -0.0929 -0.7993 -0.5937
vn -0.0284 -0.7779 -0.6278
vn 0.3236 -0.9453 0.0403
vn 0.4121 -0.8583 0.3058
vn 0.7311 -0.0641 0.6792
vn 0.7017 -0.3543 0.6182
vn -0.0270 -0.9992 0.0296
vn -0.4401 -0.8549 -0.2746
vn -0.4309 -0.8677 -0.2478
vn -0.3601 -0.5930 -0.7202
vn -0.3361 -0.6149 -0.7134
vn -0.1953 -0.6000 -0.7758
vn -0.0105 -0.3135 -0.9495
vn -0.1834 -0.0751 -0.9802
vn -0.4101 0.0202 -0.9118
vn -0.4746 0.1159 -0.8725
vn -0.5367 0.3235 -0.7793
vn -0.4745 0.6310 -0.6137
vn -0.3521 0.7737 -0.5267
vn -0.0940 0.8928 -0.4406
vn 0.7879 -0.3802 -0.4844
vn 0.6060 -0.5571 -0.5678
vn 0.2954 -0.6243 -0.7232
vn -0.1963 -0.6639 -0.7216
vn -0.3991 -0.6216 -0.6740
vn -0.7573 -0.5227 -0.3914
vn -0.7432 -0.5312 -0.4067
vn -0.9687 -0.1959 0.1525
vn -0.9683 -0.1462 0.2025
vn -0.8349 0.1173 0.5378
vn -0.8339 0.1394 0.5340
vn -0.1896 0.6747 -0.7133
vn 0.0408 0.8093 -0.5860
vn 0.1716 0.8708 -0.4607
vn 0.4902 0.8389 -0.2365
vn 0.5420 0.8207 -0.1808
vn 0.7306 0.6756 -0.0985
vn 0.7407 0.6621 -0.1141
vn 0.8569 0.1978 -0.4760
vn 0.7914 0.2251 -0.5683
vn 0.5968 -0.1179 -0.7937
vn 0.4989 -0.1540 -0.8528
vn 0.4856 -0.1748 -0.8565
vn -0.8082 -0.4816 -0.3388
vn -0.9290 -0.3576 -0.0957
vn -0.7911 -0.5341 -0.2982
vn -0.5541 -0.7203 -0.4174
vn -0.7125 -0.5208 -0.4702
vn -0.7828 -0.3717 -0.4990
vn -0.7010 -0.3253 -0.6346
vn -0.4104 -0.1150 -0.9046
vn -0.2045 -0.1359 -0.9694
vn 0.4337 0.1753 -0.8838
vn 0.5849 0.2180 -0.7813
vn 0.6033 0.2620 -0.7532
vn 0.6171 0.2767 -0.7367
vn 0.7528 -0.0768 -0.6538
vn 0.3524 -0.0977 -0.9307
vn -0.8120 0.1146 0.5723
vn -0.7095 0.0915 0.6987
vn -0.7830 0.0452 0.6204
vn -0.9303 0.1443 -0.3373
vn -0.9670 -0.0534 -0.2492
vn -0.4439 0.6599 -0.6062
vn -0.3365 0.7762 -0.5332
vn -0.2421 0.8801 -0.4085
vn -0.1671 0.8949 -0.4139
vn -0.2486 0.8152 -0.5231
vn 0.0060 0.9047 -0.4259
vn -0.8675 0.0358 0.4961
vn -0.8495 0.0210 0.5271
vn -0.8250 0.0184 0.5648
vn -0.8109 0.0056 0.5851
vn -0.8289 -0.0212 0.5590
vn -0.8197 -0.0317 0.5719
vn -0.8286 0.0425 0.5582
vn -0.8221 0.0543 0.5668
vn -0.7779 0.0998 0.6204
vn -0.7693 0.1223 0.6271
vn -0.5161 0.3998 0.7575
vn -0.5438 0.3733 0.7516
vn -0.2374 0.6024 0.7621
vn 0.7364 0.1327 0.6634
vn 0.8480 -0.1797 0.4987
vn 0.7425 -0.0828 0.6647
vn 0.7214 0.1731 0.6706
vn 0.6086 0.1778 0.7733
vn 0.6732 0.4466 0.5893
vn 0.7155 0.2382 0.6567
vn 0.6047 -0.2715 0.7488
vn 0.4447 -0.6159 0.6504
vn 0.2570 -0.7724 0.5808
vn -0.1579 -0.9744 0.1599
vn -0.3807 -0.9186 -0.1057
vn -0.6610 -0.4382 -0.6092
vn -0.6754 0.0074 -0.7374
vn -0.6593 -0.0072 -0.7518
vn -0.6330 -0.0514 -0.7725
vn -0.4783 -0.0829 -0.8743
vn 0.2087 -0.2758 -0.9383
vn 0.4065 -0.2038 -0.8906
vn 0.7378 -0.2983 -0.6055
vn 0.8038 -0.3122 -0.5064
vn 0.7576 -0.4908 -0.4304
vn 0.6256 -0.7109 -0.3213
vn 0.7207 -0.6595 -0.2137
vn 0.8984 -0.4387 -0.0230
vn 0.7252 -0.6348 -0.2666
vn 0.0712 0.8835 0.4629
vn 0.3685 0.6963 0.6159
vn 0.3406 0.7206 0.6039
vn 0.5957 0.4547 0.6621
vn 0.6221 0.4370 0.6496
vn 0.7301 0.3458 0.5894
vn 0.7594 0.3136 0.5701
vn 0.7895 0.1892 0.5839
vn 0.7950 0.1873 0.5770
vn 0.7936 0.2092 0.5714
vn 0.8044 0.2187 0.5523
vn 0.3382 0.7266 0.5981
vn 0.7659 0.3635 0.5304
vn -0.2662 0.8725 0.4098
vn 0.9376 0.1099 -0.3299
vn 0.9250 0.1851 -0.3320
vn 0.8897 0.2148 -0.4029
vn 0.5205 0.2155 -0.8262
vn 0.3791 0.1378 -0.9150
vn 0.1953 0.0538 -0.9793
vn -0.2197 0.1057 -0.9698
vn -0.4564 0.3127 -0.8330
vn -0.7919 -0.4558 -0.4064
vn -0.7580 -0.5240 -0.3885
vn 0.5271 0.7979 0.2924
vn 0.7695 0.1233 0.6266
vn 0.5224 0.8034 0.2857
vn 0.4269 0.8681 0.2534
vn -0.1311 0.9874 0.0883
vn -0.1895 0.9801 0.0584
vn -0.2165 0.9623 0.1649
vn -0.9933 0.0609 0.0986
vn -0.9997 -0.0008 -0.0225
vn -0.9776 -0.0326 -0.2080
vn -0.9229 -0.0413 -0.3828
vn -0.5707 -0.0535 -0.8194
vn -0.4197 -0.1193 -0.8998
vn -0.1840 -0.1587 -0.9700
vn 0.3032 0.2601 -0.9167
vn -0.1791 0.8121 -0.5554
vn 0.7712 0.3661 -0.5208
vn 0.7899 0.3420 -0.5089
vn -0.7358 0.5749 0.3579
vn -0.7723 0.3239 0.5465
vn -0.6956 0.6741 0.2485
vn -0.6162 0.7611 0.2025
vn -0.0647 0.9977 -0.0201
vn 0.0063 0.9988 -0.0481
vn 0.0267 0.9989 0.0394
vn -0.6128 0.7189 0.3281
vn -0.6865 0.7016 0.1912
vn -0.8260 0.5634 0.0185
vn -0.8872 0.4572 -0.0618
vn -0.9622 0.2722 0.0119
vn -0.9744 0.2244 0.0155
vn -0.9964 0.0736 0.0432
vn -0.9815 -0.0713 -0.1777
vn -0.7612 -0.1770 -0.6239
vn -0.4079 -0.3573 -0.8402
vn -0.3094 -0.3990 -0.8632
vn -0.1082 -0.6028 -0.7905
vn -0.1544 -0.1814 -0.9712
vn -0.0671 -0.2928 -0.9538
vn -0.4357 0.3700 -0.8205
vn -0.4310 0.3784 -0.8192
vn -0.2382 0.4060 -0.8823
vn -0.1347 0.3807 -0.9148
vn 0.0257 0.2648 -0.9640
vn 0.9198 -0.2811 0.2739
vn 0.8002 -0.5948 0.0769
vn 0.6555 -0.7536 -0.0480
vn 0.9423 -0.1925 0.2738
vn 0.9429 -0.0982 0.3184
vn -0.0078 0.9428 0.3332
vn -0.1487 0.9887 0.0163
vn -0.0376 0.5852 -0.8100
vn 0.3301 0.3143 -0.8901
vn 0.6937 0.1250 -0.7093
vn 0.9679 -0.0833 -0.2371
vn 0.9855 -0.1488 -0.0814
vn 0.9196 -0.3599 0.1575
vn 0.8962 -0.2197 0.3853
vn 0.9616 -0.2292 0.1508
vn 0.9630 0.0957 0.2518
vn 0.9899 -0.0004 0.1419
vn 0.9337 0.1504 0.3250
vn 0.8232 0.0280 0.5671
vn 0.1826 -0.9803 0.0749
vn 0.2262 -0.9649 0.1337
vn 0.4911 -0.8529 -0.1769
vn 0.7409 -0.5232 -0.4212
vn 0.7392 -0.1566 -0.6550
vn 0.8443 0.0078 -0.5358
vn 0.8428 0.2681 -0.4666
vn 0.9380 -0.2131 -0.2734
vn 0.8792 -0.2574 -0.4010
vn 0.7523 -0.4809 -0.4503
vn 0.7481 -0.4305 -0.5049
vn 0.9712 -0.1706 -0.1660
vn 0.9760 -0.1513 -0.1568
vn 0.8910 0.3704 0.2626
vn 0.7733 0.5006 0.3891
vn 0.1325 0.4575 0.8793
vn 0.2543 0.0651 0.9649
vn 0.2236 -0.3858 0.8951
vn 0.4200 -0.6139 0.6684
vn 0.7911 0.2966 0.5349
vn 0.7914 -0.2343 0.5646
vn 0.7408 -0.5549 0.3786
vn 0.4772 -0.8750 0.0815
vn 0.4102 -0.8965 -0.1675
vn 0.1889 -0.8825 -0.4308
vn -0.0130 -0.5808 -0.8140
vn -0.1953 -0.4691 -0.8613
vn -0.0620 -0.0588 -0.9963
vn 0.1311 0.3021 -0.9442
vn 0.0397 0.4113 -0.9106
vn -0.3169 0.4450 -0.8376
vn -0.2991 0.4320 -0.8509
vn -0.5125 0.7244 -0.4611
vn -0.6754 0.7280 -0.1176
vn -0.5685 0.8010 0.1879
vn -0.4890 0.6847 0.5404
vn 0.0701 0.8984 0.4335
vn 0.2015 0.9099 0.3627
vn 0.0020 0.3102 -0.9507
vn 0.1409 0.4444 -0.8847
vn 0.2372 0.4818 -0.8436
vn 0.4330 0.4837 -0.7606
vn 0.4350 0.4797 -0.7620
vn 0.1532 -0.3069 -0.9393
vn 0.2315 -0.2082 -0.9503
vn 0.2939 -0.6575 -0.6937
vn 0.4569 -0.4006 -0.7942
vn 0.5277 -0.3618 -0.7685
vn 0.8098 -0.0436 -0.5851
vn 0.9636 0.1780 -0.1996
vn 0.9279 0.3729 -0.0036
vn 0.8611 0.5064 -0.0460
vn 0.8414 0.5373 -0.0582
vn 0.7573 0.6323 -0.1636
vn 0.6914 0.7148 -0.1048
vn 0.5473 0.8365 0.0257
vn 0.4651 0.8709 0.1589
vn -0.7939 -0.0420 0.6066
vn -0.9368 0.0049 0.3497
vn -0.9625 -0.2053 0.1772
vn -0.9649 -0.1029 0.2415
vn -0.8565 -0.4790 0.1923
vn -0.7731 -0.4756 0.4197
vn -0.7118 -0.6526 0.2595
vn -0.8363 -0.5356 0.1169
vn -0.8596 -0.5092 -0.0424
vn -0.7909 -0.2452 -0.5607
vn -0.5958 0.0914 -0.7979
vn -0.4471 0.5242 -0.7248
vn -0.3585 0.9298 0.0838
vn -0.3518 0.8660 0.3553
vn -0.6565 -0.6477 0.3868
vn -0.5637 -0.7799 0.2722
vn 0.0740 -0.9745 -0.2117
vn -0.1445 -0.9886 -0.0422
vn -0.4526 -0.8528 0.2605
vn -0.7656 -0.1140 0.6331
vn -0.7663 -0.1092 0.6331
vn -0.6839 -0.2679 0.6786
vn -0.2284 -0.8540 0.4674
vn 0.1088 -0.9802 0.1652
vn 0.1287 -0.9839 -0.1242
vn 0.2424 -0.8957 -0.3728
vn 0.1833 -0.5500 -0.8148
vn 0.2732 -0.4100 -0.8702
vn -0.0744 -0.0752 -0.9944
vn -0.3375 0.0902 -0.9370
vn -0.3385 0.1611 -0.9271
vn -0.1064 0.3766 -0.9202
vn -0.1111 0.3492 -0.9304
vn -0.1304 0.7773 -0.6154
vn 0.0038 0.9519 -0.3063
vn -0.1084 0.9941 0.0031
vn -0.0723 0.9243 0.3748
vn -0.6329 0.6960 0.3390
vn -0.7414 0.6052 0.2900
vn -0.6549 -0.2313 0.7194
vn -0.5112 -0.0666 0.8569
vn -0.4540 0.1207 0.8828
vn -0.0933 0.8064 0.5839
vn -0.1294 0.8931 0.4309
vn 0.3747 0.9270 -0.0165
vn 0.5126 0.8345 -0.2023
vn 0.5593 0.6567 -0.5060
vn 0.4867 0.5323 -0.6927
vn 0.4175 0.4765 -0.7737
vn 0.2024 0.4445 -0.8726
vn 0.0598 0.2490 -0.9667
vn 0.2362 -0.0765 -0.9687
vn 0.2808 -0.5916 -0.7557
vn 0.3145 -0.3987 -0.8615
vn 0.0004 -0.9853 -0.1706
vn 0.0059 -0.9965 0.0831
vn -0.2210 -0.7830 0.5814
vn -0.0339 -0.9602 0.2773
vn 0.3482 -0.9215 -0.1721
vn 0.4269 -0.8348 -0.3476
vn 0.3975 -0.9143 0.0771
vn 0.3336 -0.8609 0.3842
vn 0.4571 -0.7162 0.5274
vn -0.6816 -0.2840 -0.6743
vn -0.7146 -0.1197 -0.6892
vn -0.7136 -0.3032 -0.6315
vn -0.5798 -0.6682 -0.4662
vn -0.2377 -0.9547 -0.1791
vn 0.1352 -0.9875 -0.0815
vn 0.4700 -0.8641 0.1800
vn 0.7936 -0.5502 0.2599
vn 0.8409 -0.3826 0.3829
vn 0.9768 -0.1923 0.0946
vn 0.9185 -0.0350 -0.3938
vn 0.8932 0.2748 -0.3559
vn 0.8712 0.4412 -0.2154
vn 0.8050 0.5521 -0.2173
vn 0.6476 0.7362 -0.1964
vn 0.3047 0.9442 -0.1246
vn 0.0131 0.9930 -0.1176
vn -0.7239 0.6890 -0.0358
vn -0.7925 0.3411 0.5056
vn -0.7364 -0.0841 0.6713
vn -0.1773 0.1954 0.9646
vn -0.0057 0.3994 0.9167
vn 0.2566 0.6427 0.7219
vn 0.2671 0.6438 0.7171
vn -0.6740 0.2592 0.6918
vn -0.6883 0.2792 0.6695
vn -0.8122 -0.2279 0.5371
vn -0.7699 0.0753 0.6338
vn 0.4484 -0.3186 0.8351
vn 0.3201 0.2822 0.9044
vn 0.2210 0.3563 0.9079
vn 0.0804 0.4518 0.8885
vn -0.3626 -0.1683 0.9166
vn -0.4733 -0.3536 0.8068
vn -0.1563 -0.8324 0.5316
vn -0.1451 -0.9069 0.3955
vn -0.1099 -0.9715 0.2099
vn -0.1249 -0.9821 0.1411
vn -0.0717 -0.9858 0.1517
vn -0.1212 -0.9919 -0.0383
vn -0.4936 -0.6394 -0.5895
vn -0.5886 -0.5311 -0.6095
vn -0.5451 -0.4581 -0.7022
vn -0.4556 -0.4306 -0.7791
vn -0.2259 -0.0987 -0.9691
vn 0.0212 0.1292 -0.9914
vn 0.2348 0.3685 -0.8995
vn 0.2942 0.2794 -0.9140
vn 0.2729 0.5176 -0.8109
vn 0.7646 0.2785 0.5813
vn 0.6796 0.3311 0.6546
vn 0.6770 0.3464 0.6494
vn 0.8111 -0.1026 0.5758
vn 0.7151 0.1485 0.6830
vn -0.4775 -0.5627 0.6748
vn -0.3383 0.1031 0.9354
vn -0.2837 0.1484 0.9474
vn -0.1489 0.2762 0.9495
vn 0.4005 -0.2396 0.8844
vn 0.5372 -0.3826 0.7517
vn 0.3013 -0.8477 0.4365
vn 0.3012 -0.9058 0.2979
vn 0.2810 -0.9534 0.1103
vn 0.2967 -0.9541 0.0405
vn 0.1975 -0.9803 -0.0007
vn 0.1815 -0.9644 -0.1922
vn 0.5407 -0.4290 -0.7236
vn 0.6188 -0.3646 -0.6958
vn 0.6079 -0.1671 -0.7762
vn 0.5493 -0.0598 -0.8335
vn 0.3895 0.3365 -0.8573
vn 0.1646 0.5571 -0.8139
vn -0.0700 0.7207 -0.6897
vn -0.1177 0.6475 -0.7529
vn -0.1377 0.8185 -0.5578
vn -0.4640 -0.0503 -0.8844
vn -0.3851 -0.0058 -0.9228
vn 0.0398 -0.0682 -0.9969
vn 0.1978 0.0070 -0.9802
vn 0.5156 -0.0382 -0.8560
vn 0.6722 0.0409 -0.7392
vn 0.9276 -0.0007 -0.3736
vn 0.9729 0.1623 -0.1648
vn 0.7005 0.4332 0.5672
vn 0.6439 0.4433 0.6237
vn 0.4207 0.6873 -0.5922
vn 0.8097 0.2162 -0.5456
vn -0.7977 0.1010 -0.5946
vn -0.7662 0.2021 -0.6100
vn -0.9044 -0.4219 0.0633
vn -0.8805 -0.4737 -0.0186
vn -0.5181 -0.8417 0.1523
vn -0.5682 -0.8217 0.0437
vn -0.8906 -0.4539 0.0292
vn -0.8978 -0.3296 0.2921
vn -0.7207 -0.0173 0.6930
vn -0.2556 0.4399 0.8609
vn -0.3822 0.7760 0.5017
vn -0.2366 0.9714 0.0215
vn -0.7375 0.6253 -0.2552
vn -0.8797 0.2716 -0.3903
vn -0.7042 -0.0590 -0.7075
vn -0.6769 -0.0641 -0.7333
vn -0.2769 0.0192 -0.9607
vn -0.6322 -0.3048 -0.7124
vn 0.0669 0.1971 -0.9781
vn 0.7227 0.4713 -0.5056
vn 0.6747 0.4564 -0.5801
vn 0.6138 0.4960 -0.6142
vn 0.0903 0.5613 -0.8227
vn -0.0329 0.6230 -0.7815
vn -0.3898 0.5389 -0.7468
vn -0.5244 0.5498 -0.6502
vn -0.8617 0.3153 -0.3975
vn -0.9076 0.3624 -0.2121
vn -0.7788 0.1530 0.6084
vn -0.6804 0.1468 0.7180
vn -0.6880 0.4243 -0.5887
vn -0.8266 0.2189 -0.5184
vn 0.8061 0.3024 -0.5087
vn 0.7655 0.4179 -0.4893
vn 0.9120 -0.4069 0.0512
vn 0.8165 -0.5726 -0.0741
vn 0.5663 -0.8180 -0.1008
vn 0.6457 -0.7472 -0.1572
vn 0.8980 -0.4386 0.0350
vn 0.8398 -0.4386 0.3199
vn 0.5582 -0.3241 0.7638
vn 0.0335 0.0255 0.9991
vn 0.2049 0.4808 0.8525
vn 0.1479 0.8650 0.4795
vn 0.7221 0.6613 0.2029
vn 0.9175 0.3965 -0.0325
vn 0.8391 0.2360 -0.4901
vn 0.8184 0.2428 -0.5208
vn 0.4692 0.4222 -0.7757
vn 0.7897 0.0167 -0.6133
vn 0.1236 0.5964 -0.7931
vn -0.5405 0.1994 0.8174
vn -0.5319 0.2258 0.8161
vn -0.4386 0.0950 0.8936
vn -0.1416 0.0335 0.9894
vn 0.0636 0.0114 0.9979
vn 0.0649 0.2363 0.9695
vn 0.0679 0.0697 0.9953
vn 0.2903 -0.1530 0.9446
vn 0.2774 -0.3210 0.9056
vn 0.2003 -0.3854 0.9007
vn 0.1675 -0.4131 0.8952
vn 0.3020 -0.5505 0.7783
vn 0.4705 -0.6922 0.5473
vn 0.5506 -0.7291 0.4064
vn 0.6411 -0.7397 0.2046
vn 0.6047 -0.7017 -0.3767
vn 0.1911 -0.8914 -0.4110
vn -0.0561 -0.9597 -0.2753
vn -0.3029 -0.9530 0.0020
vn -0.5561 -0.8260 0.0917
vn -0.6400 -0.7638 0.0831
vn -0.6533 -0.7540 0.0687
vn -0.6953 -0.7176 0.0398
vn -0.8094 -0.5699 0.1418
vn -0.9215 -0.1821 0.3431
vn -0.9672 0.1073 0.2304
vn -0.9961 0.0589 0.0654
vn -0.9893 0.0658 0.1301
vn -0.9002 0.1817 0.3957
vn -0.8343 0.2372 0.4977
vn -0.7782 0.3598 0.5147
vn -0.7104 0.4687 0.5249
vn -0.6715 0.5451 0.5020
vn -0.4323 0.6179 0.6568
vn -0.2390 0.5888 0.7722
vn 0.2751 0.4947 0.8244
vn 0.3389 0.4821 0.8079
vn 0.8077 0.4396 0.3930
vn 0.8120 0.4624 0.3561
vn 0.8694 0.3270 -0.3704
vn 0.8233 0.3327 -0.4599
vn 0.2849 0.1610 -0.9450
vn 0.1760 0.1720 -0.9693
vn -0.1959 0.1279 -0.9722
vn -0.2034 0.1552 -0.9667
vn 0.1491 0.0049 -0.9888
vn 0.1472 -0.0239 -0.9888
vn -0.2263 -0.0527 -0.9726
vn -0.3309 -0.0796 -0.9403
vn -0.8826 0.0739 -0.4643
vn -0.9249 0.0767 -0.3725
vn -0.8811 0.3559 0.3115
vn -0.8714 0.3419 0.3518
vn -0.4130 0.5524 0.7241
vn -0.3517 0.5800 0.7347
vn 0.1522 0.7425 0.6523
vn 0.2975 0.7867 0.5409
vn 0.5286 0.7547 0.3887
vn 0.5649 0.7174 0.4078
vn 0.6326 0.6527 0.4169
vn 0.6994 0.5622 0.4413
vn 0.7792 0.5115 0.3622
vn 0.9332 0.3287 0.1450
vn 0.9517 0.2932 0.0907
vn 0.9130 0.3046 0.2714
vn 0.9083 -0.0108 0.4181
vn 0.8743 -0.4475 0.1882
vn 0.7856 -0.6158 0.0593
vn 0.7473 -0.6592 0.0835
vn 0.7347 -0.6715 0.0964
vn 0.6602 -0.7449 0.0962
vn 0.4343 -0.9006 -0.0176
vn 0.2102 -0.9267 -0.3116
vn -0.0345 -0.8861 -0.4622
vn -0.4729 -0.7574 -0.4503
vn -0.5423 -0.8310 0.1238
vn -0.4681 -0.8188 0.3322
vn -0.4035 -0.7790 0.4799
vn -0.2729 -0.6280 0.7288
vn -0.1671 -0.4799 0.8613
vn -0.2040 -0.4572 0.8657
vn -0.2933 -0.3950 0.8706
vn -0.3184 -0.2059 0.9253
vn -0.0958 0.0938 0.9910
vn -0.1665 0.3046 0.9378
vn -0.1304 0.1206 0.9841
vn 0.0721 0.2037 0.9764
vn 0.3465 0.3589 0.8667
vn 0.4072 0.5023 0.7628
vn 0.4164 0.4890 0.7665
vn -0.6500 0.3997 0.6464
vn -0.5802 0.5940 0.5573
vn -0.4260 0.6449 0.6345
vn -0.3135 0.5429 0.7791
vn 0.0342 0.3793 0.9246
vn 0.4127 0.1321 0.9012
vn 0.7364 -0.3122 0.6001
vn 0.9344 -0.3508 -0.0617
vn 0.9005 -0.2714 -0.3398
vn 0.6575 -0.4085 -0.6331
vn 0.6271 -0.5389 -0.5624
vn 0.8281 -0.4125 -0.3796
vn 0.8944 -0.3786 -0.2383
vn 0.9228 0.0690 -0.3791
vn 0.8719 -0.1672 -0.4602
vn 0.7827 -0.4166 -0.4624
vn 0.7145 -0.6033 -0.3542
vn 0.3584 -0.9333 0.0211
vn -0.0130 -0.9508 0.3097
vn -0.2995 -0.6411 0.7066
vn -0.2079 -0.3355 0.9188
vn 0.1781 -0.1247 0.9761
vn 0.6042 0.0473 0.7955
vn 0.9278 -0.0802 0.3644
vn 0.7701 -0.0055 0.6379
vn 0.6215 -0.4244 0.6584
vn 0.2831 -0.3011 0.9106
vn 0.5486 -0.7265 0.4138
vn 0.6833 -0.7292 -0.0367
vn 0.6351 -0.5523 -0.5400
vn 0.5482 -0.7814 -0.2982
vn 0.5650 -0.7923 -0.2303
vn 0.4155 -0.8791 0.2336
vn 0.5425 -0.8024 0.2485
vn 0.7398 -0.5847 -0.3330
vn 0.7121 -0.3121 -0.6289
vn 0.6167 -0.0410 -0.7861
vn 0.4693 0.2919 -0.8334
vn 0.3615 0.5156 -0.7768
vn 0.6144 0.3441 -0.7100
vn 0.6010 0.2052 -0.7725
vn 0.6427 0.0752 -0.7624
vn 0.6035 0.1487 -0.7834
vn 0.5938 0.5748 -0.5630
vn 0.5482 0.6683 -0.5029
vn 0.2932 0.9515 0.0937
vn 0.3788 0.9220 0.0806
vn 0.3478 0.1297 0.9285
vn 0.3233 0.0761 0.9432
vn -0.1775 0.0893 0.9801
vn -0.5074 0.1124 0.8544
vn -0.5841 0.1555 0.7967
vn -0.9266 0.1480 0.3458
vn -0.7930 -0.0292 0.6085
vn -0.9626 0.2379 0.1295
vn 0.5786 0.8062 0.1239
vn 0.7063 0.4448 0.5507
vn 0.6462 0.6927 0.3204
vn 0.4620 0.4200 0.7811
vn 0.4425 0.3302 0.8338
vn 0.2342 0.0787 0.9690
vn -0.1345 -0.2637 0.9552
vn -0.1891 -0.2391 0.9524
vn -0.8688 0.4121 0.2743
vn -0.8229 0.4897 0.2883
vn -0.9249 0.1758 -0.3371
vn -0.9076 0.0833 -0.4115
vn -0.6691 -0.2156 -0.7112
vn -0.6342 -0.3377 -0.6955
vn -0.7294 -0.1406 -0.6694
vn -0.8186 -0.0602 -0.5713
vn -0.7043 0.2411 -0.6677
vn -0.6807 -0.0057 -0.7325
vn -0.6057 -0.3652 -0.7070
vn -0.4989 -0.6546 -0.5680
vn -0.3325 -0.8990 -0.2851
vn -0.0154 -0.9701 0.2424
vn 0.0973 -0.9536 0.2848
vn -0.0715 -0.9974 -0.0012
vn -0.3100 -0.9075 -0.2836
vn -0.4816 -0.7606 -0.4354
vn -0.4729 -0.8652 0.1664
vn -0.3360 -0.7411 0.5813
vn -0.1661 -0.1712 0.9711
vn -0.4843 -0.4202 0.7674
vn -0.7343 -0.0528 0.6767
vn -0.8839 -0.2132 0.4162
vn -0.5866 0.0567 0.8079
vn -0.1185 0.0247 0.9927
vn 0.3121 -0.0795 0.9467
vn 0.4774 -0.3804 0.7921
vn 0.2735 -0.8480 0.4539
vn -0.0944 -0.9816 0.1662
vn -0.5033 -0.8376 -0.2122
vn -0.6350 -0.6743 -0.3769
vn -0.7794 -0.4415 -0.4445
vn -0.8660 -0.1862 -0.4640
vn -0.8951 -0.4107 -0.1735
vn -0.8613 -0.4563 -0.2236
vn -0.6572 -0.7223 -0.2153
vn -0.6494 -0.6770 -0.3463
vn -0.8927 -0.3690 -0.2587
vn -0.9691 -0.2465 -0.0052
vn -0.8382 0.1985 0.5079
vn -0.4766 0.7106 0.5176
vn -0.0655 0.8892 0.4528
vn 0.3181 0.8970 0.3069
vn 0.4611 0.8737 0.1552
vn 0.6117 0.7457 -0.2640
vn 0.6658 0.7258 -0.1728
vn 0.4382 0.4945 -0.7507
vn 0.4786 0.5158 0.7106
vn -0.3834 0.9197 -0.0840
vn -0.1005 -0.0557 -0.9934
vn 0.9920 0.0774 0.0994
vn -0.1139 0.9807 -0.1587
vn -0.0091 0.4433 0.8963
vn 0.1175 0.2598 0.9585
vn 0.9172 0.2665 0.2962
vn 0.1350 0.0993 -0.9859
vn 0.8306 0.2843 0.4789
vn 0.2535 0.1791 0.9506
vn -0.1835 0.8973 -0.4016
vn 0.9839 0.1766 0.0282
vn 0.5768 0.7005 -0.4202
vn -0.6306 0.2226 0.7435
vn 0.8960 0.4154 0.1567
vn -0.0392 0.5452 -0.8374
vn -0.4585 0.2175 -0.8616
vn 0.9889 0.1167 0.0925
vn 0.0146 -0.7590 0.6509
vn -0.3496 -0.8785 -0.3255
vn -0.2404 -0.8409 -0.4848
vn 0.5254 0.8424 -0.1197
vn 0.3404 -0.7839 0.5193
vn -0.0323 -0.1590 0.9867
vn 0.5399 -0.6190 -0.5704
vn -0.3473 -0.8996 -0.2647
vn 0.1356 0.1908 0.9722
vn -0.2444 -0.8825 0.4018
vn 0.7129 0.0508 -0.6995
vn 0.9673 0.2061 -0.1481
vn -0.2940 -0.5713 0.7663
vn 0.6713 0.5130 0.5350
vn 0.1381 0.8403 0.5242
vn -0.0656 0.9745 -0.2146
vn -0.2764 0.8320 0.4811
vn -0.8490 -0.1971 0.4903
vn -0.1946 0.9530 -0.2322
vn 0.9727 -0.0369 -0.2289
vn 0.3253 0.9455 0.0155
vn 0.0037 -0.4310 0.9023
vn 0.6662 -0.2839 0.6897
vn 0.9548 -0.2326 0.1850
vn 0.5231 -0.1133 0.8447
vn -0.8522 -0.1508 0.5010
vn -0.9561 0.2106 -0.2035
vn 0.9734 -0.2145 0.0801
vn -0.0745 0.9970 0.0207
vn 0.9611 0.0127 0.2759
vn -0.0885 -0.4192 0.9036
vn 0.3629 -0.1919 0.9119
vn 0.3526 0.2191 -0.9098
vn 0.2565 0.3311 -0.9081
vn -0.0470 -0.4931 0.8687
vn 0.7291 -0.4769 0.4909
vn -0.7227 0.3737 -0.5814
vn 0.1275 0.4800 0.8679
vn 0.7567 0.2576 0.6008
vn 0.2140 -0.5200 0.8269
vn -0.1069 0.5447 0.8318
vn -0.8109 0.4126 -0.4150
vn 0.9964 -0.0372 0.0766
vn -0.7658 0.6364 0.0920
vn -0.9684 0.0498 -0.2446
vn -0.0723 -0.3541 -0.9324
vn 0.8389 0.3491 0.4175
vn 0.3533 0.1933 0.9153
vn 0.8256 -0.1963 -0.5290
vn 0.9185 0.3943 -0.0301
vn -0.1817 -0.0298 -0.9829
vn 0.7945 -0.4590 -0.3976
vn 0.4070 0.8979 0.1678
vn -0.3501 -0.6988 -0.6237
vn 0.3567 -0.6338 0.6864
vn 0.2894 0.4595 -0.8397
vn 0.3646 0.6522 -0.6646
vn 0.1861 0.5904 -0.7854
vn 0.0631 -0.8930 -0.4456
vn 0.0843 -0.9081 0.4103
vn 0.7514 0.3631 0.5511
vn 0.3537 0.4479 0.8211
vn 0.6746 -0.5589 0.4823
vn 0.7968 -0.5939 -0.1108
vn 0.5668 -0.7211 0.3983
vn -0.3811 -0.9217 0.0724
vn 0.4407 -0.3044 0.8445
vn 0.0733 -0.1745 0.9819
vn 0.4344 0.7939 0.4254
vn 0.6990 0.6590 0.2778
vn 0.2369 0.1397 0.9614
vn 0.3028 0.3040 0.9033
vn 0.4182 -0.6202 0.6636
vn 0.3111 0.7124 0.6290
vn 0.7612 0.2420 0.6017
vn 0.5897 -0.7436 0.3152
vn 0.9905 0.0258 0.1349
vn 0.7584 0.0130 -0.6517
vn 0.1006 -0.9116 -0.3986
vn 0.2384 0.3386 0.9102
vn -0.0953 -0.9357 -0.3398
vn -0.0318 -0.9437 -0.3291
vn -0.1316 -0.9645 -0.2288
vn -0.7535 -0.6065 -0.2539
vn 0.1545 -0.9872 0.0383
vn 0.2663 -0.9028 0.3377
vn -0.6908 0.0333 -0.7223
vn 0.2860 0.9322 -0.2221
vn -0.9721 0.2112 0.1024
vn -0.9479 -0.1530 -0.2793
vn -0.6660 0.7452 -0.0344
vn -0.9469 0.0814 0.3109
vn 0.7325 0.5451 0.4078
vn -0.0416 -0.3580 -0.9328
vn 0.7666 0.5887 -0.2565
vn -0.9753 0.2089 0.0718
vn 0.2220 0.6521 -0.7249
vn 0.2263 0.5732 -0.7876
vn 0.8562 0.4009 0.3259
vn -0.8931 -0.2466 -0.3761
vn -0.6639 0.6207 -0.4171
vn -0.1866 0.9730 0.1355
vn 0.5221 -0.5480 -0.6536
vn -0.4959 -0.8218 0.2808
vn -0.6557 -0.4060 0.6365
vn -0.7295 -0.6504 0.2118
vn -0.8534 0.4947 0.1640
vn -0.5614 -0.4882 0.6682
vn -0.4712 0.5624 -0.6795
vn -0.6677 -0.6948 -0.2674
vn -0.0539 0.6207 -0.7822
vn -0.8771 0.3412 0.3381
vn -0.9540 0.0774 0.2895
vn 0.5715 -0.0915 -0.8155
vn 0.1558 -0.9847 0.0776
vn -0.1970 0.8779 0.4365
vn -0.0119 0.9722 -0.2337
vn -0.2377 -0.7182 0.6540
vn -0.4806 -0.1881 0.8565
vn -0.9354 0.3036 0.1812
vn -0.5778 0.5266 0.6236
vn -0.3044 0.8813 0.3616
vn -0.5259 0.2964 0.7972
vn -0.5655 0.7998 0.2014
vn -0.3095 0.0338 0.9503
vn 0.4208 0.8958 -0.1431
vn -0.1005 -0.9745 -0.2005
vn -0.1175 -0.9663 -0.2290
vn -0.9731 -0.1430 0.1809
vn -0.1810 -0.9050 0.3850
vn 0.9714 0.1298 0.1989
vn 0.9795 0.1115 0.1680
vn 0.9771 0.1172 0.1777
vn 0.9867 0.0915 0.1344
vn 0.6948 0.4601 0.5528
vn 0.3750 0.3368 0.8637
vn 0.4388 0.3645 0.8213
vn 0.1027 0.2075 0.9728
vn 0.4676 0.7607 0.4502
vn 0.7497 0.5686 0.3387
vn 0.7410 0.5770 0.3436
vn 0.9714 0.2024 0.1244
vn -0.0768 0.9353 0.3453
vn -0.2319 0.8451 0.4817
vn -0.5405 0.4700 0.6978
vn -0.6601 0.1581 0.7344
vn 0.0793 -0.2158 0.9732
vn -0.0378 -0.2445 0.9689
vn -0.0699 -0.2518 0.9653
vn -0.3317 -0.3011 0.8940
vn -0.3893 -0.8439 -0.3691
vn -0.3480 -0.8584 -0.3768
vn -0.1284 -0.9056 -0.4043
vn -0.0277 -0.9117 -0.4099
vn -0.1243 -0.8737 0.4704
vn 0.4872 -0.8727 0.0327
vn 0.3859 -0.9143 0.1233
vn 0.7557 -0.5910 -0.2822
vn -0.9473 0.2585 0.1889
vn -0.3884 0.8359 -0.3879
vn -0.4501 0.8196 -0.3545
vn 0.2033 0.7894 -0.5792
vn -0.8524 -0.4844 0.1967
vn -0.8595 -0.0504 0.5087
vn -0.8861 -0.3232 0.3323
vn -0.8119 0.0884 0.5770
vn -0.5681 -0.2198 0.7931
vn -0.1208 -0.5274 0.8410
vn 0.4967 -0.6847 0.5333
vn 0.7700 -0.6082 0.1928
vn -0.3373 0.9408 -0.0328
vn -0.4091 0.8561 0.3157
vn -0.4072 0.4823 0.7756
vn -0.3632 0.2700 0.8917
vn 0.0646 0.9950 0.0757
vn 0.0773 0.9956 -0.0537
vn 0.0690 0.9971 0.0329
vn 0.0812 0.9921 -0.0953
vn -0.2458 0.7679 -0.5915
vn -0.2323 0.5267 -0.8177
vn -0.2421 0.6512 -0.7192
vn -0.2235 0.4450 -0.8672
vn 0.9947 -0.0902 -0.0501
vn 0.9970 -0.0696 0.0325
vn 0.9970 -0.0772 0.0023
vn 0.9948 -0.0565 0.0842
vn -0.0359 0.1488 -0.9882
vn -0.1315 0.1952 -0.9719
vn -0.3198 0.2820 -0.9046
vn -0.4071 0.3199 -0.8555
vn 0.5847 -0.3883 0.7123
vn 0.6130 -0.3940 0.6848
vn 0.5903 -0.3894 0.7070
vn 0.6220 -0.3958 0.6756
vn -0.9638 -0.0780 0.2551
vn -0.9528 -0.1221 0.2780
vn -0.9564 -0.1086 0.2710
vn -0.9417 -0.1589 0.2966
vn -0.1734 0.4520 -0.8750
vn 0.0511 0.5484 -0.8347
vn 0.0037 0.5307 -0.8475
vn 0.2502 0.6063 -0.7548
vn 0.5962 -0.7600 -0.2588
vn 0.2755 -0.9585 -0.0738
vn 0.0368 -0.9978 0.0556
vn -0.2483 -0.9472 0.2029
vn 0.7201 -0.1222 -0.6830
vn 0.7136 -0.1136 -0.6913
vn 0.6990 -0.0947 -0.7088
vn 0.6932 -0.0874 -0.7154
vn -0.3671 0.0212 -0.9299
vn -0.4037 0.0594 -0.9130
vn -0.4183 0.0749 -0.9052
vn -0.4433 0.1021 -0.8905
vn 0.9735 -0.1813 -0.1395
vn 0.9740 -0.1709 -0.1485
vn 0.9740 -0.1721 -0.1474
vn 0.9744 -0.1622 -0.1559
vn -0.5825 -0.8128 0.0087
vn -0.1506 -0.9507 -0.2711
vn -0.1918 -0.9494 -0.2488
vn 0.3073 -0.8282 -0.4687
vn 0.3210 0.1586 -0.9337
vn 0.3369 0.1439 -0.9305
vn 0.3580 0.1239 -0.9255
vn 0.3698 0.1126 -0.9223
vn -0.9861 0.1163 -0.1182
vn -0.9280 0.2398 -0.2850
vn -0.9719 0.1581 -0.1745
vn -0.8861 0.2938 -0.3586
vn -0.0491 -0.9143 -0.4021
vn 0.4134 -0.7576 -0.5051
vn 0.5621 -0.6497 -0.5118
vn 0.8762 -0.2156 -0.4310
vn -0.3104 0.3028 -0.9011
vn 0.6765 0.1504 -0.7209
vn -0.0247 0.2911 -0.9564
vn 0.9382 0.0113 -0.3460
vn 0.3682 -0.0301 0.9292
vn 0.4873 -0.1423 0.8616
vn 0.4378 -0.0945 0.8941
vn 0.5644 -0.2213 0.7953
vn -0.2424 -0.3595 0.9011
vn 0.2987 -0.5045 0.8101
vn -0.1393 -0.3983 0.9066
vn 0.3947 -0.5141 0.7615
vn 0.7679 0.3454 -0.5395
vn 0.7740 0.3363 -0.5364
vn 0.7789 0.3290 -0.5339
vn 0.7854 0.3192 -0.5304
vn -0.7966 0.2604 -0.5455
vn -0.5752 0.8140 -0.0813
vn -0.6864 0.6867 -0.2392
vn -0.1729 0.9320 0.3187
vn -0.9744 0.1962 0.1101
vn -0.9811 0.1842 0.0585
vn -0.9838 0.1770 0.0283
vn -0.9862 0.1640 -0.0241
vn 0.0457 0.1384 -0.9893
vn 0.3564 0.1953 -0.9137
vn 0.1504 0.1591 -0.9757
vn 0.4518 0.2098 -0.8671
vn 0.8784 -0.3925 0.2727
vn 0.8980 -0.3596 0.2536
vn 0.9047 -0.3475 0.2466
vn 0.9191 -0.3196 0.2303
vn 0.2587 0.3966 -0.8808
vn 0.1081 0.5173 -0.8489
vn 0.0670 0.5464 -0.8349
vn -0.1086 0.6524 -0.7501
vn -0.7452 0.0628 -0.6639
vn -0.7186 0.0842 -0.6903
vn -0.7370 0.0695 -0.6724
vn -0.7113 0.0899 -0.6971
vn -0.6446 -0.2553 -0.7206
vn -0.7233 -0.3964 -0.5655
vn -0.7519 -0.4677 -0.4647
vn -0.7726 -0.5874 -0.2410
vn 0.3370 -0.0677 -0.9391
vn 0.4004 -0.0284 -0.9159
vn 0.3823 -0.0398 -0.9232
vn 0.4318 -0.0083 -0.9019
vn -0.9878 0.0854 -0.1303
vn -0.9894 0.0769 -0.1228
vn -0.9897 0.0757 -0.1217
vn -0.9913 0.0666 -0.1138
vn 0.3628 -0.9319 -0.0036
vn -0.0559 -0.9665 -0.2506
vn -0.0968 -0.9575 -0.2719
vn -0.5150 -0.7246 -0.4580
vn -0.2955 0.2364 -0.9256
vn -0.3396 0.2120 -0.9164
vn -0.3144 0.2261 -0.9220
vn -0.3538 0.2039 -0.9128
vn 0.9808 -0.1319 -0.1439
vn 0.9759 -0.0877 -0.1999
vn 0.9509 0.0027 -0.3096
vn 0.9217 0.0657 -0.3823
vn -0.4831 -0.0347 0.8749
vn -0.4986 -0.0082 0.8668
vn -0.5014 -0.0033 0.8652
vn -0.5131 0.0174 0.8582
vn 0.3316 -0.0701 -0.9408
vn 0.3178 -0.0330 -0.9476
vn 0.3230 -0.0470 -0.9452
vn 0.3087 -0.0093 -0.9511
vn -0.5811 -0.0768 0.8102
vn -0.4851 -0.0196 0.8743
vn -0.4245 0.0143 0.9053
vn -0.3403 0.0593 0.9385
vn 0.8776 -0.3644 0.3116
vn 0.9224 -0.3023 0.2403
vn 0.9315 -0.2873 0.2232
vn 0.9636 -0.2217 0.1494
vn 0.1067 -0.9888 -0.1044
vn -0.1052 -0.9928 -0.0567
vn -0.0346 -0.9967 -0.0730
vn -0.2178 -0.9755 -0.0298
vn -0.6499 -0.4678 0.5990
vn -0.7729 -0.3352 0.5388
vn -0.7003 -0.4185 0.5783
vn -0.8118 -0.2824 0.5112
vn -0.4915 -0.4005 0.7733
vn -0.3948 -0.4155 0.8194
vn 0.0582 -0.4237 0.9040
vn 0.1677 -0.4120 0.8956
vn -0.6696 0.5298 -0.5206
vn -0.6842 0.5167 -0.5146
vn -0.6777 0.5226 -0.5173
vn -0.6929 0.5088 -0.5109
vn 0.7993 -0.3627 0.4792
vn 0.7993 -0.3626 0.4791
vn -0.8565 0.2855 -0.4301
vn -0.8678 0.2786 -0.4114
vn -0.9154 0.2442 -0.3202
vn -0.9192 0.2409 -0.3116
vn 0.3013 -0.4425 0.8446
vn 0.4080 -0.4623 0.7873
vn 0.3184 -0.4460 0.8365
vn 0.4245 -0.4649 0.7770
vn 0.7657 -0.1222 0.6315
vn 0.4789 -0.2088 0.8527
vn 0.6056 -0.1766 0.7759
vn 0.3536 -0.2340 0.9057
vn 0.9537 -0.2438 0.1762
vn 0.9479 -0.2546 0.1915
vn 0.7569 -0.4458 0.4778
vn 0.7213 -0.4669 0.5116
vn -0.3165 -0.4520 0.8340
vn -0.4417 -0.3569 0.8231
vn -0.3597 -0.4211 0.8326
vn -0.4838 -0.3208 0.8143
vn 0.8894 0.0615 -0.4531
vn 0.9387 0.0062 -0.3446
vn 0.8991 0.0519 -0.4347
vn 0.9418 0.0021 -0.3362
vn -0.7550 0.0733 0.6517
vn -0.6098 -0.0204 0.7923
vn -0.4934 -0.0838 0.8658
vn -0.3769 -0.1402 0.9156
vn -0.8024 -0.2713 0.5315
vn -0.9762 -0.0076 0.2167
vn -0.8324 -0.2418 0.4986
vn -0.9795 0.0043 0.2015
vn 0.2765 0.8124 -0.5133
vn 0.2844 0.8130 -0.5081
vn 0.2825 0.8129 -0.5093
vn 0.2907 0.8134 -0.5038
vn 0.9224 0.2904 0.2546
vn 0.9653 0.0489 0.2567
vn 0.9654 0.0461 0.2566
vn 0.9500 -0.1959 0.2432
vn 0.5321 0.7768 -0.3370
vn 0.5965 0.7206 -0.3535
vn 0.6255 0.6920 -0.3603
vn 0.6914 0.6178 -0.3745
vn -0.8073 0.4157 -0.4190
vn -0.9426 -0.0453 -0.3309
vn -0.9011 0.1948 -0.3874
vn -0.9135 -0.3324 -0.2347
vn 0.9584 -0.2841 -0.0271
vn 0.9444 -0.3163 0.0894
vn 0.9318 -0.3310 0.1487
vn 0.9107 -0.3478 0.2229
vn -0.0927 0.6123 -0.7852
vn -0.0944 0.6129 -0.7845
vn -0.0956 0.6134 -0.7840
vn -0.0972 0.6140 -0.7833
vn 0.3258 -0.9047 0.2747
vn 0.3127 -0.8953 0.3171
vn 0.2897 -0.8759 0.3859
vn 0.2789 -0.8656 0.4159
vn -0.0154 0.9799 -0.1987
vn 0.0002 0.9921 0.1251
vn -0.0055 0.9999 0.0088
vn 0.0066 0.9670 0.2546
vn 0.0932 0.0143 0.9955
vn 0.3289 0.0865 0.9404
vn 0.2326 0.0569 0.9709
vn 0.4436 0.1220 0.8879
vn -0.0608 0.9605 0.2714
vn -0.0710 0.9497 0.3052
vn -0.0718 0.9486 0.3081
vn -0.0810 0.9375 0.3385
vn 0.1582 0.5454 0.8231
vn 0.1724 0.5421 0.8225
vn 0.2529 0.5208 0.8153
vn 0.2668 0.5168 0.8135
vn 0.5217 0.2955 0.8003
vn 0.5135 0.4102 0.7537
vn 0.4731 0.6213 0.6247
vn 0.4304 0.7388 0.5187
vn 0.3544 -0.2953 0.8872
vn 0.4939 -0.2705 0.8264
vn 0.4647 -0.2764 0.8412
vn 0.5967 -0.2460 0.7638
vn 0.3155 -0.8692 -0.3808
vn 0.3190 -0.8668 -0.3832
vn 0.3233 -0.8639 -0.3861
vn 0.3244 -0.8632 -0.3869
vn 0.5818 0.4944 -0.6458
vn 0.5459 0.5439 -0.6373
vn 0.5590 0.5264 -0.6407
vn 0.5250 0.5706 -0.6315
vn 0.0118 0.9762 0.2164
vn -0.0602 0.9635 0.2610
vn -0.1517 0.9369 0.3151
vn -0.2396 0.8998 0.3646
vn -0.0278 -0.9942 -0.1038
vn -0.1216 -0.9897 -0.0751
vn -0.0642 -0.9936 -0.0928
vn -0.1813 -0.9818 -0.0563
vn 0.3455 0.1411 0.9277
vn 0.6485 0.0693 0.7580
vn 0.6282 0.0751 0.7744
vn 0.8583 -0.0058 0.5132
vn 0.2598 0.1741 -0.9498
vn -0.7786 0.6074 -0.1579
vn 0.1637 0.2440 -0.9559
vn -0.8129 0.5819 -0.0259
vn -0.1451 -0.3781 -0.9143
vn 0.2058 0.1107 -0.9723
vn 0.1696 0.0570 -0.9839
vn 0.4295 0.4666 -0.7732
vn -0.7005 0.6697 0.2465
vn -0.6774 0.7036 0.2148
vn -0.6975 0.6744 0.2422
vn -0.6741 0.7079 0.2106
vn 0.2797 0.9575 -0.0700
vn 0.0314 0.9902 0.1360
vn -0.1333 0.9554 0.2634
vn -0.3529 0.8354 0.4214
vn 0.0990 0.9264 0.3633
vn 0.1077 0.9694 0.2208
vn 0.1150 0.9924 0.0426
vn 0.1190 0.9750 -0.1877
vn -0.2664 0.3877 -0.8825
vn -0.2433 0.4202 -0.8742
vn -0.2219 0.4492 -0.8654
vn -0.2028 0.4743 -0.8567
vn -0.4601 -0.4244 0.7799
vn -0.0498 -0.4681 0.8823
vn -0.0508 -0.4681 0.8822
vn 0.3687 -0.4274 0.8255
vn 0.7634 -0.5187 -0.3850
vn 0.6716 -0.6529 -0.3503
vn 0.1898 -0.9710 -0.1453
vn 0.0108 -0.9979 -0.0638
vn -0.8882 0.4560 0.0570
vn -0.8866 0.4587 0.0588
vn -0.8874 0.4573 0.0579
vn -0.8860 0.4599 0.0596
vn -0.2778 0.7604 0.5870
vn -0.6441 0.5579 0.5232
vn -0.8710 0.2982 0.3904
vn -0.9833 -0.1513 0.1015
vn -0.7008 0.7076 0.0899
vn -0.7269 0.6821 0.0792
vn -0.7257 0.6834 0.0797
vn -0.7514 0.6563 0.0686
vn -0.9990 -0.0409 0.0185
vn -0.9948 -0.1015 0.0096
vn -0.9946 -0.1035 0.0093
vn -0.9897 -0.1429 0.0034
vn -0.3003 0.3783 0.8756
vn -0.2545 0.3978 0.8815
vn -0.2811 0.3866 0.8783
vn -0.2341 0.4061 0.8833
vn -0.4882 0.7845 -0.3825
vn -0.5129 0.7758 -0.3675
vn -0.5210 0.7728 -0.3625
vn -0.5551 0.7589 -0.3406
vn 0.2419 0.9465 0.2134
vn 0.3925 0.8667 0.3078
vn 0.3095 0.9158 0.2560
vn 0.4694 0.8084 0.3551
vn -0.2222 -0.9697 -0.1013
vn -0.1865 -0.9782 -0.0912
vn -0.1295 -0.9887 -0.0750
vn -0.0692 -0.9959 -0.0578
vn 0.1711 -0.9477 -0.2693
vn -0.0318 -0.9867 -0.1596
vn -0.0693 -0.9880 -0.1382
vn -0.1525 -0.9842 -0.0897
vn 0.9127 0.3926 -0.1133
vn 0.9398 0.3259 -0.1030
vn 0.9158 0.3855 -0.1122
vn 0.9420 0.3198 -0.1020
vn -0.1546 -0.9853 -0.0730
vn -0.1643 -0.9846 -0.0588
vn -0.1807 -0.9829 -0.0349
vn -0.1934 -0.9810 -0.0161
vn 0.1992 0.6342 -0.7471
vn 0.0894 0.6318 -0.7700
vn 0.0446 0.6285 -0.7765
vn -0.0655 0.6151 -0.7857
vn 0.6885 0.7139 0.1280
vn 0.6976 0.7079 0.1112
vn 0.7059 0.7008 0.1033
vn 0.7157 0.6927 0.0893
vn 0.7179 0.6893 0.0975
vn -0.1848 0.5576 0.8093
vn -0.1927 0.5702 0.7986
vn -0.6103 0.6912 0.3870
vn -0.3815 0.6608 0.6463
vn -0.7985 0.5964 -0.0819
vn -0.0313 0.3164 -0.9481
vn -0.4379 0.5043 -0.7443
vn -0.6409 0.5610 -0.5239
vn -0.8063 0.5595 -0.1921
vn 0.6818 0.6872 -0.2510
vn 0.4364 0.6451 -0.6273
vn 0.3254 0.6247 -0.7098
vn 0.0699 0.5492 -0.8327
vn 0.0413 0.6056 -0.7947
vn 0.9215 0.3787 -0.0855
vn 0.6897 0.5483 -0.4731
vn 0.6417 0.5462 -0.5384
vn 0.4192 0.5608 -0.7140
vn 0.4349 0.5152 -0.7386
vn 0.8835 0.3896 0.2601
vn 0.8914 0.4440 0.0911
vn 0.6550 0.5996 -0.4599
vn 0.3964 0.6285 -0.6693
vn 0.2524 0.7241 -0.6418
vn 0.9753 0.1775 -0.1313
vn 0.6859 0.5564 -0.4689
vn 0.6507 0.5795 -0.4908
vn 0.2520 0.7313 -0.6338
vn 0.2529 0.7297 -0.6353
vn -0.0118 0.7358 -0.6771
vn 0.4224 0.7325 -0.5339
vn 0.6173 0.6382 -0.4600
vn 0.9180 0.3425 -0.1998
vn 0.9450 0.2366 -0.2259
vn 0.0027 0.6828 -0.7306
vn 0.0278 0.7042 -0.7094
vn -0.4402 0.7339 -0.5173
vn -0.5610 0.7145 -0.4180
vn -0.9187 0.3901 0.0609
vn -0.1579 0.7701 -0.6181
vn -0.5042 0.8523 -0.1389
vn -0.4055 0.8525 -0.3298
vn -0.6164 0.7855 0.0552
vn -0.6534 0.7569 0.0115
vn -0.6379 0.6154 0.4630
vn -0.6766 0.5163 0.5250
vn -0.4119 0.3718 0.8319
vn -0.5124 0.3674 0.7762
vn -0.0034 0.0941 0.9956
vn 0.1978 0.9777 0.0703
vn 0.3324 0.9415 0.0557
vn 0.4726 0.8803 0.0417
vn 0.5175 0.8550 0.0337
vn 0.5091 0.8598 0.0383
vn 0.0638 0.9937 0.0923
vn 0.0840 0.9930 0.0831
vn 0.1042 0.9358 0.3368
vn 0.1198 0.9635 0.2396
vn 0.0839 0.8166 0.5711
vn 0.3580 0.8968 -0.2600
vn 0.3737 0.8891 -0.2644
vn 0.3844 0.6218 -0.6823
vn 0.3615 0.5186 -0.7748
vn 0.1762 0.0777 -0.9813
vn -0.4388 0.4142 0.7974
vn -0.1616 0.9849 0.0625
vn -0.2257 0.6357 0.7382
vn 0.1701 0.4063 0.8978
vn 0.0225 -0.0090 0.9997
vn -0.0319 0.4944 0.8687
vn -0.2767 0.5077 0.8159
vn 0.2024 0.5146 0.8332
vn -0.1056 0.5318 0.8403
vn 0.3759 0.5026 0.7786
vn -0.2743 0.9275 0.2538
vn -0.9572 0.1401 0.2533
vn -0.9161 0.2722 0.2945
vn -0.9436 -0.2586 0.2068
vn -0.9322 -0.2715 0.2393
vn 0.2138 0.8500 0.4815
vn 0.2081 0.9170 0.3403
vn -0.2391 0.9668 0.0898
vn -0.3379 0.9411 0.0066
vn -0.6884 0.7212 -0.0766
vn -0.1694 -0.6461 0.7442
vn -0.7192 -0.6379 0.2755
vn -0.4703 -0.6600 0.5858
vn -0.8026 -0.2557 0.5390
vn -0.7919 -0.2305 0.5655
vn 0.8825 -0.4210 -0.2095
vn 0.8337 -0.4347 -0.3406
vn 0.8357 -0.3995 -0.3769
vn 0.7999 -0.3117 -0.5128
vn 0.8071 -0.2434 -0.5379
vn -0.6953 0.4747 0.5396
vn -0.3250 0.4970 0.8046
vn -0.0711 0.6287 0.7744
vn 0.1763 0.5309 0.8289
vn 0.6697 0.5188 0.5314
vn -0.1027 0.9875 -0.1195
vn -0.1099 0.9423 -0.3163
vn -0.1265 0.9535 -0.2737
vn -0.1622 0.8889 -0.4285
vn -0.2008 0.8725 -0.4454
vn 0.4128 0.8561 -0.3110
vn 0.4219 0.8410 -0.3387
vn 0.4170 0.8431 -0.3396
vn 0.4155 0.8325 -0.3665
vn 0.4050 0.8328 -0.3775
vn 0.2067 0.9310 0.3010
vn 0.5205 0.7670 0.3752
vn 0.2643 0.9059 0.3309
vn 0.4369 0.8051 0.4011
vn 0.1686 0.9016 0.3984
vn 0.1952 0.2221 -0.9553
vn 0.8582 0.1070 -0.5021
vn 0.8112 0.0347 -0.5838
vn 0.9786 -0.0070 -0.2058
vn 0.9818 -0.1872 -0.0319
vn 0.1294 0.2555 -0.9581
vn 0.2005 0.8300 -0.5205
vn 0.2764 0.9445 -0.1776
vn 0.3127 0.8446 0.4346
vn 0.4388 0.7806 0.4451
vn -0.4427 -0.7359 -0.5123
vn -0.1739 -0.6676 -0.7240
vn 0.1404 -0.6208 -0.7713
vn 0.2146 -0.5155 -0.8296
vn 0.5423 -0.4051 -0.7360
vn -0.1982 -0.9800 -0.0166
vn 0.0151 -0.9998 0.0137
vn -0.0967 -0.9937 -0.0563
vn 0.0720 -0.9974 -0.0039
vn -0.1489 -0.9836 -0.1014
vn 0.7934 -0.0620 0.6055
vn 0.1560 -0.1209 0.9803
vn -0.1417 -0.1085 0.9839
vn -0.4279 -0.1144 0.8966
vn -0.3756 -0.0986 0.9215
vn -0.9322 -0.1360 0.3353
vn -0.4230 -0.8987 0.1155
vn -0.7524 -0.6312 0.1887
vn -0.1457 -0.9877 -0.0562
vn -0.3511 -0.9312 -0.0984
vn 0.0763 0.9135 0.3997
vn -0.2076 0.8883 0.4097
vn -0.0170 0.9422 0.3347
vn -0.2990 0.8726 0.3862
vn 0.0442 0.9519 0.3032
vn 0.9810 -0.0057 -0.1941
vn 0.8812 -0.1994 0.4287
vn 0.9706 -0.1287 0.2036
vn 0.7957 -0.2338 0.5588
vn 0.8099 -0.2214 0.5431
vn -0.9977 0.0668 -0.0059
vn -0.9536 0.2410 -0.1804
vn -0.7910 0.2403 -0.5627
vn -0.8162 0.3218 -0.4799
vn -0.1583 0.2674 -0.9505
vn 0.3604 -0.3645 0.8587
vn 0.9436 -0.2784 0.1790
vn 0.8869 -0.2703 0.3746
vn 0.9806 -0.1813 -0.0741
vn 0.9661 -0.0308 -0.2563
vn -0.4459 0.0849 0.8911
vn 0.3496 -0.0014 0.9369
vn -0.1024 -0.0146 0.9946
vn 0.3939 -0.0441 0.9181
vn 0.0970 -0.0991 0.9903
vn 0.4253 -0.2300 0.8753
vn -0.1557 -0.0816 0.9844
vn -0.8796 0.0076 0.4757
vn -0.8474 0.1026 0.5210
vn -0.9776 0.0113 0.2103
vn 0.8130 -0.1365 0.5660
vn 0.7960 -0.1615 0.5834
vn 0.6566 -0.5360 0.5306
vn 0.4416 -0.7859 0.4329
vn -0.1051 -0.9929 0.0565
vn -0.0545 -0.4922 0.8688
vn -0.1772 -0.4170 0.8915
vn -0.0483 -0.4582 0.8876
vn -0.0404 -0.4142 0.9093
vn 0.1481 -0.4304 0.8904
vn -0.9483 0.0470 -0.3140
vn -0.4028 0.3315 -0.8531
vn 0.6929 0.2446 -0.6783
vn 0.6605 0.3158 -0.6811
vn 0.7776 0.1844 -0.6011
vn -0.1915 0.3876 -0.9017
vn -0.1590 0.4000 -0.9026
vn -0.0907 0.3903 -0.9162
vn 0.0372 0.3879 -0.9210
vn 0.2186 0.3579 -0.9078
vn -0.5191 0.5047 -0.6898
vn 0.4506 0.2237 -0.8642
vn 0.6997 -0.4257 -0.5738
vn 0.8652 -0.4799 0.1453
vn 0.5287 -0.6165 0.5835
vn 0.4085 -0.4352 0.8023
vn -0.2087 -0.3969 0.8938
vn -0.1030 -0.4321 0.8959
vn -0.3984 -0.3541 0.8461
vn -0.5075 -0.3454 0.7894
vn 0.9716 0.1025 -0.2133
vn 0.9851 -0.1364 -0.1049
vn 0.9885 -0.0706 -0.1335
vn 0.9727 -0.2253 -0.0554
vn 0.9737 -0.2213 -0.0534
vn -0.8029 0.4610 -0.3780
vn -0.3953 0.7698 -0.5012
vn -0.4544 0.7793 -0.4315
vn -0.1542 0.8793 -0.4506
vn -0.2558 0.8962 -0.3625
vn -0.9010 0.4333 0.0209
vn -0.8592 0.5117 0.0003
vn -0.7160 0.6867 -0.1258
vn -0.6600 0.7367 -0.1471
vn -0.6029 0.7613 -0.2385
vn 0.4388 -0.0433 -0.8976
vn 0.4395 -0.0854 -0.8942
vn 0.4282 -0.0930 -0.8989
vn 0.1275 -0.0980 -0.9870
vn 0.1094 -0.0956 -0.9894
vn 0.8339 0.5178 0.1909
vn 0.7291 -0.0321 0.6837
vn 0.7518 0.1727 0.6364
vn 0.6431 -0.0562 0.7637
vn 0.6111 0.0732 0.7882
vn -0.8377 0.4422 0.3204
vn -0.8112 0.5187 0.2699
vn -0.1321 0.9613 0.2418
vn 0.1841 0.9249 0.3328
vn 0.5782 0.4972 0.6469
vn -0.5248 0.6070 -0.5968
vn -0.4049 0.7471 -0.5272
vn -0.0663 0.9432 -0.3255
vn 0.0075 0.9511 -0.3088
vn 0.0300 0.9412 -0.3365
vn 0.7254 0.6493 0.2287
vn 0.8359 0.5015 0.2232
vn 0.9426 0.2443 0.2276
vn 0.9545 0.1224 0.2720
vn 0.9429 0.1117 0.3137
vn 0.2723 -0.4649 0.8424
vn 0.2993 -0.4724 0.8290
vn 0.4538 -0.3669 0.8120
vn 0.5971 -0.2487 0.7627
vn 0.6785 -0.1560 0.7179
vn 0.9663 0.2278 -0.1200
vn 0.9651 0.2373 -0.1107
vn 0.9269 0.2658 -0.2648
vn 0.9312 0.2688 -0.2463
vn 0.8492 0.2867 -0.4434
vn -0.2538 -0.5986 0.7598
vn -0.2567 -0.6379 0.7261
vn -0.1187 -0.7452 0.6561
vn -0.0115 -0.7960 0.6052
vn 0.1661 -0.8080 0.5652
vn 0.1877 0.3176 0.9295
vn 0.6292 -0.1384 0.7648
vn 0.4940 -0.3320 0.8036
vn 0.4051 -0.6230 0.6691
vn 0.1612 -0.6497 0.7429
vn 0.8923 0.4490 0.0471
vn 0.8084 0.5512 -0.2064
vn 0.8692 0.4845 -0.0991
vn 0.7572 0.5478 -0.3557
vn 0.8716 0.4187 -0.2550
vn 0.9597 -0.2008 -0.1963
vn 0.9683 -0.0670 -0.2404
vn 0.9803 0.0310 -0.1952
vn 0.9705 0.0648 -0.2321
vn 0.9420 0.2939 -0.1621
vn 0.8863 0.4431 0.1346
vn 0.9110 0.4069 0.0678
vn 0.9420 0.3354 0.0095
vn 0.9744 0.2245 0.0067
vn 0.9812 0.1916 0.0250
vn -0.9444 -0.3147 -0.0949
vn -0.9869 -0.1554 0.0438
vn 0.4240 0.8964 -0.1292
vn -0.5901 0.7890 0.1708
vn 0.8538 0.5202 -0.0218
vn -0.0585 -0.9979 0.0294
vn 0.0098 -0.9994 0.0338
vn 0.0625 -0.9967 0.0513
vn 0.1147 -0.9913 0.0653
vn 0.1163 -0.9895 0.0856
vn 0.4834 -0.8751 0.0204
vn 0.4574 -0.8890 -0.0235
vn 0.1401 -0.9877 0.0689
vn -0.2615 -0.9465 0.1889
vn -0.8678 0.3128 0.3862
vn -0.9992 0.0277 -0.0275
vn -0.9993 0.0236 -0.0296
vn -0.9782 0.1776 -0.1077
vn -0.9905 0.1130 -0.0790
vn -0.9208 0.3414 -0.1885
vn -0.9469 0.1150 0.3001
vn -0.9627 -0.0234 0.2697
vn -0.9766 -0.0284 0.2130
vn -0.9908 -0.0721 0.1148
vn -0.9993 -0.0370 -0.0015
vn -0.1549 -0.0622 -0.9860
vn -0.1730 -0.0600 -0.9831
vn -0.4606 0.0192 -0.8874
vn -0.4696 0.0293 -0.8824
vn -0.4585 0.0699 -0.8859
vn -0.9034 -0.3886 -0.1815
vn -0.9172 -0.3622 -0.1657
vn -0.9421 -0.3350 -0.0179
vn -0.9323 -0.3552 0.0685
vn -0.9019 -0.3928 0.1799
vn 0.3497 0.5877 -0.7296
vn 0.4197 0.7577 -0.4998
vn 0.4415 0.8350 -0.3285
vn 0.3959 0.9174 -0.0393
vn 0.3869 0.9213 -0.0377
vn 0.2215 0.5727 -0.7893
vn 0.1998 0.3171 -0.9271
vn 0.0485 0.2158 -0.9752
vn -0.3169 0.0516 -0.9471
vn -0.5863 0.1274 -0.8000
vn -0.5184 0.8482 0.1082
vn -0.6223 0.7749 0.1107
vn -0.6976 0.7132 0.0690
vn -0.7306 0.6809 0.0506
vn -0.6937 0.7203 0.0028
vn 0.1945 0.9265 -0.3222
vn 0.2007 0.9279 -0.3140
vn 0.2763 0.8922 -0.3572
vn 0.5398 0.6494 -0.5356
vn 0.6393 0.4840 -0.5976
vn 0.1584 -0.7396 -0.6541
vn 0.1802 -0.7092 -0.6816
vn -0.0567 -0.6739 -0.7366
vn -0.0598 -0.6530 -0.7550
vn -0.3879 -0.6098 -0.6911
vn -0.4972 -0.8326 0.2442
vn -0.6778 -0.6715 0.2994
vn -0.6949 -0.6102 0.3806
vn -0.6599 -0.4371 0.6112
vn -0.5725 -0.4323 0.6966
vn -0.1190 0.8679 0.4822
vn -0.0911 0.9109 0.4024
vn 0.1993 0.9799 -0.0023
vn 0.2121 0.9758 -0.0531
vn 0.3416 0.9390 0.0407
vn -0.8822 0.4610 -0.0958
vn -0.8772 0.4729 -0.0834
vn -0.8151 0.5746 -0.0733
vn -0.8492 0.5230 -0.0724
vn -0.7444 0.6650 -0.0598
vn -0.8331 -0.4214 -0.3582
vn -0.7844 -0.4157 -0.4604
vn -0.7852 -0.4276 -0.4479
vn -0.7316 -0.4368 -0.5235
vn -0.7122 -0.4595 -0.5307
vn -0.0531 0.7466 -0.6631
vn -0.1420 0.7559 -0.6391
vn -0.1561 0.7466 -0.6467
vn -0.2507 0.7513 -0.6105
vn -0.2084 0.7245 -0.6570
vn -0.8773 0.3189 0.3586
vn -0.7277 0.5617 0.3937
vn -0.7045 0.5602 0.4358
vn -0.5745 0.6908 0.4390
vn -0.5955 0.6348 0.4924
vn -0.3151 -0.7450 0.5879
vn -0.1444 -0.7687 0.6231
vn -0.0360 -0.7437 0.6676
vn 0.1178 -0.6754 0.7280
vn 0.1244 -0.6391 0.7590
vn -0.8594 0.3752 0.3473
vn -0.8544 0.3730 0.3619
vn -0.7701 0.4390 0.4630
vn -0.7445 0.4516 0.4917
vn -0.6231 0.5358 0.5698
vn -0.2100 0.3579 0.9098
vn 0.0546 0.3368 0.9400
vn 0.1285 0.3240 0.9373
vn 0.3138 0.2869 0.9051
vn 0.3128 0.2833 0.9066
vn -0.4381 0.2020 0.8760
vn -0.4632 0.1856 0.8666
vn -0.4654 0.1107 0.8782
vn -0.4362 -0.0627 0.8977
vn -0.4085 -0.1415 0.9017
vn -0.3981 0.7645 0.5070
vn -0.4209 0.7425 0.5211
vn -0.4933 0.7330 0.4684
vn -0.5192 0.6790 0.5191
vn -0.4733 0.7907 0.3883
vn -0.7213 -0.5760 0.3845
vn -0.6373 -0.5789 0.5087
vn -0.6292 -0.4987 0.5962
vn -0.5693 -0.4418 0.6933
vn -0.5892 -0.3216 0.7412
vn -0.4857 0.0830 0.8702
vn -0.4980 0.1166 0.8593
vn -0.3360 0.0782 0.9386
vn -0.3751 0.1089 0.9206
vn -0.1114 0.0168 0.9936
vn -0.5803 0.6374 0.5069
vn -0.5205 0.7635 0.3822
vn -0.5354 0.7930 0.2907
vn -0.5343 0.8312 0.1539
vn -0.5877 0.8048 0.0830
vn 0.3535 0.6105 0.7088
vn -0.0080 0.4749 0.8800
vn 0.1377 0.6449 0.7518
vn -0.0091 0.8610 0.5086
vn 0.1613 0.9781 0.1313
vn -0.3858 -0.5259 -0.7580
vn -0.3893 -0.5619 -0.7298
vn 0.3629 -0.7311 -0.5777
vn -0.0101 -0.8054 -0.5926
vn 0.8097 -0.4669 -0.3556
vn 0.4582 0.8099 -0.3662
vn -0.8094 0.3013 0.5041
vn -0.1859 0.8460 0.4997
vn -0.3042 0.0406 0.9517
vn -0.2121 0.0295 0.9768
vn -0.2123 0.0295 0.9768
vn -0.1337 -0.2697 0.9536
vn -0.1833 -0.0482 0.9819
vn -0.5202 0.2700 0.8102
vn -0.5680 0.5367 0.6239
vn -0.7313 0.5665 0.3798
vn -0.6318 0.7692 0.0951
vn -0.0175 0.8739 -0.4857
vn 0.5450 0.8155 -0.1948
vn 0.5737 0.8079 -0.1352
vn 0.8851 0.3839 0.2630
vn 0.8554 0.3917 0.3390
vn -0.4259 0.3804 0.8209
vn -0.8023 0.3913 0.4508
vn -0.7376 0.4210 0.5280
vn -0.8407 0.5256 0.1305
vn -0.8347 0.5242 0.1688
vn -0.6622 0.7402 -0.1172
vn 0.2249 0.7923 -0.5672
vn 0.3593 0.7583 -0.5439
vn 0.3609 0.7845 -0.5043
vn 0.7665 0.5631 -0.3089
vn 0.8988 0.4205 -0.1240
vn 0.9397 -0.1804 0.2907
vn 0.2817 0.7134 0.6417
vn -0.8148 0.4126 0.4073
vn -0.7329 0.5422 0.4110
vn -0.9163 0.3993 -0.0310
vn -0.9261 0.3717 -0.0644
vn -0.7553 0.6546 -0.0321
vn 0.7888 0.4108 0.4572
vn 0.7969 0.4157 0.4383
vn 0.7824 0.4954 0.3773
vn 0.7601 0.5257 0.3820
vn 0.7248 0.5872 0.3604
vn 0.7022 0.5738 0.4216
vn 0.0332 0.9994 -0.0052
vn 0.3563 0.9343 -0.0093
vn 0.5710 0.8202 -0.0357
vn 0.6967 0.7142 0.0676
vn 0.7048 0.7091 0.0226
vn 0.6615 0.7332 0.1577
vn 0.3792 0.4105 0.8293
vn 0.3712 0.3605 0.8557
vn 0.3741 0.3433 0.8615
vn -0.1263 -0.3064 0.9435
vn -0.3459 -0.4912 0.7994
vn -0.7374 -0.6717 0.0705
vn -0.9936 0.0379 0.1060
vn -0.9782 0.1865 -0.0913
vn -0.9495 0.0327 0.3122
vn -0.9660 0.1198 0.2292
vn -0.8140 -0.0273 0.5802
vn -0.8251 -0.0116 0.5649
vn -0.9682 0.0622 -0.2423
vn -0.9710 0.0523 -0.2334
vn -0.4061 0.0361 -0.9131
vn -0.4119 0.0114 -0.9112
vn 0.4267 -0.0212 -0.9042
vn 0.3986 -0.0375 -0.9163
vn 0.8129 0.0647 -0.5788
vn 0.8134 0.0641 -0.5781
vn 0.7838 0.6035 -0.1466
vn 0.7515 0.6017 -0.2708
vn -0.3557 0.9282 -0.1089
vn -0.4065 0.9029 -0.1396
vn 0.4430 -0.5365 -0.7183
vn 0.5476 -0.7012 -0.4565
vn 0.6351 -0.7241 -0.2689
vn 0.6722 -0.6878 0.2740
vn 0.7257 -0.6310 0.2742
vn 0.4772 -0.6440 0.5979
vn 0.9304 0.3624 0.0539
vn 0.9844 0.1683 0.0511
vn 0.9856 0.1515 0.0748
vn 0.9293 -0.0423 0.3668
vn 0.9218 -0.0456 0.3850
vn 0.8983 -0.1403 0.4163
vn 0.2621 -0.1678 0.9503
vn 0.3992 0.0354 0.9162
vn 0.3980 0.2475 0.8834
vn 0.3484 0.5150 0.7832
vn 0.2870 0.5450 0.7878
vn 0.2699 0.6644 0.6969
vn 0.4442 -0.6037 -0.6620
vn 0.4021 -0.6479 -0.6469
vn 0.3401 -0.6788 -0.6509
vn 0.2216 -0.6981 -0.6808
vn 0.2147 -0.6877 -0.6935
vn 0.1290 -0.6975 -0.7049
vn 0.5650 0.7396 -0.3658
vn 0.5978 0.7251 -0.3417
vn 0.6455 0.6843 -0.3392
vn 0.6493 0.6711 -0.3577
vn 0.6241 0.6552 -0.4257
vn 0.5803 0.6658 -0.4690
vn 0.7075 0.7056 0.0398
vn 0.6430 0.7548 0.1297
vn 0.6242 0.7287 0.2816
vn 0.4966 0.5840 0.6421
vn 0.4899 0.4741 0.7316
vn 0.2892 0.3140 0.9043
vn -0.1838 0.9736 -0.1352
vn -0.1956 0.9031 0.3824
vn -0.0125 0.8734 0.4868
vn 0.0479 0.6553 0.7538
vn 0.2369 0.8279 0.5083
vn 0.0935 0.9864 0.1352
vn -0.7836 0.6111 -0.1119
vn -0.7937 0.5985 -0.1090
vn -0.8827 0.4452 0.1506
vn -0.8533 0.4940 0.1669
vn -0.5744 0.7262 0.3778
vn -0.4351 0.8355 0.3356
vn 0.1747 0.9492 0.2616
vn 0.1837 0.9372 0.2966
vn 0.1944 0.9319 0.3063
vn 0.3640 0.8224 0.4372
vn 0.3741 0.7555 0.5378
vn 0.3495 0.6446 0.6800
vn -0.0168 0.9396 0.3419
vn 0.0190 0.8984 0.4388
vn 0.0648 0.8907 0.4499
vn 0.6495 0.4633 0.6030
vn 0.3837 0.7299 0.5657
vn 0.8441 0.1178 0.5230
vn -0.9623 0.0454 0.2683
vn -0.9159 0.2863 0.2813
vn -0.8758 0.3872 0.2881
vn -0.7866 0.5466 0.2871
vn -0.7477 0.5939 0.2970
vn -0.6343 0.7139 0.2968
vn -0.3455 0.7858 0.5130
vn -0.3107 0.8126 0.4932
vn -0.2802 0.7501 0.5991
vn -0.4710 0.5781 0.6663
vn -0.6152 0.2782 0.7376
vn -0.8927 0.0885 0.4419
vn -0.5039 0.5406 -0.6737
vn -0.4803 0.5707 -0.6661
vn -0.5388 0.6410 -0.5467
vn -0.4898 0.6834 -0.5413
vn -0.5504 0.7098 -0.4395
vn -0.4501 0.7216 -0.5260
vn -0.2966 -0.9222 0.2482
vn -0.2999 -0.9376 0.1761
vn -0.3732 -0.8927 0.2524
vn -0.4554 -0.8722 0.1788
vn -0.4980 -0.8322 0.2438
vn -0.5172 -0.8505 0.0956
vn 0.0625 0.9972 0.0420
vn 0.1282 0.9909 0.0412
vn 0.1652 0.9861 0.0174
vn 0.2942 0.9554 0.0276
vn 0.7864 0.4991 0.3640
vn 0.8582 -0.0059 0.5132
vn -0.0221 -0.1051 -0.9942
vn 0.2903 0.2159 -0.9323
vn 0.5092 0.3292 -0.7952
vn 0.5018 -0.1072 -0.8583
vn 0.3644 -0.5263 -0.7683
vn -0.3828 -0.8871 -0.2579
vn 0.0289 0.7333 -0.6792
vn -0.1052 0.8293 -0.5489
vn -0.1589 0.7957 -0.5845
vn -0.3511 0.8775 -0.3266
vn -0.4806 0.7721 -0.4158
vn -0.5295 0.8144 -0.2374
vn -0.6538 0.6899 -0.3106
vn -0.2934 -0.6532 0.6980
vn -0.2214 -0.7183 0.6595
vn -0.2042 -0.7202 0.6630
vn -0.0344 -0.7763 0.6294
vn 0.2093 -0.7982 0.5648
vn 0.4056 -0.7816 0.4739
vn 0.4003 -0.7906 0.4634
vn -0.4460 0.8330 0.3276
vn -0.6594 0.4058 0.6329
vn -0.4827 0.5498 0.6817
vn -0.0527 0.5197 0.8527
vn 0.0819 0.6377 0.7659
vn 0.2828 0.7190 0.6348
vn 0.4756 0.8100 0.3431
vn -0.7378 -0.0303 0.6744
vn -0.6679 -0.2433 0.7033
vn -0.5375 -0.3709 0.7574
vn -0.3758 -0.5592 0.7390
vn -0.2306 -0.6511 0.7231
vn -0.1106 -0.7221 0.6829
vn -0.1557 -0.7247 0.6712
vn -0.2048 -0.3040 0.9304
vn -0.2200 -0.2869 0.9324
vn 0.1910 -0.3856 0.9027
vn 0.2555 -0.3898 0.8848
vn 0.4998 -0.4217 0.7565
vn 0.5310 -0.4360 0.7266
vn 0.5427 -0.4411 0.7148
vn -0.0363 0.0301 0.9989
vn 0.0049 -0.0867 0.9962
vn 0.0153 -0.1041 0.9944
vn 0.3327 -0.1431 0.9321
vn 0.2513 -0.2735 0.9285
vn 0.4496 -0.3160 0.8355
vn 0.2539 -0.5857 0.7697
vn 0.2312 0.3787 0.8962
vn 0.2423 0.3756 0.8946
vn 0.2280 0.3764 0.8980
vn 0.3774 0.2994 0.8763
vn 0.7893 -0.5594 0.2533
vn 0.5756 -0.7561 -0.3114
vn 0.4988 -0.8617 -0.0934
vn 0.2249 0.9459 0.2337
vn -0.3287 0.8791 0.3453
vn -0.8377 0.3989 0.3729
vn -0.8207 -0.3195 0.4737
vn -0.7417 -0.4145 0.5273
vn -0.2752 -0.8520 0.4454
vn -0.2418 -0.8485 0.4707
vn 0.1416 0.6728 -0.7261
vn 0.1733 0.6552 -0.7353
vn 0.1742 0.6460 -0.7432
vn 0.6511 0.6618 -0.3716
vn 0.8250 0.3212 0.4649
vn 0.6668 0.1227 0.7350
vn 0.6574 0.1592 0.7366
vn 0.5769 -0.1937 -0.7935
vn 0.6908 -0.2158 -0.6901
vn 0.5805 0.3481 -0.7361
vn -0.0168 0.8821 -0.4707
vn -0.2682 0.9510 -0.1537
vn -0.5947 0.7416 0.3102
vn -0.6225 0.6263 0.4693
vn -0.4843 -0.5831 0.6522
vn -0.7104 -0.6154 -0.3414
vn -0.3751 -0.8841 -0.2789
vn -0.3128 -0.6308 -0.7101
vn 0.0870 -0.7076 -0.7012
vn 0.2359 -0.8559 -0.4602
vn 0.6402 -0.7576 -0.1272
vn 0.3436 0.9233 0.1714
vn 0.4903 0.8312 0.2621
vn 0.4445 0.8671 0.2247
vn 0.7322 0.3273 0.5973
vn 0.7460 0.2111 0.6316
vn 0.5195 -0.3872 0.7617
vn 0.5065 -0.3831 0.7725
vn 0.5218 -0.1475 0.8402
vn 0.4679 -0.0886 0.8793
vn -0.1688 -0.1206 0.9782
vn -0.3776 -0.0796 0.9225
vn -0.9978 0.0589 0.0308
vn -0.9418 0.1450 -0.3034
vn -0.2713 0.2518 -0.9290
vn -0.9843 0.0242 0.1749
vn -0.9057 0.0551 -0.4203
vn -0.7304 0.0825 -0.6780
vn 0.3785 -0.0884 -0.9214
vn 0.3786 -0.0629 -0.9234
vn 0.9472 -0.1897 -0.2585
vn 0.9467 -0.1794 -0.2673
vn -0.7850 0.2698 -0.5576
vn -0.9163 0.1943 -0.3502
vn -0.9054 -0.0390 0.4229
vn -0.4633 0.3382 0.8191
vn 0.0521 0.8778 0.4761
vn 0.4360 0.8103 0.3915
vn 0.6181 0.7711 -0.1530
vn -0.5662 -0.2456 0.7868
vn -0.5802 -0.2462 0.7764
vn -0.6513 0.3908 0.6504
vn -0.6096 0.4996 0.6155
vn -0.2040 0.9508 0.2333
vn -0.2566 0.9275 0.2720
vn -0.0937 0.9797 0.1772
vn -0.6839 -0.2283 0.6930
vn -0.6745 -0.2289 0.7019
vn -0.5307 0.4284 0.7313
vn -0.4699 0.4414 0.7645
vn -0.0326 0.9844 -0.1728
vn 0.0024 0.8550 -0.5186
vn -0.0862 0.2831 -0.9552
vn 0.9789 -0.0269 0.2026
vn 0.8929 0.3819 0.2387
vn 0.5384 0.4918 0.6843
vn -0.6467 0.1933 0.7379
vn -0.9626 -0.1198 0.2428
vn -0.9998 -0.0167 0.0075
vn -0.9993 -0.0026 0.0360
vn -0.1893 -0.8966 -0.4003
vn -0.7187 -0.4882 -0.4951
vn -0.7219 -0.4772 -0.5012
vn -0.9018 0.1537 -0.4038
vn -0.9040 0.1591 -0.3969
vn -0.9009 0.2653 -0.3436
vn -0.9146 0.2450 -0.3217
vn 0.3014 0.1795 -0.9365
vn 0.9402 -0.0926 -0.3279
vn 0.9816 -0.1909 0.0048
vn 0.3698 -0.1739 0.9127
vn 0.1584 -0.1619 0.9740
vn -0.4526 0.0276 0.8913
vn -0.5203 -0.0159 0.8538
vn 0.4171 0.4543 -0.7872
vn 0.3534 0.5164 -0.7800
vn 0.2871 0.6154 -0.7340
vn 0.2145 0.9728 -0.0872
vn 0.2833 0.8909 -0.3550
vn 0.0982 0.8143 0.5721
vn 0.0478 0.4772 0.8775
vn 0.0984 0.4707 0.8768
vn 0.1269 0.8106 0.5717
vn -0.0577 0.9348 -0.3504
vn 0.0367 0.9957 -0.0854
vn -0.1415 0.6705 -0.7283
vn -0.2319 0.5915 -0.7723
vn -0.3095 0.5475 -0.7775
vn 0.6635 0.0762 -0.7443
vn 0.8189 0.1919 -0.5409
vn 0.8836 0.4486 -0.1339
vn 0.8043 0.5887 0.0812
vn 0.6305 0.7762 -0.0034
vn 0.5167 0.8505 0.0979
vn 0.6109 0.7802 -0.1342
vn 0.0730 -0.2438 -0.9671
vn 0.1262 -0.2608 -0.9571
vn 0.9501 -0.1197 -0.2879
vn 0.9636 0.1046 -0.2461
vn -0.1128 0.5751 -0.8102
vn -0.1249 0.8490 -0.5134
vn -0.0515 0.9747 -0.2176
vn 0.7736 -0.6001 -0.2034
vn 0.8481 -0.5202 -0.1009
vn 0.8070 0.2209 0.5477
vn 0.7450 0.3095 0.5909
vn 0.5936 0.5277 0.6076
vn 0.5807 0.5400 0.6093
vn 0.5777 0.5374 0.6144
vn 0.8509 0.4741 0.2262
vn 0.8044 0.4868 0.3405
vn 0.8733 0.3080 0.3775
vn 0.9132 -0.1422 0.3819
vn 0.9134 -0.1949 0.3572
vn 0.9502 -0.1378 0.2796
vn 0.9532 -0.1248 0.2752
vn 0.6367 0.7709 0.0180
vn 0.7049 0.7055 0.0733
vn 0.7570 0.6511 0.0541
vn 0.8512 0.5224 0.0505
vn 0.8952 0.4437 -0.0432
vn 0.8921 0.4308 -0.1367
vn 0.9110 0.3294 -0.2481
vn -0.3725 -0.9276 0.0294
vn -0.1708 -0.9804 -0.0986
vn -0.0333 -0.9956 -0.0872
vn 0.2883 -0.9300 -0.2279
vn 0.5818 -0.7706 -0.2602
vn 0.6000 -0.7434 -0.2954
vn 0.7429 -0.5954 -0.3061
vn -0.9089 -0.2566 0.3287
vn -0.9152 -0.2339 0.3280
vn -0.8175 0.0496 0.5738
vn 0.0566 0.4395 0.8965
vn 0.3513 0.5086 0.7861
vn 0.3025 0.5728 0.7618
vn 0.2707 0.5908 0.7601
vn 0.6291 -0.3781 0.6792
vn 0.7445 -0.2144 0.6322
vn 0.6978 -0.2794 0.6596
vn 0.7916 -0.0003 0.6111
vn 0.7880 0.0028 0.6157
vn 0.8210 0.0351 0.5698
vn 0.8249 0.0288 0.5646
vn 0.8844 0.4596 -0.0811
vn 0.9268 0.3462 -0.1456
vn 0.9040 0.1635 -0.3951
vn 0.8920 0.1281 -0.4334
vn 0.7297 0.2037 -0.6527
vn 0.6915 0.2187 -0.6885
vn 0.5419 0.2624 -0.7984
vn 0.3818 0.5951 0.7072
vn 0.3199 0.7452 0.5851
vn 0.3015 0.7974 0.5227
vn 0.3754 0.6514 0.6593
vn 0.4247 0.5833 0.6924
vn 0.5039 0.1647 0.8479
vn 0.5397 0.1021 0.8357
vn 0.7037 0.1284 0.6988
vn 0.7183 0.2808 0.6365
vn 0.6807 0.5264 0.5094
vn 0.6584 0.5786 0.4814
vn 0.5850 0.6225 0.5199
vn 0.4874 0.6701 0.5598
vn 0.3584 0.7194 0.5950
vn 0.9829 -0.1421 -0.1168
vn 0.9831 -0.1565 0.0955
vn 0.9438 -0.3044 0.1286
vn 0.8480 -0.4680 0.2488
vn 0.7171 -0.6586 0.2279
vn 0.6844 -0.6964 0.2161
vn 0.5505 -0.8117 0.1950
vn 0.7031 -0.5355 0.4679
vn 0.7797 -0.3641 0.5093
vn 0.7983 -0.3108 0.5159
vn 0.8392 0.0292 0.5430
vn 0.8372 0.0491 0.5447
vn 0.8031 0.2735 0.5293
vn 0.7971 0.2828 0.5335
vn 0.2577 -0.7215 0.6427
vn 0.2736 -0.6691 0.6909
vn 0.1828 -0.5548 0.8117
vn 0.0587 -0.4057 0.9121
vn -0.0199 -0.3178 0.9480
vn -0.0081 -0.2270 0.9739
vn 0.0202 -0.2617 0.9649
vn 0.8862 0.4601 0.0540
vn 0.7801 0.6256 0.0072
vn 0.8327 0.5533 0.0229
vn 0.7640 0.6452 -0.0063
vn 0.8848 0.4651 -0.0271
vn 0.8449 0.5345 -0.0211
vn 0.9735 0.2230 -0.0501
vn 0.6228 0.2461 0.7427
vn 0.6132 0.2652 0.7441
vn 0.6489 0.2994 0.6995
vn 0.7157 0.4299 0.5503
vn 0.6630 -0.0544 0.7466
vn 0.1156 -0.7211 0.6832
vn -0.4659 -0.8845 0.0230
vn 0.6491 0.7566 -0.0786
vn 0.5858 0.8090 -0.0487
vn 0.5023 0.8641 0.0326
vn 0.5617 0.7954 0.2278
vn 0.2215 0.7848 0.5788
vn 0.2016 0.7930 0.5748
vn 0.0026 0.5964 0.8027
vn 0.5858 0.8103 0.0148
vn 0.5718 0.8097 0.1319
vn 0.5659 0.8148 0.1261
vn 0.5296 0.8333 0.1583
vn 0.4745 0.8725 0.1161
vn 0.3018 0.9523 -0.0446
vn 0.2077 0.9730 -0.1004
vn -0.4015 0.9078 -0.1209
vn -0.2870 0.9518 0.1084
vn -0.4181 0.9083 0.0104
vn -0.6307 0.7696 0.0999
vn -0.7477 0.6544 -0.1125
vn -0.7592 0.3911 -0.5203
vn -0.6427 0.2411 -0.7272
vn -0.7150 0.5451 0.4378
vn -0.6194 0.6485 0.4426
vn -0.8018 0.3570 0.4793
vn -0.7553 0.2698 0.5972
vn -0.7237 0.0482 0.6885
vn -0.5939 0.1481 0.7908
vn -0.5534 0.2201 0.8033
vn -0.8122 0.2511 0.5266
vn -0.7860 0.2939 0.5438
vn -0.6615 0.4487 0.6009
vn -0.6791 0.4123 0.6073
vn -0.7271 -0.1705 0.6651
vn -0.7725 -0.1392 0.6195
vn -0.6175 -0.3265 0.7156
vn -0.8067 0.5461 -0.2256
vn -0.7713 0.5931 -0.2308
vn -0.7241 0.6326 -0.2748
vn -0.5796 0.7382 -0.3452
vn -0.4779 0.8011 -0.3604
vn -0.4080 0.8472 -0.3402
vn -0.3313 0.8856 -0.3256
vn -0.8755 -0.3886 -0.2872
vn -0.7753 -0.5664 -0.2796
vn -0.7636 -0.5975 -0.2447
vn -0.5198 -0.8259 -0.2187
vn -0.1656 -0.9848 -0.0531
vn -0.0697 -0.9935 -0.0905
vn 0.2194 -0.9724 0.0799
vn 0.9099 -0.2352 0.3417
vn 0.8760 -0.3309 0.3509
vn 0.8564 -0.4344 0.2789
vn 0.7021 -0.6608 0.2653
vn 0.3996 -0.9083 0.1239
vn 0.3478 -0.9238 0.1601
vn 0.1904 -0.9784 0.0800
vn 0.7483 0.0203 0.6631
vn 0.5948 -0.7834 -0.1803
vn 0.6552 -0.7481 0.1057
vn 0.0701 -0.9685 -0.2391
vn 0.0763 -0.9729 -0.2182
vn 0.6824 0.2794 -0.6755
vn 0.6517 0.4824 -0.5853
vn -0.3009 -0.9107 0.2832
vn -0.2969 -0.8676 0.3990
vn -0.3909 -0.7342 0.5551
vn -0.4530 -0.6317 0.6291
vn -0.6644 -0.2946 0.6869
vn -0.5992 -0.3862 0.7013
vn -0.7177 -0.1292 0.6843
vn 0.0406 0.8013 -0.5969
vn 0.0925 0.7959 -0.5984
vn 0.1349 0.7706 -0.6229
vn 0.2529 0.7303 -0.6345
vn 0.3837 0.6387 -0.6670
vn 0.5121 0.5505 -0.6593
vn 0.5784 0.4300 -0.6933
vn -0.2659 -0.8761 -0.4023
vn -0.2413 -0.8450 -0.4772
vn -0.3870 -0.7568 -0.5267
vn -0.3579 -0.7297 -0.5826
vn -0.5919 -0.7006 -0.3984
vn -0.6088 -0.6992 -0.3749
vn -0.6608 -0.6997 -0.2715
vn -0.4571 -0.1824 0.8705
vn -0.4246 -0.1971 0.8837
vn -0.4414 -0.2539 0.8607
vn -0.5587 -0.3258 0.7627
vn -0.6013 -0.3151 0.7343
vn -0.6015 -0.2247 0.7666
vn -0.5575 -0.2047 0.8045
vn -0.6447 0.7444 0.1741
vn -0.6662 0.7077 0.2351
vn -0.6119 0.7194 0.3288
vn -0.5245 0.7044 0.4783
vn -0.3602 0.6444 0.6745
vn -0.3446 0.6106 0.7131
vn -0.2105 0.5191 0.8284
vn -0.0354 0.5875 0.8085
vn -0.2156 0.8050 0.5528
vn -0.2060 0.8028 0.5595
vn -0.2188 0.9529 0.2098
vn -0.1919 0.9813 0.0180
vn -0.3707 0.9243 -0.0909
vn -0.4691 0.8735 -0.1299
vn 0.4054 0.8482 0.3408
vn 0.3100 0.8800 0.3599
vn 0.3186 0.8854 0.3386
vn 0.0377 0.9336 0.3562
vn -0.0698 0.9241 0.3757
vn -0.6034 0.7123 0.3587
vn -0.7833 0.5138 0.3500
vn -0.9258 -0.3779 0.0065
vn 0.1142 -0.7995 0.5897
vn 0.4160 -0.9035 -0.1032
vn 0.4011 -0.9146 -0.0510
vn 0.4841 -0.7329 -0.4780
vn 0.4760 -0.7447 -0.4678
vn 0.4781 -0.8783 0.0034
vn 0.4731 -0.8767 0.0872
vn 0.4256 -0.7381 0.5236
vn -0.9192 0.2541 0.3007
vn -0.9352 0.2368 0.2632
vn -0.8468 0.4501 0.2836
vn -0.3783 0.6098 0.6964
vn 0.6937 0.0211 0.7200
vn 0.9072 -0.3598 0.2182
vn 0.9631 -0.2686 -0.0183
vn 0.9669 -0.2549 0.0102
vn 0.5704 -0.1027 0.8149
vn 0.4987 -0.0483 0.8654
vn 0.0035 0.0177 0.9998
vn 0.1211 -0.0428 0.9917
vn -0.7860 0.0251 0.6178
vn -0.7576 -0.0533 0.6506
vn -0.9790 -0.0150 0.2033
vn -0.9744 -0.0316 0.2225
vn -0.5570 0.0396 0.8296
vn -0.3843 -0.7786 0.4960
vn -0.4813 -0.7748 0.4099
vn -0.1541 -0.9865 -0.0555
vn 0.2868 -0.9529 0.0982
vn 0.5287 -0.8478 0.0418
vn 0.9463 -0.2644 0.1858
vn 0.9414 -0.2734 0.1974
vn 0.1266 0.5163 0.8470
vn 0.1802 0.5599 0.8087
vn 0.4450 0.5163 0.7317
vn 0.7836 0.2390 0.5735
vn 0.9426 0.0386 0.3318
vn 0.9028 -0.1917 0.3849
vn 0.6311 -0.2440 0.7363
vn 0.2559 -0.1546 0.9543
vn 0.4638 -0.8330 -0.3018
vn 0.6642 -0.6689 -0.3337
vn 0.8146 0.3687 -0.4478
vn 0.8074 0.3962 -0.4372
vn 0.5699 0.2076 -0.7950
vn 0.5167 0.2150 -0.8287
vn 0.3570 0.3244 -0.8760
vn 0.3560 0.3587 -0.8629
vn 0.6899 0.6302 0.3562
vn 0.5517 0.6487 0.5243
vn 0.1499 0.6344 0.7584
vn -0.2843 0.6082 0.7411
vn -0.6847 0.4242 0.5926
vn -0.8946 0.2704 0.3558
vn -0.9798 0.0699 0.1873
vn -0.9930 -0.0363 0.1122
vn -0.8491 -0.1199 -0.5145
vn -0.8248 -0.1439 -0.5468
vn -0.4956 -0.1428 -0.8567
vn -0.3646 -0.1741 -0.9147
vn 0.5784 -0.1483 -0.8022
vn 0.6949 -0.1912 -0.6932
vn 0.8640 -0.2381 -0.4436
vn 0.9000 -0.2888 -0.3264
vn -0.5544 0.1997 0.8079
vn -0.5416 0.1688 0.8235
vn -0.5862 0.1929 0.7868
vn -0.5995 0.1209 0.7912
vn -0.7134 0.2266 0.6631
vn -0.7089 0.2047 0.6750
vn -0.7395 0.5012 0.4494
vn -0.6492 0.6525 0.3909
vn 0.0700 -0.8727 -0.4832
vn 0.0956 -0.8962 -0.4332
vn 0.2203 -0.7610 -0.6102
vn 0.2667 -0.7045 -0.6576
vn 0.3976 -0.4249 -0.8132
vn 0.4190 -0.2928 -0.8595
vn 0.4180 -0.1435 -0.8970
vn 0.3697 -0.1221 -0.9211
vn -0.7626 0.4901 -0.4223
vn -0.7707 0.4460 -0.4551
vn -0.8286 0.3803 -0.4108
vn -0.8350 0.4333 -0.3392
vn -0.7366 0.6194 -0.2715
vn -0.7343 0.6237 -0.2679
vn -0.7783 0.5649 -0.2740
vn -0.8507 0.4546 -0.2640
vn -0.6378 -0.6567 0.4025
vn -0.6513 -0.6407 0.4067
vn -0.6470 -0.6442 0.4080
vn -0.7220 -0.5171 0.4598
vn -0.7378 -0.4904 0.4639
vn -0.8130 -0.2661 0.5179
vn -0.8323 -0.1607 0.5304
vn -0.8337 0.0092 0.5521
vn -0.4825 0.8067 -0.3412
vn -0.2600 0.8823 -0.3924
vn -0.1967 0.9207 -0.3372
vn -0.1103 0.9936 0.0224
vn -0.2807 0.5993 0.7497
vn -0.2655 0.5605 0.7844
vn -0.5098 0.6239 0.5923
vn -0.6007 0.6704 0.4356
vn -0.6925 0.7076 0.1407
vn -0.6746 0.7382 0.0027
vn -0.4881 0.8175 -0.3056
vn -0.5344 0.7746 -0.3382
vn -0.4231 0.6590 -0.6219
vn -0.4305 0.6216 -0.6544
vn -0.4653 0.7619 -0.4505
vn -0.4606 0.7651 -0.4500
vn -0.1074 0.6941 -0.7118
vn 0.0238 0.5753 -0.8176
vn 0.2218 0.7444 0.6299
vn 0.2572 0.6700 0.6963
vn 0.4595 0.5865 0.6670
vn 0.7301 0.4564 0.5086
vn 0.1577 -0.8949 -0.4175
vn -0.0799 -0.9012 -0.4259
vn -0.2462 -0.8869 -0.3910
vn -0.3606 -0.8654 -0.3478
vn -0.3478 -0.8791 -0.3259
vn -0.0741 -0.7216 0.6884
vn -0.1239 -0.7316 0.6704
vn -0.2197 -0.2891 0.9317
vn -0.1889 0.0599 0.9802
vn 0.2292 0.6324 0.7399
vn 0.3361 0.6994 0.6308
vn 0.4928 0.7450 0.4496
vn 0.5182 0.7276 0.4495
vn 0.5531 0.7139 0.4295
vn -0.1385 0.2336 -0.9624
vn 0.1238 0.2530 -0.9595
vn -0.6511 0.2720 -0.7086
vn -0.7034 0.2280 -0.6732
vn -0.9162 -0.0428 0.3983
vn -0.8160 -0.1492 0.5584
vn -0.3027 -0.2689 0.9144
vn 0.3452 -0.2211 0.9121
vn 0.9614 -0.0175 0.2745
vn 0.6535 0.5436 0.5267
vn 0.6215 0.5694 0.5380
vn 0.6168 0.5871 0.5242
vn 0.6811 0.5627 0.4685
vn 0.7808 0.5328 0.3264
vn 0.8470 0.4960 0.1914
vn 0.8558 0.5135 0.0623
vn 0.8700 0.4915 0.0383
vn 0.8508 0.5253 -0.0157
vn 0.8290 0.5567 -0.0540
vn 0.8304 0.5148 0.2133
vn 0.8747 0.4147 0.2508
vn 0.7546 0.0201 0.6559
vn 0.7641 0.0402 0.6439
vn 0.6308 -0.0343 0.7752
vn 0.6357 0.0387 0.7710
vn 0.5874 0.0263 0.8088
vn 0.6071 0.0531 0.7928
vn 0.8383 -0.5299 -0.1282
vn 0.8390 -0.4760 -0.2637
vn 0.7976 -0.4121 -0.4404
vn 0.4227 -0.2587 -0.8686
vn 0.2866 -0.2562 -0.9232
vn -0.6174 0.0025 -0.7866
vn -0.7381 -0.0104 -0.6746
vn -0.9072 -0.0146 -0.4204
vn -0.9516 -0.0552 -0.3022
vn -0.2977 0.9301 -0.2153
vn -0.3489 0.9125 -0.2134
vn -0.2568 0.9204 -0.2947
vn -0.1304 0.9362 -0.3263
vn -0.0763 0.9500 -0.3028
vn 0.5848 0.7054 -0.4006
vn 0.6828 0.5597 -0.4696
vn 0.9411 -0.0329 -0.3364
vn 0.8160 -0.4060 -0.4115
vn -0.2411 -0.7245 -0.6458
vn -0.2438 -0.7425 -0.6239
vn -0.1624 -0.8090 -0.5650
vn -0.1322 -0.8114 -0.5693
vn -0.2662 -0.7649 -0.5866
vn -0.4167 -0.7749 -0.4753
vn -0.8713 -0.4885 0.0471
vn -0.8796 -0.4648 0.1017
vn -0.6349 0.5208 0.5706
vn 0.4299 -0.8191 0.3799
vn 0.4166 -0.8206 0.3912
vn 0.4725 -0.7706 0.4277
vn 0.4205 -0.6656 0.6166
vn 0.5283 -0.5224 0.6694
vn 0.2659 -0.4240 0.8657
vn 0.3341 -0.3490 0.8756
vn 0.1993 -0.3135 0.9284
vn 0.2351 -0.2598 0.9366
vn 0.9634 -0.2084 0.1686
vn 0.8808 -0.2781 0.3833
vn 0.8873 -0.3054 0.3457
vn 0.5969 -0.5445 0.5893
vn 0.5732 -0.5414 0.6151
vn 0.4008 -0.4397 0.8038
vn 0.4450 -0.3742 0.8136
vn 0.3239 -0.3202 0.8903
vn 0.3661 -0.2548 0.8950
vn 0.8111 -0.5792 0.0812
vn 0.5414 -0.8395 0.0471
vn 0.5897 -0.8063 0.0468
vn 0.4438 -0.8952 0.0401
vn 0.4213 -0.9062 0.0368
vn 0.4302 -0.9026 0.0179
vn 0.5657 -0.8221 -0.0648
vn 0.6633 -0.7375 -0.1270
vn 0.7708 -0.6211 -0.1419
vn 0.4465 0.8934 -0.0492
vn 0.4036 0.9125 -0.0672
vn 0.6156 0.7852 -0.0673
vn 0.4796 0.8468 -0.2300
vn 0.4870 0.8363 -0.2518
vn 0.3364 0.8807 -0.3334
vn 0.0653 0.9336 -0.3524
vn -0.7660 0.6344 -0.1036
vn -0.9827 -0.1506 0.1074
vn -0.8444 -0.4092 -0.3457
vn -0.8933 -0.2422 -0.3787
vn -0.8708 -0.0391 -0.4901
vn -0.8394 0.0449 -0.5417
vn -0.7844 0.0060 -0.6202
vn -0.7712 0.0193 -0.6363
vn -0.6613 0.1017 -0.7432
vn -0.5923 0.1548 -0.7907
vn -0.4918 0.1765 -0.8527
vn -0.1452 0.5657 -0.8117
vn -0.3299 0.5986 -0.7299
vn -0.3265 0.6020 -0.7287
vn -0.5612 0.6123 -0.5569
vn -0.5505 0.6084 -0.5716
vn -0.7665 0.5682 -0.2992
vn -0.7662 0.5525 -0.3283
vn -0.8524 0.5155 -0.0876
vn -0.8528 0.5147 -0.0888
vn -0.5686 0.1920 0.7999
vn -0.6878 -0.1026 0.7187
vn -0.4943 -0.3846 0.7796
vn -0.1164 0.2305 0.9661
vn -0.0199 0.3483 0.9372
vn -0.4196 0.2026 0.8848
vn -0.3581 0.2174 0.9080
vn -0.6283 0.0854 0.7733
vn -0.6343 0.0665 0.7703
vn -0.4669 0.6180 0.6325
vn -0.4541 0.5616 0.6917
vn -0.4871 0.4645 0.7396
vn -0.4899 0.4554 0.7434
vn -0.4710 0.6119 0.6354
vn -0.4720 0.6335 0.6131
vn -0.5963 0.5314 0.6017
vn -0.6539 0.4583 0.6020
vn -0.6611 0.4228 0.6198
vn -0.9442 0.0304 -0.3279
vn -0.9383 0.0700 -0.3386
vn -0.8245 0.1390 -0.5485
vn -0.8122 0.1347 -0.5676
vn -0.4844 -0.0557 -0.8731
vn -0.4827 -0.0916 -0.8710
vn 0.0718 -0.0477 -0.9963
vn -0.0046 -0.0729 -0.9973
vn 0.3206 0.0173 -0.9471
vn -0.0267 -0.0207 -0.9994
vn -0.0170 -0.0208 -0.9996
vn -0.0159 -0.0298 -0.9994
vn -0.1140 -0.9934 -0.0113
vn -0.1239 -0.9888 0.0828
vn -0.8495 -0.3094 0.4274
vn -0.7122 -0.4397 0.5472
vn -0.2831 -0.9591 0.0056
vn -0.0589 -0.9975 -0.0389
vn 0.1576 0.7528 0.6391
vn 0.1774 0.7281 0.6621
vn 0.1789 0.6519 0.7369
vn 0.3657 0.5156 0.7749
vn 0.6305 0.6876 0.3601
vn 0.7775 0.5841 -0.2328
vn 0.2444 0.9603 -0.1344
vn -0.0614 0.9894 -0.1313
vn -0.4040 0.8942 -0.1927
vn -0.4190 0.8750 -0.2426
vn -0.5550 0.6075 0.5682
vn -0.5489 0.5711 0.6104
vn -0.5180 0.1883 0.8344
vn -0.5268 -0.0298 0.8494
vn -0.3214 -0.7164 0.6193
vn -0.2561 -0.7892 0.5582
vn -0.1682 -0.8136 0.5566
vn -0.0073 -0.8472 0.5312
vn 0.1745 -0.8289 0.5315
vn 0.4310 -0.7921 0.4324
vn 0.9121 0.0736 -0.4034
vn 0.9052 -0.0261 -0.4242
vn 0.5947 -0.0375 -0.8031
vn 0.0247 -0.0280 -0.9993
vn -0.9196 0.0848 -0.3836
vn -0.9800 0.0521 -0.1919
vn -0.4727 -0.0329 0.8806
vn -0.2262 -0.5819 0.7812
vn 0.2067 -0.7831 0.5865
vn -0.1428 -0.9881 0.0570
vn 0.1675 0.1950 -0.9664
vn 0.1202 0.2123 -0.9698
vn -0.1732 -0.1305 -0.9762
vn -0.1007 -0.2038 -0.9738
vn 0.0519 -0.9766 -0.2089
vn 0.3182 -0.9330 0.1680
vn -0.3086 -0.4269 0.8500
vn -0.5648 -0.1478 0.8119
vn -0.8989 0.1421 0.4145
vn -0.6979 -0.1117 0.7075
vn -0.7646 0.5947 -0.2485
vn -0.8394 0.3546 -0.4118
vn -0.7857 0.4548 -0.4193
vn -0.7303 0.2281 -0.6440
vn -0.5961 0.3664 -0.7144
vn -0.3598 0.1083 -0.9267
vn -0.0272 0.0806 -0.9964
vn 0.4894 -0.1604 -0.8572
vn 0.6185 -0.0753 -0.7821
vn 0.6587 -0.1370 -0.7398
vn -0.5418 -0.0461 -0.8392
vn -0.5214 -0.2174 -0.8251
vn -0.5112 -0.3103 -0.8014
vn -0.4498 -0.6142 -0.6484
vn -0.4176 -0.6806 -0.6020
vn -0.2222 -0.9184 -0.3275
vn 0.7609 -0.5479 0.3476
vn 0.9170 -0.1830 0.3544
vn 0.9794 -0.0976 0.1768
vn 0.9796 -0.1028 0.1728
vn 0.1698 -0.7159 0.6773
vn 0.2253 -0.6912 0.6867
vn 0.3231 -0.5987 0.7329
vn 0.4201 -0.5293 0.7371
vn 0.6695 -0.5446 0.5052
vn 0.6082 -0.5012 0.6155
vn 0.6273 -0.5423 0.5590
vn 0.5032 -0.5630 0.6556
vn 0.4213 -0.6656 0.6160
vn 0.4457 -0.6972 0.5615
vn 0.8591 0.5061 -0.0763
vn 0.9590 0.2823 -0.0235
vn 0.9187 0.3935 -0.0357
vn 0.9369 0.3378 -0.0900
vn 0.9147 0.2790 -0.2924
vn 0.9084 0.0105 -0.4179
vn 0.9218 -0.2323 -0.3105
vn 0.8656 -0.3793 -0.3269
vn 0.3012 -0.2641 -0.9163
vn -0.1559 -0.2150 -0.9641
vn -0.6442 -0.6067 0.4657
vn -0.5193 -0.6361 0.5706
vn -0.4989 -0.6080 0.6176
vn -0.2735 -0.4972 0.8234
vn -0.1236 -0.3765 0.9181
vn -0.0350 -0.3189 0.9471
vn -0.0145 -0.1805 0.9835
vn -0.0109 -0.0617 0.9980
vn 0.0206 0.0610 0.9979
vn 0.0088 0.0624 0.9980
vn -0.9868 0.0800 0.1405
vn -0.9535 -0.2918 0.0753
vn -0.8468 -0.5269 0.0728
vn -0.7673 -0.6399 0.0432
vn -0.7014 -0.7102 0.0606
vn -0.6774 -0.7324 0.0687
vn -0.6721 -0.7388 0.0494
vn -0.7624 -0.6457 -0.0418
vn -0.8326 -0.5432 -0.1082
vn -0.9042 -0.4098 -0.1200
vn -0.9000 0.4331 0.0498
vn -0.8856 0.4633 0.0312
vn -0.8261 0.5625 0.0327
vn -0.9137 0.3924 0.1058
vn -0.5079 -0.8602 0.0464
vn -0.2402 -0.9704 0.0261
vn 0.0653 -0.9968 0.0469
vn 0.4013 -0.9156 -0.0234
vn 0.9833 0.0843 -0.1614
vn 0.3366 0.9250 -0.1764
vn 0.2016 0.9448 -0.2584
vn 0.2167 0.9754 0.0404
vn 0.5121 0.8312 0.2164
vn 0.4812 0.8049 0.3473
vn 0.8601 0.5080 0.0460
vn 0.7413 0.6647 0.0934
vn 0.7816 0.4883 -0.3883
vn 0.8243 0.4817 0.2974
vn 0.2456 0.9653 -0.0884
vn 0.3879 0.1045 0.9158
vn 0.3581 0.1705 0.9180
vn 0.4240 0.8890 -0.1729
vn 0.3675 0.9174 -0.1524
vn 0.3145 0.9426 0.1117
vn 0.2283 0.9369 0.2647
vn -0.1624 0.6864 0.7088
vn -0.5280 0.4989 0.6873
vn -0.8573 0.0547 0.5119
vn -0.9486 -0.3165 0.0052
vn -0.9034 -0.4050 -0.1412
vn -0.6020 -0.5869 -0.5415
vn -0.6021 -0.5868 -0.5414
vn -0.2995 -0.5132 -0.8043
vn -0.8764 -0.2326 -0.4217
vn -0.9969 0.0718 0.0329
vn -0.9580 0.1725 0.2290
vn -0.2226 0.5688 0.7918
vn 0.2229 0.6077 0.7622
vn 0.3168 0.6864 0.6546
vn 0.6066 0.4754 0.6372
vn 0.8484 0.0679 0.5249
vn 0.8130 -0.5654 0.1391
vn 0.7775 -0.5260 0.3449
vn 0.8816 -0.4503 0.1419
vn 0.8092 0.5255 0.2629
vn 0.8126 0.5138 0.2753
vn 0.3540 0.9083 0.2228
vn 0.3094 0.8681 0.3881
vn -0.0077 0.8585 0.5128
vn -0.9347 0.2311 0.2700
vn -0.9956 -0.0469 0.0815
vn -0.7602 -0.5494 -0.3468
vn -0.2822 -0.7230 -0.6306
vn -0.2496 -0.5168 -0.8190
vn 0.8537 -0.0032 -0.5208
vn 0.8625 -0.0085 -0.5060
vn 0.5943 0.6173 -0.5155
vn 0.4392 0.7653 -0.4706
vn -0.3140 0.9479 -0.0549
vn -0.5971 0.7285 0.3359
vn -0.6239 0.3167 0.7144
vn -0.4054 0.2769 0.8712
vn -0.2889 0.2472 0.9249
vn -0.1823 0.4178 0.8901
vn -0.0824 0.3724 0.9244
vn -0.1236 0.3552 0.9266
vn -0.2896 0.0016 0.9571
vn -0.5483 -0.2101 0.8094
vn -0.6879 -0.2906 0.6651
vn -0.7996 -0.0064 0.6005
vn -0.7916 0.2507 0.5572
vn -0.4994 0.7607 0.4147
vn 0.1749 0.9423 0.2854
vn 0.5711 0.8184 -0.0642
vn 0.8729 0.4513 -0.1854
vn 0.9229 0.0352 -0.3833
vn -0.1098 0.9787 0.1736
vn -0.4160 0.8959 0.1559
vn -0.5094 0.8480 0.1465
vn -0.0532 0.9831 0.1749
vn 0.4653 0.8699 0.1635
vn 0.5122 0.8407 0.1760
vn 0.4252 0.8850 0.1898
vn -0.4379 0.8812 0.1781
vn -0.5030 0.6698 0.5462
vn -0.1391 0.2547 0.9570
vn 0.2111 0.1119 0.9710
vn 0.9154 -0.2692 0.2992
vn 0.6784 -0.2772 0.6804
vn 0.5597 -0.3766 0.7382
vn 0.0083 -0.2871 0.9579
vn -0.6214 -0.2152 0.7534
vn -0.8429 0.0141 0.5379
vn -0.9041 0.2581 -0.3406
vn -0.6986 0.4113 -0.5854
vn 0.2228 0.1568 -0.9622
vn 0.6178 0.0805 -0.7822
vn 0.9622 -0.2233 -0.1556
vn -0.9911 0.0274 -0.1299
vn -0.5982 0.2363 -0.7657
vn -0.2009 0.2112 -0.9566
vn 0.7640 0.2238 -0.6051
vn 0.9308 0.0227 -0.3649
vn 0.8328 -0.2010 0.5158
vn 0.5669 -0.3675 0.7373
vn -0.0554 -0.2789 0.9587
vn -0.6167 -0.2258 0.7541
vn -0.7083 -0.0993 0.6989
vn -0.9456 -0.0304 0.3238
vn 0.2559 -0.3497 0.9012
vn 0.3858 -0.3342 0.8599
vn 0.4685 -0.2912 0.8341
vn 0.5973 -0.2459 0.7634
vn 0.6403 -0.1920 0.7437
vn 0.7990 0.2268 0.5569
vn 0.7827 0.3104 0.5394
vn 0.8484 0.4966 0.1834
vn 0.8235 0.5462 0.1530
vn 0.6396 0.7686 -0.0097
vn 0.6078 0.7939 -0.0183
vn 0.6633 -0.5381 0.5200
vn 0.7158 -0.4267 0.5528
vn 0.7314 -0.1433 0.6667
vn 0.7193 -0.0970 0.6879
vn 0.4227 0.1258 0.8975
vn 0.4831 0.0866 0.8713
vn 0.1296 0.3295 0.9352
vn 0.1945 0.1914 0.9620
vn 0.4032 -0.4977 0.7679
vn 0.6590 -0.2725 0.7011
vn 0.6187 0.0421 0.7845
vn -0.1607 0.9850 0.0622
vn -0.1788 0.9816 0.0665
vn -0.2361 0.9654 0.1106
vn -0.2534 0.9603 0.1169
vn -0.2943 0.9414 0.1649
vn -0.2439 0.9602 0.1362
vn -0.1196 0.9914 0.0526
vn -0.2027 0.9753 0.0874
vn -0.3878 0.7988 0.4598
vn -0.4760 0.7743 0.4171
vn -0.4897 0.4572 0.7424
vn 0.1442 -0.9535 -0.2648
vn -0.4686 -0.4758 -0.7444
vn -0.7320 -0.0941 -0.6747
vn -0.6724 -0.1307 -0.7286
vn -0.5967 -0.6222 -0.5068
vn -0.1413 -0.9737 -0.1786
vn -0.1633 -0.9835 -0.0775
vn -0.0704 -0.9947 -0.0744
vn 0.3970 -0.8945 -0.2053
vn 0.6437 -0.7418 -0.1881
vn 0.5727 -0.7736 -0.2712
vn -0.5968 -0.4724 -0.6485
vn -0.5823 -0.3746 -0.7216
vn -0.5627 -0.3330 -0.7566
vn -0.5399 -0.1550 -0.8273
vn -0.3792 0.0998 -0.9199
vn -0.2919 0.2088 -0.9334
vn -0.0321 0.1936 -0.9806
vn 0.0534 0.2171 -0.9747
vn 0.3074 0.2843 -0.9081
vn 0.4442 0.2878 -0.8484
vn 0.5539 0.2420 -0.7967
vn 0.4655 0.8407 0.2765
vn 0.7285 0.5973 0.3355
vn 0.6992 0.5912 0.4020
vn 0.9559 -0.0548 0.2885
vn 0.8039 -0.5905 0.0704
vn 0.2943 -0.8570 -0.4231
vn 0.1879 -0.8361 -0.5155
vn 0.0481 -0.8138 -0.5792
vn 0.0552 -0.8084 -0.5860
vn 0.0980 -0.7579 -0.6449
vn 0.0977 -0.7413 -0.6640
vn 0.6699 0.7285 -0.1435
vn 0.6621 0.6809 -0.3132
vn 0.5705 0.7074 -0.4173
vn 0.4030 0.5923 -0.6977
vn 0.0406 0.5572 -0.8294
vn -0.0594 0.5002 -0.8638
vn -0.2886 0.4642 -0.8374
vn -0.3673 0.5064 -0.7802
vn -0.5136 0.5159 -0.6856
vn -0.6633 0.5630 -0.4930
vn -0.6784 0.5720 -0.4611
vn -0.7661 0.6165 -0.1815
vn -0.0200 0.8612 0.5079
vn -0.5635 0.6175 0.5489
vn -0.4605 0.2324 0.8567
vn -0.1083 -0.4753 0.8731
vn -0.0050 -0.5242 0.8516
vn 0.0243 0.2562 0.9663
vn 0.0233 0.3371 0.9412
vn 0.0228 0.6422 0.7662
vn -0.0078 0.6199 0.7846
vn -0.0386 0.4639 0.8851
vn -0.0439 0.4265 0.9034
vn 0.1014 0.2978 0.9492
vn 0.7173 0.5110 0.4736
vn 0.7274 0.4959 0.4742
vn 0.6876 0.5072 0.5195
vn 0.7251 0.4504 0.5210
vn 0.6228 0.5113 0.5922
vn 0.6738 0.3459 0.6530
vn 0.4914 0.3798 0.7838
vn 0.5075 -0.0046 0.8616
vn -0.0811 -0.2562 0.9632
vn -0.6296 -0.6031 0.4898
vn -0.8226 -0.5266 0.2145
vn -0.8084 -0.5479 0.2150
vn -0.2971 -0.6322 -0.7155
vn -0.2571 -0.6116 -0.7483
vn -0.1615 -0.6216 -0.7665
vn -0.0478 -0.5614 -0.8262
vn 0.1927 -0.4423 -0.8759
vn 0.3152 -0.3938 -0.8634
vn 0.4165 -0.4050 -0.8139
vn 0.5068 -0.3495 -0.7880
vn 0.6373 -0.2895 -0.7142
vn 0.7616 -0.1517 -0.6300
vn 0.8210 0.0048 -0.5709
vn 0.8272 0.1200 -0.5490
vn -0.0733 0.8449 0.5299
vn -0.0915 0.8061 0.5847
vn -0.1028 0.8041 0.5856
vn -0.1505 0.7170 0.6807
vn -0.2262 0.6751 0.7022
vn -0.4382 0.5080 0.7416
vn -0.5373 0.3962 0.7445
vn -0.7050 0.2414 0.6669
vn -0.6244 0.2992 0.7215
vn -0.2262 0.5670 0.7920
vn -0.1794 0.6286 0.7567
vn -0.2522 0.6626 0.7053
vn -0.1095 -0.4760 0.8726
vn 0.1076 -0.4235 0.8995
vn 0.6686 -0.4069 0.6224
vn 0.8130 -0.2270 0.5362
vn 0.6050 -0.6623 0.4420
vn 0.5145 -0.6435 0.5667
vn 0.3420 -0.6227 0.7038
vn 0.2872 -0.5865 0.7573
vn 0.0289 -0.5692 0.8217
vn 0.0310 -0.6076 0.7937
vn -0.3098 -0.6332 0.7093
vn -0.2945 -0.6684 0.6830
vn -0.5307 -0.6310 0.5658
vn -0.9023 0.3545 0.2454
vn -0.9347 0.0978 0.3416
vn -0.9489 0.2306 0.2156
vn -0.6600 0.7193 -0.2167
vn -0.1336 0.9769 -0.1668
vn 0.1401 0.9806 0.1370
vn 0.2875 0.9503 0.1192
vn 0.3288 0.9344 0.1372
vn 0.6878 0.7151 0.1246
vn 0.8501 0.5143 0.1129
vn 0.9435 -0.3213 0.0811
vn 0.9172 -0.3841 0.1060
vn 0.2929 -0.9525 0.0836
vn 0.5779 0.7647 0.2852
vn 0.6110 0.7557 0.2359
vn 0.5487 0.7816 -0.2968
vn 0.3967 0.6593 -0.6388
vn 0.3174 0.6147 -0.7221
vn 0.8550 0.5049 0.1184
vn 0.7755 0.3102 0.5499
vn 0.9702 0.2091 0.1226
vn 0.9448 0.3122 0.0997
vn 0.7641 0.6136 -0.1989
vn 0.4004 0.8094 -0.4296
vn 0.2596 0.8034 -0.5358
vn -0.3034 -0.7652 0.5679
vn -0.3140 -0.8093 0.4964
vn -0.1882 -0.9626 0.1949
vn -0.1839 -0.9739 0.1331
vn 0.0879 -0.9960 -0.0149
vn 0.1207 -0.9908 -0.0617
vn -0.2604 -0.7163 -0.6474
vn -0.4101 -0.7117 -0.5704
vn -0.3709 -0.8978 -0.2376
vn -0.2648 -0.7907 0.5520
vn -0.4033 -0.5004 0.7662
vn -0.1027 0.5961 0.7963
vn -0.0999 0.7730 0.6265
vn 0.1849 0.3107 0.9324
vn 0.2740 0.2632 0.9250
vn 0.2814 0.3020 0.9108
vn 0.4336 0.3348 0.8366
vn 0.5278 0.3864 0.7564
vn 0.6671 0.3987 0.6293
vn 0.7386 0.4633 0.4897
vn 0.8528 0.4237 0.3053
vn 0.9130 0.3819 0.1437
vn 0.9419 0.3283 0.0709
vn 0.9458 0.3178 0.0670
vn 0.9523 0.3002 0.0545
vn 0.9563 0.2693 0.1139
vn 0.5484 -0.5246 0.6512
vn 0.6198 -0.3823 0.6853
vn 0.6540 -0.2994 0.6947
vn 0.7046 -0.0104 0.7096
vn 0.7029 0.0059 0.7113
vn 0.6544 0.3569 0.6666
vn 0.6224 0.3931 0.6768
vn 0.4902 0.6064 0.6261
vn 0.3405 0.7154 0.6101
vn 0.3894 0.6480 0.6546
vn 0.3841 0.6587 0.6470
vn 0.5830 0.3689 0.7239
vn 0.7177 0.2276 0.6581
vn -0.4392 0.8983 -0.0091
vn -0.5182 0.8539 0.0474
vn -0.6984 0.6810 0.2203
vn -0.7432 0.6560 0.1317
vn -0.9089 0.3930 0.1396
vn -0.9668 0.2067 0.1500
vn -0.9820 -0.0003 0.1890
vn -0.9865 0.1282 0.1016
vn -0.9847 0.1543 0.0805
vn -0.9556 0.2716 0.1146
vn -0.9493 0.2809 0.1410
vn -0.8004 0.3621 0.4778
vn -0.7509 0.3706 0.5467
vn -0.7991 0.1818 0.5730
vn -0.6006 -0.2780 -0.7496
vn -0.9875 0.0573 -0.1467
vn -0.4661 -0.2706 -0.8423
vn -0.5185 -0.2895 -0.8046
vn -0.3935 -0.4650 -0.7931
vn -0.6499 -0.5636 -0.5098
vn -0.8016 -0.5430 -0.2502
vn -0.8146 -0.5003 0.2935
vn -0.8455 -0.4057 0.3472
vn -0.8872 -0.0562 0.4579
vn -0.8566 -0.0462 0.5139
vn -0.9627 0.1642 0.2151
vn -0.7685 -0.2291 0.5975
vn -0.7792 -0.0066 0.6267
vn -0.7537 -0.1391 0.6424
vn -0.7436 0.2304 0.6277
vn -0.7011 0.1472 0.6977
vn -0.6042 0.5744 0.5522
vn -0.5646 0.5014 0.6555
vn -0.4740 0.7105 0.5202
vn -0.3707 0.7479 0.5507
vn -0.2890 0.7875 0.5443
vn -0.2376 0.7138 0.6588
vn -0.2531 0.6807 0.6874
vn -0.2928 0.6884 0.6636
vn -0.9012 -0.3525 0.2520
vn -0.8960 -0.3616 0.2578
vn -0.9162 -0.3757 0.1393
vn -0.9762 -0.2155 0.0257
vn -0.9940 -0.0363 -0.1031
vn -0.9416 0.3242 -0.0913
vn -0.9421 0.3251 -0.0818
vn -0.7382 0.6742 -0.0222
vn -0.7421 0.6703 -0.0058
vn -0.5799 0.8146 0.0113
vn -0.6684 0.7426 0.0426
vn -0.6001 0.7995 0.0253
vn -0.7426 0.6655 0.0753
vn 0.6100 0.3076 0.7302
vn 0.6693 0.6252 0.4014
vn 0.5919 0.6680 0.4511
vn 0.4445 0.8924 0.0783
vn 0.3684 0.9285 0.0461
vn 0.4827 0.8666 0.1266
vn 0.5275 0.8355 0.1541
vn 0.4914 0.8643 0.1070
vn 0.4759 0.8737 0.1012
vn 0.4565 0.8839 -0.1014
vn 0.2195 0.8766 -0.4282
vn 0.1045 0.8599 -0.4997
vn -0.0525 0.9062 -0.4196
vn 0.1569 0.9358 -0.3157
vn -0.4059 0.8964 0.1781
vn -0.7966 0.5944 0.1097
vn -0.7061 0.6920 0.1500
vn -0.8350 0.5147 0.1946
vn -0.7040 0.6147 0.3558
vn -0.6187 0.6751 0.4018
vn -0.5307 0.6125 0.5858
vn -0.6074 0.5723 0.5509
vn -0.4474 0.8378 0.3130
vn -0.5855 0.7134 0.3851
vn -0.4841 0.8682 0.1093
vn -0.4534 0.8909 0.0258
vn -0.4420 0.8071 -0.3915
vn -0.3969 0.8021 -0.4462
vn -0.4825 0.4821 -0.7313
vn 0.7959 0.3092 0.5205
vn 0.8046 0.3004 0.5122
vn 0.8391 0.2157 0.4994
vn 0.8646 0.1993 0.4613
vn 0.9927 0.0358 0.1156
vn 0.9957 0.0254 0.0891
vn 0.9939 -0.0954 0.0545
vn 0.9897 -0.1212 0.0757
vn 0.9557 -0.2449 0.1636
vn 0.9914 -0.0404 0.1243
vn 0.9813 0.1546 0.1149
vn 0.8859 0.4506 0.1103
vn 0.8510 0.4856 0.2000
vn 0.7149 0.6985 0.0313
vn 0.6479 0.7613 -0.0233
vn -0.8096 0.5819 0.0767
vn -0.7939 0.6080 -0.0011
vn -0.5954 0.5737 -0.5625
vn -0.2416 0.4492 -0.8601
vn 0.0879 0.1906 -0.9777
vn 0.4591 0.0738 -0.8853
vn 0.7063 0.0161 -0.7077
vn 0.8356 0.1319 -0.5333
vn 0.9553 0.2926 -0.0432
vn 0.6834 0.6543 0.3239
vn -0.2507 0.6561 0.7118
vn -0.3844 0.6665 0.6388
vn -0.9739 0.0761 0.2140
vn -0.7186 0.4634 0.5184
vn -0.9466 -0.3048 -0.1049
vn 0.3477 0.9371 0.0294
vn 0.3914 0.9176 0.0701
vn 0.4066 0.9064 0.1142
vn 0.3491 0.8153 0.4621
vn 0.3082 -0.4486 0.8389
vn 0.1200 -0.7891 0.6024
vn 0.1142 -0.9912 -0.0663
vn -0.0465 -0.9793 -0.1972
vn -0.2500 -0.9501 -0.1864
vn -0.3388 -0.9334 0.1181
vn -0.2997 -0.9453 0.1287
vn -0.0177 -0.9919 0.1257
vn -0.0207 -0.9844 0.1746
vn 0.1362 -0.8579 0.4954
vn 0.1372 -0.8089 0.5717
vn -0.6347 -0.2031 0.7456
vn -0.6543 -0.1456 0.7421
vn -0.5787 -0.2009 0.7904
vn -0.6272 -0.1149 0.7704
vn -0.6286 -0.0832 0.7733
vn -0.6528 0.0337 0.7567
vn -0.6561 0.3796 0.6522
vn -0.6383 0.4705 0.6092
vn -0.6118 0.6587 0.4380
vn -0.5936 0.7115 0.3760
vn -0.5710 0.7739 0.2740
vn -0.7540 0.6019 0.2631
vn -0.7467 0.6277 0.2199
vn -0.8899 0.4169 0.1853
vn -0.8771 0.4537 0.1580
vn -0.6063 -0.6082 0.5124
vn -0.5106 -0.7125 0.4812
vn -0.4097 -0.7362 0.5387
vn -0.3611 -0.6982 0.6182
vn -0.2978 -0.6445 0.7042
vn -0.3191 -0.6030 0.7311
vn -0.3300 -0.5865 0.7397
vn -0.3532 -0.5725 0.7399
vn -0.4188 -0.5056 0.7543
vn -0.4674 -0.4289 0.7730
vn -0.5006 -0.2912 0.8152
vn -0.4073 -0.3229 0.8543
vn -0.4065 -0.3157 0.8574
vn -0.3967 -0.3706 0.8398
vn -0.4637 -0.2732 0.8428
vn -0.5344 0.8438 -0.0500
vn -0.5692 0.8209 -0.0453
vn -0.8010 0.5926 0.0852
vn -0.8304 0.5446 0.1176
vn -0.8018 0.4074 0.4372
vn -0.8098 0.3044 0.5016
vn -0.7209 -0.1880 0.6670
vn -0.6768 -0.2431 0.6948
vn -0.5584 -0.2873 0.7782
vn -0.4573 -0.2765 0.8452
vn -0.1192 -0.0755 0.9900
vn 0.0311 0.0056 0.9995
vn 0.2939 0.0313 0.9553
vn 0.3299 0.0469 0.9429
vn 0.4208 0.0701 0.9044
vn -0.1921 -0.9806 -0.0391
vn -0.2791 -0.9598 0.0284
vn -0.3377 -0.9404 0.0395
vn -0.3233 -0.9442 0.0628
vn -0.2443 -0.9681 0.0559
vn -0.2050 -0.9776 0.0481
vn -0.1057 -0.9944 0.0088
vn -0.2705 -0.9617 -0.0438
vn -0.9577 -0.2053 -0.2018
vn -0.7648 -0.6188 -0.1794
vn -0.7800 -0.5533 -0.2925
vn 0.0848 -0.9907 -0.1063
vn -0.6685 -0.4460 -0.5951
vn 0.3854 -0.9221 0.0360
vn -0.6627 0.5851 -0.4673
vn -0.7892 -0.6039 0.1115
vn -0.8226 -0.5353 0.1918
vn -0.8819 -0.3856 0.2712
vn -0.8697 -0.2571 0.4213
vn -0.8251 -0.0555 0.5622
vn -0.5558 0.0886 0.8266
vn 0.4062 0.4108 0.8162
vn 0.8794 0.2956 0.3733
vn 0.9536 0.0890 -0.2877
vn 0.9447 0.0191 -0.3274
vn 0.8821 -0.0746 -0.4652
vn 0.8997 -0.0870 -0.4277
vn 0.7689 -0.1374 -0.6244
vn 0.6063 -0.2482 -0.7555
vn 0.5273 -0.2134 -0.8225
vn 0.4203 -0.3514 -0.8366
vn -0.6619 0.2893 -0.6915
vn -0.6046 0.1450 -0.7832
vn -0.5848 0.1258 -0.8014
vn -0.4951 0.0090 -0.8688
vn -0.4535 -0.0065 -0.8912
vn -0.3386 -0.0883 -0.9368
vn 0.0445 -0.4433 -0.8953
vn 0.2779 -0.4993 -0.8206
vn 0.7456 -0.6528 -0.1338
vn 0.8502 -0.5247 0.0427
vn 0.7466 -0.3677 0.5544
vn 0.6425 -0.4092 0.6479
vn 0.7707 -0.4502 0.4509
vn 0.7684 -0.4358 0.4687
vn 0.1336 0.6757 0.7250
vn -0.5637 0.7085 0.4247
vn -0.8562 0.4979 0.1376
vn -0.8462 0.5271 0.0780
vn -0.8352 0.5425 0.0903
vn -0.8288 0.5516 0.0940
vn -0.7856 0.5961 0.1659
vn -0.7129 0.6210 0.3258
vn -0.5878 0.6301 0.5073
vn -0.5311 0.5491 0.6453
vn -0.3964 0.5021 0.7686
vn -0.3160 0.4286 0.8464
vn -0.1748 0.3592 0.9168
vn -0.1964 0.3382 0.9204
vn -0.1078 0.3742 0.9211
vn -0.0681 0.3815 0.9219
vn 0.0627 0.4034 0.9129
vn 0.2128 0.3796 0.9003
vn -0.1719 0.1935 0.9659
vn -0.3410 0.2173 0.9146
vn -0.3300 0.2342 0.9145
vn -0.5216 0.3406 0.7823
vn -0.4665 0.3857 0.7960
vn -0.4404 0.5519 0.7081
vn -0.3335 0.5810 0.7424
vn -0.2857 0.5634 0.7752
vn -0.1947 0.4737 0.8589
vn -0.3362 0.1895 0.9225
vn -0.5256 0.2033 0.8261
vn -0.6018 0.5537 0.5756
vn -0.5455 0.6479 0.5317
vn -0.4225 0.6714 0.6088
vn -0.3490 0.6737 0.6514
vn -0.2472 0.6495 0.7191
vn -0.9610 -0.2719 0.0498
vn -0.9264 -0.3151 0.2064
vn -0.9041 -0.2760 0.3264
vn -0.8679 -0.1928 0.4579
vn -0.8346 -0.3560 0.4203
vn -0.8000 -0.3870 0.4584
vn -0.6836 -0.6142 0.3943
vn -0.6485 -0.5828 0.4897
vn -0.5537 -0.6003 0.5771
vn -0.5470 -0.5398 0.6399
vn -0.5916 -0.4757 0.6510
vn -0.6320 -0.3459 0.6934
vn -0.7309 -0.1594 0.6636
vn -0.7787 0.0670 0.6238
vn -0.7545 0.3436 0.5592
vn -0.7010 0.4582 0.5464
vn -0.7367 -0.5460 -0.3990
vn -0.6953 -0.6237 -0.3572
vn -0.5613 -0.6997 -0.4419
vn -0.5526 -0.7559 -0.3512
vn -0.2952 -0.7985 -0.5246
vn -0.3210 -0.8114 -0.4885
vn -0.0129 -0.7468 -0.6650
vn -0.0714 -0.7826 -0.6184
vn 0.1943 -0.8365 -0.5124
vn 0.2262 -0.8463 -0.4822
vn 0.3415 -0.8422 -0.4173
vn 0.4373 -0.7650 -0.4727
vn 0.5167 -0.6976 -0.4964
vn 0.6507 -0.4869 -0.5827
vn 0.7140 -0.3462 -0.6086
vn 0.7577 -0.1349 -0.6386
vn 0.9747 0.2209 0.0326
vn 0.9744 0.2224 0.0335
vn 0.9721 0.2231 0.0725
vn 0.9686 0.2306 0.0928
vn 0.9547 0.2217 0.1987
vn 0.9368 0.1840 0.2974
vn 0.8556 0.0546 0.5147
vn 0.6713 -0.1044 0.7338
vn 0.3884 -0.2738 0.8799
vn 0.3893 -0.3540 0.8504
vn 0.4807 -0.4515 0.7517
vn 0.5228 -0.4518 0.7229
vn 0.5733 -0.2432 0.7824
vn 0.6019 0.0350 0.7978
vn 0.6107 0.1591 0.7757
vn 0.6124 0.1821 0.7693
vn 0.6029 0.2014 0.7720
vn -0.0985 -0.9910 -0.0904
vn -0.2179 -0.9632 -0.1572
vn -0.5442 -0.4544 -0.7053
vn -0.4566 -0.5093 -0.7294
vn -0.2635 0.0625 -0.9626
vn -0.0749 -0.4941 -0.8662
vn -0.0737 -0.6830 -0.7267
vn 0.3335 -0.5624 -0.7566
vn 0.8158 -0.2239 -0.5332
vn 0.8742 -0.3335 -0.3529
vn -0.0205 -0.9432 -0.3316
vn -0.1196 -0.9509 -0.2856
vn 0.3801 -0.8808 -0.2824
vn -0.3578 -0.8910 -0.2794
vn -0.7323 0.6807 0.0196
vn -0.9173 0.3460 0.1970
vn -0.6836 0.7298 0.0071
vn 0.9806 0.1855 -0.0640
vn 0.9806 0.1855 -0.0641
vn 0.8890 0.2648 -0.3736
vn 0.7852 0.2989 -0.5423
vn 0.3060 0.3773 -0.8741
vn -0.1520 0.4590 -0.8754
vn -0.8904 0.3332 -0.3101
vn -0.2996 0.6854 -0.6637
vn 0.5097 0.6447 -0.5697
vn 0.4130 0.7387 -0.5327
vn 0.4026 0.7558 -0.5164
vn -0.3244 0.9418 -0.0879
vn -0.2839 0.8962 0.3410
vn -0.2641 0.7172 0.6448
vn 0.2706 0.8748 0.4019
vn 0.6260 0.7770 -0.0663
vn 0.6946 0.6193 -0.3660
vn 0.7396 0.4434 -0.5064
vn 0.8289 0.4843 -0.2801
vn 0.8502 0.3574 -0.3865
vn 0.8482 0.1926 -0.4934
vn 0.8004 0.0512 -0.5972
vn 0.6683 0.0323 -0.7432
vn 0.5926 0.0113 -0.8054
vn 0.3997 0.1021 -0.9109
vn 0.2852 0.0213 -0.9582
vn -0.0091 -0.2313 -0.9728
vn -0.1050 -0.3198 -0.9416
vn -0.2749 -0.3108 -0.9098
vn -0.3791 -0.3935 -0.8375
vn -0.4993 -0.5147 -0.6970
vn -0.5074 -0.6234 -0.5949
vn -0.5604 -0.6721 -0.4840
vn -0.5900 -0.7155 -0.3740
vn -0.6169 -0.7228 -0.3112
vn -0.6262 -0.7368 -0.2549
vn -0.6215 -0.7396 -0.2582
vn -0.6534 0.0166 0.7568
vn -0.6808 -0.1176 0.7230
vn -0.5952 -0.3269 0.7341
vn -0.5721 -0.4859 0.6608
vn -0.3550 -0.7798 0.5157
vn -0.2413 -0.8921 0.3820
vn -0.2087 -0.9009 0.3805
vn -0.2333 -0.8038 0.5472
vn -0.1416 -0.6837 0.7159
vn 0.0536 -0.6026 0.7962
vn 0.1519 -0.6059 0.7809
vn 0.1941 -0.6220 0.7586
vn 0.2022 -0.6278 0.7516
vn 0.2629 -0.6505 0.7125
vn 0.3044 -0.6734 0.6737
vn 0.4182 -0.7264 0.5455
vn 0.4556 -0.7501 0.4794
vn 0.4876 -0.7773 0.3976
vn 0.4823 -0.7790 0.4007
vn -0.9235 0.1373 -0.3581
vn -0.9085 0.2054 -0.3639
vn -0.8561 0.2850 -0.4310
vn -0.8158 0.3251 -0.4783
vn -0.7940 0.3153 -0.5197
vn -0.7912 0.3270 -0.5167
vn -0.6808 0.3683 -0.6331
vn -0.6006 0.3830 -0.7018
vn -0.3313 0.4008 -0.8542
vn -0.3342 0.4013 -0.8528
vn -0.0109 0.4122 -0.9110
vn 0.0945 0.4398 -0.8931
vn 0.4112 0.4815 -0.7740
vn 0.4468 0.5044 -0.7388
vn 0.6810 0.4556 -0.5733
vn 0.6694 0.4545 -0.5877
vn 0.8757 0.3611 -0.3207
vn 0.8706 0.3459 -0.3497
vn 0.9512 0.2880 -0.1112
vn 0.9513 0.2871 -0.1124
vn -0.3742 -0.9101 0.1782
vn -0.1122 -0.9777 0.1776
vn -0.0415 -0.9991 0.0002
vn 0.5380 -0.8398 -0.0722
vn 0.9825 -0.1310 0.1325
vn 0.8044 0.4111 0.4289
vn 0.5136 0.5865 0.6262
vn 0.2691 0.6628 0.6988
vn 0.1388 0.6077 0.7819
vn 0.2054 0.4051 0.8909
vn -0.0904 0.4197 0.9032
vn -0.4497 0.3794 0.8086
vn -0.5806 0.3400 0.7398
vn -0.9572 -0.2364 -0.1669
vn -0.8351 -0.3943 -0.3835
vn -0.5200 -0.8534 -0.0363
vn -0.3524 -0.9231 0.1538
vn -0.2420 -0.7676 0.5935
vn -0.0991 -0.4665 0.8790
vn 0.1105 -0.0848 0.9902
vn 0.1779 -0.1254 0.9760
vn 0.9839 -0.1079 -0.1425
vn 0.9912 0.0197 -0.1309
vn 0.9797 0.2004 0.0035
vn 0.9108 0.3703 0.1828
vn 0.8332 0.4743 0.2842
vn 0.7921 0.5412 0.2823
vn 0.7672 0.5583 0.3157
vn 0.8292 0.4428 0.3411
vn 0.8499 0.2615 0.4575
vn 0.6733 0.0648 0.7365
vn 0.5043 0.0452 0.8623
vn 0.3772 -0.1342 0.9164
vn 0.4401 -0.0278 0.8975
vn 0.5243 0.4955 0.6926
vn 0.5183 0.5655 0.6415
vn 0.3479 0.5572 0.7540
vn 0.3263 0.5053 0.7989
vn 0.2576 0.3797 0.8885
vn 0.3334 0.2158 0.9178
vn 0.4496 0.0577 0.8914
vn 0.5170 -0.1419 0.8441
vn 0.3908 0.9178 -0.0704
vn 0.1977 0.9767 0.0835
vn -0.0039 0.9606 0.2778
vn -0.4294 0.8241 0.3693
vn -0.8550 0.4736 0.2114
vn -0.9857 -0.1129 -0.1248
vn -0.9811 -0.1356 -0.1382
vn -0.5037 -0.7391 -0.4472
vn -0.3782 -0.7473 -0.5464
vn -0.2298 -0.7413 -0.6306
vn -0.2212 -0.9532 -0.2060
vn -0.2223 -0.9669 -0.1252
vn 0.0495 -0.3257 0.9442
vn 0.2414 -0.0376 0.9697
vn 0.4951 0.3130 0.8105
vn 0.5636 0.2627 0.7832
vn 0.9115 -0.3979 0.1041
vn 0.7588 -0.5882 -0.2796
vn 0.8007 -0.5720 -0.1780
vn 0.8672 -0.4821 -0.1245
vn 0.9897 -0.1402 0.0274
vn 0.9976 -0.0493 0.0489
vn 0.1474 -0.2701 0.9515
vn 0.1065 -0.4323 0.8954
vn 0.1268 -0.4829 0.8665
vn 0.0813 -0.4060 0.9103
vn 0.1040 -0.0211 0.9944
vn 0.1192 0.0370 0.9922
vn 0.2954 -0.2347 0.9261
vn 0.3160 -0.3235 0.8919
vn 0.5114 -0.4700 0.7194
vn 0.5393 -0.5132 0.6677
vn 0.5887 -0.7046 0.3961
vn 0.5468 -0.7488 0.3745
vn -0.6761 -0.5687 -0.4684
vn -0.6402 -0.3887 -0.6626
vn -0.2166 -0.7375 -0.6397
vn 0.1008 0.1801 0.9785
vn 0.3337 0.2789 0.9005
vn 0.4154 0.5063 0.7558
vn 0.5378 0.4223 0.7296
vn 0.5218 0.3882 0.7596
vn 0.4306 0.4383 0.7889
vn 0.4243 0.4440 0.7892
vn 0.3935 0.4467 0.8035
vn -0.1325 0.3178 0.9388
vn -0.1769 0.3569 0.9172
vn -0.2546 0.3454 0.9033
vn -0.6896 0.3043 0.6572
vn -0.7393 0.2886 0.6083
vn -0.6483 0.5664 0.5088
vn -0.5592 0.6523 0.5117
vn -0.4830 0.7653 0.4254
vn -0.4746 0.7436 0.4710
vn -0.5178 0.6805 0.5185
vn -0.5494 0.6987 0.4582
vn -0.3355 0.4532 0.8259
vn -0.7191 0.3299 0.6116
vn -0.5402 -0.2014 0.8171
vn -0.4913 -0.3382 0.8026
vn -0.1854 0.1759 0.9668
vn -0.0914 0.5096 0.8556
vn 0.0755 0.7424 0.6657
vn 0.2204 0.8080 0.5463
vn 0.3215 0.7734 0.5463
vn 0.4644 0.7424 0.4828
vn 0.6313 0.6621 0.4038
vn 0.6976 0.6432 0.3157
vn -0.9927 0.0185 0.1195
vn 0.4166 -0.8177 -0.3973
vn -0.0620 -0.9676 -0.2446
vn 0.8615 -0.4875 -0.1419
vn 0.9016 -0.4320 0.0230
vn 0.7813 -0.5096 0.3603
vn 0.5691 -0.5958 0.5666
vn -0.2029 -0.9730 0.1100
vn -0.2790 -0.9601 0.0173
vn -0.1389 -0.9886 -0.0574
vn -0.0871 -0.9951 -0.0461
vn 0.0477 -0.9987 0.0150
vn -0.0114 -0.9998 0.0141
vn 0.0205 -0.9735 -0.2276
vn -0.5477 -0.6162 -0.5659
vn 0.6293 -0.6450 -0.4335
vn 0.7722 -0.5621 -0.2962
vn 0.6905 -0.7135 -0.1184
vn -0.8245 -0.5256 -0.2094
vn -0.8661 -0.4159 -0.2775
vn 0.9179 -0.2860 -0.2751
vn 0.9868 0.0390 0.1571
vn 0.8737 -0.3021 -0.3814
vn 0.0440 0.9941 -0.0988
vn -0.0512 0.9979 -0.0402
vn -0.2340 0.9642 0.1249
vn -0.2968 0.9398 0.1693
vn -0.3374 0.9312 0.1381
vn -0.2928 0.9533 0.0745
vn -0.1688 0.9766 -0.1335
vn -0.1336 0.9731 -0.1875
vn -0.8727 0.4334 0.2250
vn -0.9287 0.1810 0.3237
vn -0.5857 0.2282 0.7778
vn -0.5750 0.2284 0.7856
vn 0.0208 0.1921 0.9812
vn 0.0166 -0.1727 0.9848
vn 0.0392 -0.9347 0.3532
vn 0.0176 -0.9646 0.2631
vn 0.5011 -0.8504 0.1606
vn 0.7313 0.6360 -0.2465
vn 0.8294 0.5508 -0.0934
vn 0.1932 0.9670 -0.1661
vn 0.1019 0.9872 -0.1230
vn -0.0133 0.9967 -0.0803
vn -0.0108 0.9990 -0.0428
vn 0.1147 -0.1652 -0.9796
vn -0.3316 -0.6900 0.6434
vn -0.0855 -0.5956 -0.7987
vn -0.3837 -0.4169 0.8240
vn -0.4553 -0.4453 0.7710
vn -0.4906 -0.4654 0.7367
vn -0.5162 -0.4481 0.7299
vn -0.5584 -0.5522 0.6191
vn -0.5363 -0.7300 0.4236
vn -0.4838 -0.7352 0.4749
vn -0.3306 -0.6246 0.7075
vn -0.2640 -0.4972 0.8265
vn -0.2853 -0.4229 0.8601
vn -0.2939 -0.3110 0.9038
vn -0.1571 -0.2345 0.9593
vn 0.0348 -0.2208 0.9747
vn 0.3560 -0.2067 0.9113
vn 0.3850 -0.2204 0.8962
vn 0.6321 -0.1546 0.7593
vn 0.7108 -0.1062 0.6953
vn 0.8680 0.1073 0.4849
vn 0.9129 0.1913 0.3605
vn 0.9710 0.1732 0.1647
vn 0.9788 0.1412 0.1484
vn -0.9180 -0.2651 -0.2951
vn -0.9231 -0.2298 -0.3084
vn -0.8345 -0.1134 -0.5393
vn -0.8138 -0.0649 -0.5776
vn -0.4858 0.0999 -0.8684
vn -0.4505 0.1343 -0.8826
vn 0.0177 0.2348 -0.9719
vn 0.0669 0.2314 -0.9706
vn 0.5741 0.1474 -0.8054
vn 0.5288 0.0423 -0.8477
vn 0.2780 -0.9204 -0.2749
vn 0.3098 -0.9205 -0.2383
vn 0.3693 -0.8937 -0.2548
vn 0.3912 -0.8824 -0.2614
vn 0.3764 -0.8876 -0.2655
vn 0.5345 -0.7809 -0.3232
vn 0.5537 -0.7672 -0.3237
vn 0.8199 -0.3955 -0.4139
vn 0.8406 -0.3635 -0.4015
vn 0.9155 -0.0136 -0.4021
vn 0.9309 0.0466 -0.3623
vn 0.9031 0.2687 -0.3349
vn 0.8869 0.3548 -0.2959
vn 0.8132 0.4992 -0.2993
vn -0.7914 0.5916 -0.1541
vn -0.7914 0.5916 -0.1540
vn -0.6724 0.6294 0.3894
vn -0.4935 0.8074 0.3234
vn -0.1506 0.8298 0.5373
vn -0.0716 0.9030 0.4235
vn 0.1932 0.8471 0.4951
vn -0.1143 0.9202 0.3743
vn -0.0330 0.9792 0.2001
vn -0.5076 0.8488 -0.1476
vn -0.1463 0.7440 -0.6520
vn -0.0841 0.6282 -0.7735
vn -0.2319 0.8120 -0.5357
vn 0.0751 0.9754 0.2074
vn -0.1125 0.9918 0.0604
vn -0.0407 0.9449 -0.3247
vn -0.2211 0.9593 -0.1755
vn -0.2366 0.8115 -0.5343
vn -0.2850 0.9558 0.0721
vn 0.2486 0.8694 -0.4270
vn 0.5391 0.7143 0.4463
vn 0.5100 0.8178 -0.2667
vn 0.5690 0.6896 -0.4479
vn 0.1376 0.2385 -0.9613
vn 0.1659 -0.0480 -0.9850
vn 0.0379 0.8170 0.5754
vn 0.0030 -0.3358 0.9419
vn 0.5431 -0.0276 0.8392
vn 0.9529 -0.2404 0.1850
vn 0.8352 0.5428 -0.0886
vn 0.4705 0.8646 -0.1761
vn -0.2572 0.9638 -0.0706
vn 0.3688 0.9287 -0.0385
vn -0.5148 0.5113 0.6882
vn -0.0511 0.5669 0.8222
vn -0.2724 0.7918 0.5467
vn 0.0668 0.8924 -0.4463
vn 0.1692 0.7049 -0.6888
vn 0.2352 0.4399 -0.8667
vn 0.0327 0.6644 -0.7467
vn -0.0218 0.9468 -0.3211
vn -0.7256 0.4834 0.4898
vn -0.7619 0.3393 0.5518
vn -0.7842 0.5852 -0.2062
vn -0.4767 0.7017 -0.5295
vn 0.2937 0.7081 -0.6421
vn 0.3416 0.9181 -0.2011
vn 0.0245 0.6112 0.7911
vn -0.2451 0.4583 0.8544
vn -0.1746 0.1181 0.9775
vn 0.2872 0.8782 0.3824
vn 0.0599 0.9399 0.3361
vn -0.2831 0.9039 0.3207
vn -0.4449 0.8403 0.3097
vn -0.6262 0.6594 0.4160
vn -0.5252 0.7373 0.4250
vn -0.1956 0.8480 0.4926
vn -0.0780 0.9805 0.1802
vn -0.2289 0.9194 -0.3198
vn -0.2123 0.8253 -0.5233
vn -0.0791 0.5394 -0.8383
vn -0.0351 0.4293 -0.9025
vn 0.1785 0.1338 -0.9748
vn 0.2244 0.1200 -0.9671
vn 0.3783 -0.2085 -0.9019
vn 0.4660 -0.2552 -0.8472
vn 0.9111 -0.0558 0.4084
vn 0.7907 0.1052 0.6031
vn 0.0443 0.8311 0.5543
vn -0.0290 0.8919 0.4513
vn 0.0622 0.9535 0.2950
vn 0.0505 0.9500 0.3082
vn -0.1375 0.8856 0.4437
vn -0.1612 0.8230 0.5447
vn -0.1613 0.7089 0.6866
vn -0.9696 0.1432 0.1983
vn -0.9811 0.0658 0.1820
vn -0.9094 -0.1648 0.3819
vn -0.8455 -0.1379 0.5158
vn -0.5035 0.5123 0.6958
vn -0.3715 0.7041 0.6051
vn 0.2340 0.8176 0.5260
vn 0.2149 0.8176 0.5341
vn -0.2439 0.3315 0.9114
vn -0.8690 0.1973 0.4538
vn -0.9814 0.1742 -0.0808
vn -0.4192 0.0824 -0.9041
vn -0.0800 -0.0521 -0.9954
vn 0.1424 -0.0429 -0.9889
vn 0.4779 -0.1211 -0.8700
vn 0.6507 0.0124 -0.7593
vn 0.7848 0.1468 -0.6021
vn 0.8689 0.3884 -0.3067
vn 0.7874 0.6149 0.0439
vn 0.4706 0.7714 0.4283
vn 0.0220 0.6859 0.7274
vn -0.1897 0.5828 0.7902
vn -0.3015 0.3358 0.8924
vn -0.3298 0.0679 0.9416
vn -0.2661 -0.0945 0.9593
vn -0.2617 -0.0893 0.9610
vn 0.4720 0.6660 0.5776
vn 0.4738 0.8257 0.3061
vn 0.5146 0.7941 0.3234
vn 0.4948 0.8362 0.2364
vn 0.5542 0.7419 0.3775
vn 0.5726 0.6803 0.4574
vn 0.6127 0.5509 0.5666
vn 0.6186 0.3668 0.6948
vn 0.6192 -0.0220 0.7849
vn 0.5862 -0.0259 0.8097
vn 0.4839 -0.4327 0.7606
vn 0.4001 -0.4999 0.7681
vn 0.2286 -0.6463 0.7280
vn 0.1128 -0.7174 0.6874
vn 0.3215 -0.8163 0.4799
vn 0.3603 -0.8614 0.3581
vn 0.1864 -0.9318 0.3115
vn 0.0759 -0.9377 0.3389
vn -0.0035 -0.9420 0.3356
vn 0.0597 -0.8675 0.4938
vn 0.0933 -0.8834 0.4593
vn 0.1110 -0.7226 0.6823
vn -0.0131 -0.6288 0.7775
vn -0.0720 -0.5687 0.8194
vn -0.3789 -0.5116 0.7711
vn -0.3272 -0.5455 0.7716
vn -0.5401 -0.4468 0.7132
vn 0.2910 0.9550 -0.0569
vn -0.4167 0.9088 -0.0192
vn -0.8866 0.4531 0.0933
vn -0.9663 0.2105 0.1480
vn -0.9179 0.2730 0.2879
vn -0.2353 0.3336 0.9129
vn 0.2594 0.3701 0.8920
vn 0.6582 0.2332 0.7158
vn 0.8588 0.2762 0.4316
vn 0.8822 0.2844 0.3752
vn 0.9451 0.2823 0.1648
vn 0.9220 0.3857 0.0333
vn 0.8682 0.4948 0.0366
vn 0.3651 0.8437 -0.3934
vn -0.6735 0.6589 -0.3351
vn -0.7333 0.3276 -0.5958
vn 0.9876 0.0927 0.1264
vn 0.9833 0.1271 0.1306
vn 0.9843 0.1433 0.1030
vn 0.8780 0.4233 0.2233
vn 0.7740 0.5386 0.3330
vn 0.4781 0.6877 0.5464
vn 0.4790 0.6845 0.5496
vn 0.2963 0.7472 0.5949
vn 0.3069 0.7689 0.5609
vn -0.1424 0.8650 0.4811
vn -0.1177 0.8780 0.4639
vn -0.5266 0.7944 0.3028
vn -0.5165 -0.0069 0.8563
vn -0.5423 0.0618 0.8379
vn -0.6194 0.0755 0.7815
vn -0.7191 0.6763 0.1598
vn -0.6690 0.7404 0.0655
vn -0.1700 0.9069 0.3856
vn -0.1620 0.9035 0.3968
vn 0.0634 0.8896 0.4523
vn 0.0465 0.8826 0.4679
vn -0.0944 0.7472 0.6579
vn -0.1591 0.7149 0.6808
vn -0.3624 0.5521 0.7509
vn -0.4475 0.4777 0.7560
vn -0.5027 0.4007 0.7660
vn -0.4896 0.3578 0.7952
vn -0.3711 -0.0554 0.9270
vn -0.3413 -0.1054 0.9340
vn -0.4884 -0.1753 0.8548
vn -0.5466 -0.1718 0.8196
vn -0.7208 -0.1318 0.6805
vn -0.7154 0.0520 0.6967
vn -0.5662 0.2728 0.7778
vn -0.4731 0.3135 0.8234
vn -0.2772 0.4231 0.8626
vn 0.0050 0.5175 0.8557
vn 0.1825 0.5575 0.8099
vn 0.4985 0.4637 0.7325
vn 0.5242 0.4132 0.7447
vn 0.7643 0.1832 0.6183
vn 0.9443 0.0525 0.3250
vn 0.7943 0.0591 0.6046
vn 0.9829 -0.1231 0.1369
vn 0.6379 -0.0606 0.7677
vn 0.9171 -0.3910 0.0772
vn -0.7870 0.5936 0.1681
vn -0.4810 0.8527 0.2040
vn -0.4384 0.8974 -0.0495
vn 0.5299 0.5552 -0.6411
vn 0.8396 0.5284 0.1260
vn 0.5656 0.5029 0.6536
vn 0.4491 0.4570 0.7678
vn -0.1233 0.4595 0.8796
vn 0.0351 0.7734 0.6329
vn 0.1971 0.9623 0.1874
vn 0.6940 0.7119 0.1071
vn 0.1640 0.8943 -0.4163
vn -0.3452 0.5617 -0.7519
vn -0.2231 0.4296 -0.8750
vn -0.1544 0.5882 -0.7938
vn -0.2482 0.7573 -0.6041
vn -0.4644 0.8852 -0.0285
vn -0.5576 0.7290 0.3970
vn -0.6482 0.7522 0.1187
vn -0.5559 0.8276 0.0776
vn -0.4468 0.8936 0.0433
vn -0.0847 0.9964 -0.0001
vn 0.0287 0.9750 -0.2204
vn 0.1531 0.9005 -0.4069
vn 0.1126 0.9898 -0.0876
vn 0.0392 0.9325 0.3590
vn 0.0423 0.9338 0.3554
vn 0.0816 0.9856 0.1482
vn 0.1283 0.9793 -0.1564
vn 0.1067 0.9907 -0.0847
vn 0.1117 0.9826 -0.1483
vn 0.3991 0.8521 -0.3385
vn 0.7528 0.4981 -0.4303
vn 0.9489 0.2860 0.1338
vn 0.8552 0.4779 0.2003
vn 0.7161 0.6217 0.3175
vn 0.5718 0.8193 0.0413
vn 0.5769 0.8146 0.0598
vn 0.5024 0.8175 0.2816
vn 0.2207 0.7237 0.6538
vn -0.1476 0.6002 0.7861
vn -0.2267 0.7787 0.5850
vn -0.3346 0.8699 0.3623
vn -0.3203 0.9447 0.0702
vn -0.3153 0.9457 0.0793
vn 0.2990 0.2985 0.9064
vn 0.0514 0.3817 0.9229
vn 0.0698 0.2828 0.9566
vn -0.7503 0.0545 0.6589
vn -0.9272 0.1096 0.3581
vn -0.3432 0.8446 -0.4109
vn -0.2961 0.7603 -0.5782
vn 0.5794 0.7304 0.3617
vn 0.4688 0.7863 0.4024
vn 0.7194 0.1828 0.6702
vn 0.6710 0.2441 0.7001
vn 0.4536 0.5195 0.7242
vn 0.2766 0.6178 0.7361
vn 0.3795 0.7089 0.5945
vn 0.7484 0.5012 0.4344
vn 0.7909 0.5144 -0.3315
vn 0.2992 0.5963 -0.7450
vn 0.0618 0.7673 -0.6383
vn 0.1839 0.8463 0.5000
vn 0.1656 0.6848 0.7097
vn 0.1080 0.1118 0.9878
vn -0.2658 0.5052 0.8210
vn -0.7388 0.6647 0.1115
vn -0.5413 0.4199 -0.7285
vn -0.5378 0.4104 -0.7365
vn 0.1490 0.2700 -0.9513
vn 0.5982 0.6206 -0.5070
vn 0.5582 0.8149 0.1559
vn 0.4725 0.8780 -0.0760
vn -0.1111 -0.1343 -0.9847
vn -0.1211 -0.2126 -0.9696
vn -0.3471 0.1546 -0.9250
vn -0.3365 0.4284 -0.8386
vn -0.2685 0.9589 -0.0920
vn -0.0047 0.9801 0.1985
vn 0.6986 0.5862 0.4103
vn 0.5172 0.5638 0.6440
vn 0.8256 0.2521 -0.5048
vn 0.4495 0.1273 -0.8842
vn -0.2425 0.0617 -0.9682
vn -0.3799 0.7384 -0.5571
vn -0.2603 0.9464 -0.1909
vn 0.7466 0.6536 -0.1238
vn 0.7929 0.6001 -0.1063
vn 0.9864 0.1644 -0.0035
vn 0.9866 0.1633 -0.0014
vn -0.6074 0.5303 0.5914
vn -0.3034 0.8800 0.3654
vn -0.2111 0.8946 0.3938
vn 0.0252 0.9516 0.3064
vn 0.0105 0.9939 0.1101
vn -0.0183 0.9903 0.1379
vn 0.0302 0.6432 -0.7651
vn 0.0371 0.4805 -0.8762
vn 0.0540 0.4184 -0.9066
vn 0.4116 0.7792 0.4726
vn 0.1992 0.3319 0.9220
vn 0.1489 0.3681 0.9178
vn 0.1029 0.6544 0.7491
vn 0.2606 0.7255 0.6370
vn 0.4734 0.8218 -0.3171
vn 0.1608 0.4560 -0.8753
vn 0.0665 0.4215 -0.9044
vn 0.2624 0.8097 -0.5249
vn 0.3186 0.9379 -0.1373
vn 0.3054 0.5487 0.7783
vn 0.2401 0.7594 0.6047
vn 0.1544 0.1751 0.9724
vn -0.0932 0.5721 0.8149
vn -0.4123 0.7385 0.5334
vn -0.7238 0.5619 0.4004
vn -0.8262 0.5497 0.1230
vn -0.7878 0.6123 0.0672
vn -0.4362 0.7149 -0.5465
vn -0.4580 0.7570 -0.4660
vn 0.3694 0.6214 -0.6909
vn 0.2527 0.8676 -0.4282
vn -0.2024 0.9760 -0.0799
vn -0.7311 0.6799 -0.0559
vn -0.8871 0.4225 -0.1860
vn -0.7257 0.4438 -0.5258
vn -0.0159 0.9462 -0.3232
vn 0.4446 0.7926 0.4173
vn 0.3614 0.4994 0.7874
vn 0.2922 0.4971 0.8170
vn -0.2550 0.7087 0.6578
vn 0.2758 0.8823 0.3814
vn 0.6335 0.7452 0.2081
vn 0.8979 0.3692 0.2396
vn 0.9017 0.3096 0.3018
vn 0.7708 0.6321 0.0795
vn 0.4429 0.8771 -0.1858
vn -0.1275 0.8979 -0.4212
vn -0.5946 0.7526 -0.2828
vn -0.6799 0.7101 -0.1831
vn -0.8718 0.3291 0.3629
vn -0.7052 0.6103 0.3609
vn -0.5830 0.7350 0.3463
vn -0.3570 0.9046 0.2328
vn -0.3487 0.9091 0.2281
vn -0.1000 0.9945 0.0299
vn -0.0682 0.9955 0.0656
vn 0.3089 0.8582 0.4100
vn 0.3115 0.8399 0.4445
vn 0.1177 0.9205 0.3725
vn 0.0687 0.9143 0.3993
vn -0.3032 0.5652 0.7672
vn -0.3151 0.5358 0.7833
vn -0.4072 0.5105 0.7574
vn -0.4237 0.5585 0.7132
vn -0.3001 0.6359 0.7110
vn -0.2602 0.3503 0.8998
vn 0.5681 0.6634 0.4870
vn -0.1608 -0.5261 -0.8351
vn 0.2609 -0.7405 -0.6194
vn 0.2182 -0.8751 -0.4320
vn -0.6845 -0.5347 0.4955
vn -0.6976 -0.5041 0.5092
vn -0.6051 -0.3589 0.7107
vn -0.5614 -0.3295 0.7591
vn -0.3582 -0.2486 0.8999
vn -0.3172 -0.1702 0.9330
vn -0.0848 0.0542 0.9949
vn -0.0805 0.0022 0.9968
vn -0.1561 -0.3761 0.9134
vn -0.2203 -0.4391 0.8710
vn -0.1630 -0.3347 0.9281
vn -0.1044 -0.0392 0.9938
vn 0.0001 0.1237 0.9923
vn 0.0862 0.2721 0.9584
vn 0.2163 0.2683 0.9387
vn 0.2569 0.2863 0.9231
vn 0.5931 0.1545 0.7902
vn 0.8276 0.1084 0.5508
vn 0.9099 0.1585 0.3834
vn 0.8118 0.2997 0.5012
vn 0.7262 0.3592 0.5861
vn 0.7354 0.3495 0.5806
vn 0.7475 0.2792 0.6028
vn 0.7143 -0.1817 0.6758
vn 0.6321 -0.3382 0.6972
vn 0.4377 -0.6442 0.6272
vn 0.4087 -0.6501 0.6405
vn 0.0836 -0.9218 0.3786
vn -0.3817 -0.9121 0.1500
vn -0.5123 -0.8578 0.0418
vn -0.2184 -0.7317 0.6457
vn 0.1047 -0.5409 -0.8345
vn -0.5110 -0.0388 -0.8587
vn 0.6563 -0.4105 0.6330
vn 0.5537 -0.5110 0.6575
vn 0.3431 -0.6049 0.7186
vn 0.2803 -0.5626 0.7778
vn 0.0550 0.2313 0.9713
vn 0.0551 0.3551 0.9332
vn -0.2476 0.3758 0.8930
vn 0.6796 -0.0246 0.7332
vn 0.3501 0.2194 0.9107
vn 0.3964 0.1821 0.8998
vn 0.4413 0.1442 0.8857
vn 0.5354 -0.5143 0.6699
vn 0.5009 -0.3652 0.7847
vn 0.5179 -0.4304 0.7393
vn 0.4804 -0.2969 0.8253
vn 0.4804 -0.2968 0.8253
vn 0.8821 0.4516 -0.1343
vn 0.6262 0.7778 -0.0537
vn 0.5647 0.8245 -0.0372
vn 0.0058 0.9910 0.1339
vn -0.0863 0.9719 0.2190
vn -0.4563 0.6344 0.6240
vn -0.5017 0.5109 0.6980
vn -0.6376 0.2457 0.7301
vn 0.1197 -0.5633 0.8175
vn 0.1565 -0.4783 0.8642
vn 0.1588 -0.4726 0.8668
vn 0.2446 -0.2317 0.9415
vn 0.2876 -0.1753 0.9416
vn 0.3789 -0.0202 0.9252
vn 0.4871 -0.0065 0.8733
vn 0.6195 0.1012 0.7785
vn 0.6677 0.1181 0.7350
vn 0.6422 0.2584 0.7217
vn 0.5002 -0.8588 0.1105
vn 0.8073 -0.5902 0.0018
vn 0.8498 -0.5268 -0.0190
vn 0.9906 0.0547 -0.1251
vn 0.9816 0.1734 -0.0805
vn 0.7066 0.6727 0.2194
vn 0.5987 0.7434 0.2983
vn 0.1321 0.8921 0.4321
vn 0.0463 0.8619 0.5050
vn -0.2099 0.5244 0.8252
vn -0.2260 0.4095 0.8839
vn -0.3489 0.2149 0.9122
vn -0.7540 -0.4195 0.5055
vn -0.4857 -0.7426 0.4612
vn -0.4245 -0.7894 0.4434
vn 0.1296 -0.9571 0.2593
vn 0.2536 -0.9301 0.2658
vn 0.7755 -0.5548 0.3015
vn 0.8502 -0.4238 0.3122
vn 0.9753 0.0582 0.2133
vn 0.9533 0.1660 0.2523
vn 0.6714 0.5270 0.5210
vn 0.5715 0.5647 0.5954
vn 0.2239 0.6848 0.6935
vn 0.1635 0.6446 0.7468
vn 0.0022 0.3755 0.9268
vn -0.0112 0.2822 0.9593
vn -0.0884 0.1722 0.9811
vn -0.3723 0.8908 0.2606
vn -0.6668 0.6252 0.4057
vn -0.7096 0.5619 0.4252
vn -0.8549 -0.0209 0.5183
vn -0.8142 -0.1316 0.5655
vn -0.3874 -0.5928 0.7061
vn -0.2502 -0.6562 0.7119
vn 0.2074 -0.8072 0.5527
vn 0.3183 -0.7707 0.5520
vn 0.6985 -0.4024 0.5918
vn 0.7411 -0.2808 0.6098
vn 0.8429 0.0777 0.5324
vn 0.8096 0.1543 0.5663
vn 0.5724 0.3725 0.7305
vn 0.4878 0.3974 0.7773
vn 0.3009 0.4707 0.8294
vn 0.2513 0.4047 0.8792
vn 0.1982 0.2316 0.9524
vn 0.2168 0.1136 0.9696
vn 0.0889 -0.0115 0.9960
vn 0.0421 -0.0646 0.9970
vn -0.1956 -0.1804 0.9639
vn -0.2014 -0.1831 0.9622
vn -0.4517 -0.2976 0.8411
vn -0.3798 -0.2656 0.8861
vn -0.5596 -0.3439 0.7540
vn -0.1288 -0.1019 0.9864
vn -0.3459 0.2777 0.8962
vn -0.3265 0.2248 0.9181
vn -0.3264 0.2247 0.9181
vn -0.3058 0.1710 0.9366
vn -0.3676 -0.5075 0.7793
vn -0.4076 -0.3342 0.8498
vn -0.3924 -0.4095 0.8236
vn -0.4202 -0.2557 0.8707
vn 0.7924 0.0603 0.6070
vn 0.7195 0.4661 0.5148
vn 0.6909 0.5346 0.4867
vn 0.3129 0.9250 0.2155
vn 0.1915 0.9602 0.2033
vn -0.4457 0.8796 0.1664
vn -0.5744 0.8011 0.1683
vn -0.7843 0.6176 0.0588
vn -0.7336 -0.3688 0.5708
vn -0.7102 -0.2946 0.6394
vn -0.7084 -0.2896 0.6436
vn -0.6128 -0.0857 0.7856
vn -0.5646 -0.0500 0.8238
vn -0.4368 0.0538 0.8980
vn -0.3318 0.0155 0.9432
vn -0.1443 0.0436 0.9886
vn -0.0789 0.0319 0.9964
vn -0.0274 0.1650 0.9859
vn -0.1357 -0.9327 0.3341
vn 0.2290 -0.8247 0.5171
vn 0.2935 -0.7878 0.5415
vn 0.6875 -0.3361 0.6438
vn 0.6991 -0.2154 0.6818
vn 0.5315 0.4034 0.7448
vn 0.4418 0.5245 0.7278
vn 0.1368 0.8571 0.4966
vn 0.0231 0.8773 0.4794
vn -0.4882 0.7365 0.4683
vn -0.5854 0.6518 0.4822
vn -0.7563 0.5266 0.3883
vn -0.9659 0.0063 -0.2590
vn -0.9098 -0.3932 -0.1328
vn -0.8807 -0.4617 -0.1060
vn -0.4959 -0.8548 0.1530
vn -0.4176 -0.8734 0.2506
vn 0.0145 -0.7135 0.7005
vn 0.1032 -0.6199 0.7778
vn 0.4420 -0.2509 0.8612
vn 0.4457 -0.1367 0.8847
vn 0.2399 0.3522 0.9047
vn 0.1446 0.4394 0.8866
vn -0.0775 0.6953 0.7145
vn -0.1666 0.6929 0.7015
vn -0.4965 0.5481 0.6731
vn -0.5650 0.4760 0.6740
vn -0.6701 0.4093 0.6192
vn -0.0372 0.9992 0.0134
vn -0.4186 0.8980 -0.1354
vn -0.4832 0.8605 -0.1612
vn -0.8711 0.4068 -0.2752
vn -0.9257 0.3025 -0.2272
vn -0.9636 -0.2377 0.1226
vn -0.9133 -0.3434 0.2188
vn -0.5957 -0.6809 0.4260
vn -0.5159 -0.6880 0.5105
vn -0.1721 -0.4824 0.8589
vn -0.1109 -0.3839 0.9167
vn 0.1488 -0.1135 0.9823
vn 0.1366 -0.0247 0.9903
vn -0.0276 0.2953 0.9550
vn -0.0998 0.3591 0.9279
vn -0.2152 0.5045 0.8362
vn -0.3060 0.4740 0.8256
vn -0.4587 0.3529 0.8155
vn -0.5079 0.2434 0.8263
vn -0.6521 0.1822 0.7359
vn -0.7018 0.1513 0.6962
vn -0.8645 0.1249 0.4869
vn -0.8678 0.1241 0.4812
vn -0.9756 0.0835 0.2031
vn -0.9522 0.0967 0.2898
vn -0.9963 0.0608 0.0600
# 4828 vertex normals

vt 1.7025 0.0623 0.0000
vt 1.7065 0.0673 0.0000
vt 1.7098 0.0627 0.0000
vt 1.6708 0.0730 0.0000
vt 1.6896 0.0523 0.0000
vt 1.6657 0.0720 0.0000
vt 1.7288 0.0772 0.0000
vt 1.7330 0.0752 0.0000
vt 1.7310 0.0737 0.0000
vt 1.6618 0.0902 0.0000
vt 1.6627 0.0843 0.0000
vt 1.6588 0.0869 0.0000
vt 1.7253 0.1096 0.0000
vt 1.7278 0.1135 0.0000
vt 1.7237 0.1066 0.0000
vt 1.6752 0.1262 0.0000
vt 1.6757 0.1232 0.0000
vt 1.6746 0.1276 0.0000
vt 1.6442 0.0633 0.0000
vt 1.6483 0.0681 0.0000
vt 1.6481 0.0611 0.0000
vt 1.7420 0.0823 0.0000
vt 1.7361 0.0885 0.0000
vt 1.7426 0.0780 0.0000
vt 1.7299 0.1161 0.0000
vt 1.7247 0.1203 0.0000
vt 1.7319 0.1119 0.0000
vt 1.7396 0.0865 0.0000
vt 1.7408 0.0812 0.0000
vt 1.7383 0.0856 0.0000
vt 1.6950 0.0806 0.0000
vt 1.7002 0.0832 0.0000
vt 1.6979 0.0789 0.0000
vt 1.6488 0.0964 0.0000
vt 1.6548 0.0973 0.0000
vt 1.6510 0.0925 0.0000
vt 1.6534 0.0909 0.0000
vt 1.6575 0.0824 0.0000
vt 1.6497 0.0893 0.0000
vt 1.6729 0.1199 0.0000
vt 1.6718 0.1280 0.0000
vt 1.6779 0.1209 0.0000
vt 1.7089 0.0752 0.0000
vt 1.7225 0.0888 0.0000
vt 1.7125 0.0767 0.0000
vt 1.7224 0.1114 0.0000
vt 1.7201 0.1106 0.0000
vt 1.7202 0.1136 0.0000
vt 1.7612 0.0737 0.0000
vt 1.7669 0.0650 0.0000
vt 1.7554 0.0689 0.0000
vt 1.7221 0.0595 0.0000
vt 1.7358 0.0593 0.0000
vt 1.7328 0.0538 0.0000
vt 1.7339 0.0809 0.0000
vt 1.7305 0.0824 0.0000
vt 1.7349 0.0860 0.0000
vt 1.7476 0.0721 0.0000
vt 1.7387 0.0722 0.0000
vt 1.6735 0.0475 0.0000
vt 1.6691 0.0598 0.0000
vt 1.6810 0.0509 0.0000
vt 1.6659 0.0304 0.0000
vt 1.6615 0.0290 0.0000
vt 1.6568 0.0369 0.0000
vt 1.7198 0.0580 0.0000
vt 1.7223 0.0462 0.0000
vt 1.7143 0.0530 0.0000
vt 1.6948 0.0403 0.0000
vt 1.6881 0.0421 0.0000
vt 1.6971 0.0496 0.0000
vt 0.0219 0.1382 0.0000
vt 0.0207 0.1413 0.0000
vt 0.0213 0.1417 0.0000
vt 0.0291 0.1562 0.0000
vt 0.0308 0.1544 0.0000
vt 0.0277 0.1533 0.0000
vt 0.0328 0.1561 0.0000
vt 0.0310 0.1572 0.0000
vt 0.0333 0.1565 0.0000
vt 0.0317 0.1585 0.0000
vt 0.0329 0.1594 0.0000
vt 0.0219 0.1530 0.0000
vt 0.0207 0.1561 0.0000
vt 0.0213 0.1565 0.0000
vt 0.0271 0.1420 0.0000
vt 0.0280 0.1419 0.0000
vt 0.0262 0.1385 0.0000
vt 1.7391 0.0800 0.0000
vt 1.7391 0.0831 0.0000
vt 1.7377 0.0822 0.0000
vt 1.6803 0.1292 0.0000
vt 1.6747 0.1295 0.0000
vt 1.6435 0.0678 0.0000
vt 1.6409 0.0647 0.0000
vt 1.6514 0.0650 0.0000
vt 1.7238 0.1182 0.0000
vt 1.6799 0.1308 0.0000
vt 1.6831 0.1308 0.0000
vt 1.6795 0.1337 0.0000
vt 1.6467 0.1057 0.0000
vt 1.6438 0.1002 0.0000
vt 1.6479 0.1042 0.0000
vt 1.7681 0.0591 0.0000
vt 1.7770 0.0498 0.0000
vt 1.7748 0.0606 0.0000
vt 1.6836 0.1176 0.0000
vt 1.6834 0.1214 0.0000
vt 1.7403 0.0453 0.0000
vt 1.7451 0.0613 0.0000
vt 1.7210 0.1037 0.0000
vt 1.7200 0.1207 0.0000
vt 1.7125 0.1153 0.0000
vt 1.7196 0.1171 0.0000
vt 1.7201 0.0803 0.0000
vt 1.7291 0.0866 0.0000
vt 1.7268 0.0841 0.0000
vt 1.6404 0.0642 0.0000
vt 1.6374 0.0676 0.0000
vt 1.6408 0.0625 0.0000
vt 1.6518 0.0508 0.0000
vt 1.6538 0.0525 0.0000
vt 1.6462 0.0573 0.0000
vt 1.6570 0.0482 0.0000
vt 1.6527 0.0468 0.0000
vt 1.6888 0.0534 0.0000
vt 0.0184 0.1434 0.0000
vt 0.0166 0.1420 0.0000
vt 0.0286 0.1568 0.0000
vt 0.0190 0.1576 0.0000
vt 0.0170 0.1571 0.0000
vt 1.6899 0.0767 0.0000
vt 1.6899 0.0809 0.0000
vt 1.6864 0.0759 0.0000
vt 1.7039 0.0734 0.0000
vt 1.6998 0.0730 0.0000
vt 1.7013 0.0762 0.0000
vt 1.6966 0.0751 0.0000
vt 1.6743 0.0809 0.0000
vt 1.6653 0.0877 0.0000
vt 1.6792 0.0842 0.0000
vt 1.6653 0.0925 0.0000
vt 1.6575 0.0989 0.0000
vt 1.6530 0.1002 0.0000
vt 1.6544 0.1030 0.0000
vt 1.6489 0.1069 0.0000
vt 1.6427 0.1013 0.0000
vt 1.6839 0.1141 0.0000
vt 1.6811 0.1046 0.0000
vt 1.6789 0.1127 0.0000
vt 1.6771 0.1021 0.0000
vt 1.7192 0.1010 0.0000
vt 1.7149 0.0947 0.0000
vt 1.7116 0.0974 0.0000
vt 1.7086 0.0933 0.0000
vt 1.7209 0.0726 0.0000
vt 1.7133 0.0701 0.0000
vt 1.7233 0.0694 0.0000
vt 1.6682 0.0757 0.0000
vt 1.6745 0.0753 0.0000
vt 1.6762 0.0719 0.0000
vt 1.7469 0.0109 0.0000
vt 1.7533 0.0101 0.0000
vt 1.7515 0.0080 0.0000
vt 1.7529 0.0064 0.0000
vt 1.6394 0.0669 0.0000
vt 1.6476 0.0585 0.0000
vt 1.7184 0.0633 0.0000
vt 1.7123 0.0647 0.0000
vt 1.7157 0.0661 0.0000
vt 1.7082 0.0703 0.0000
vt 1.7102 0.0260 0.0000
vt 1.7040 0.0265 0.0000
vt 1.7068 0.0324 0.0000
vt 1.7003 0.0352 0.0000
vt 0.0190 0.1424 0.0000
vt 0.0171 0.1414 0.0000
vt 0.0188 0.1397 0.0000
vt 0.0190 0.1572 0.0000
vt 0.0171 0.1562 0.0000
vt 0.0188 0.1544 0.0000
vt 1.6854 0.1055 0.0000
vt 1.6820 0.1000 0.0000
vt 1.7044 0.1027 0.0000
vt 1.6970 0.0930 0.0000
vt 1.6949 0.0864 0.0000
vt 1.6954 0.1076 0.0000
vt 1.7032 0.0796 0.0000
vt 1.7045 0.0409 0.0000
vt 1.7133 0.0375 0.0000
vt 1.6855 0.0685 0.0000
vt 1.6813 0.0798 0.0000
vt 1.6789 0.0738 0.0000
vt 1.6774 0.0774 0.0000
vt 0.0295 0.1428 0.0000
vt 0.0295 0.1424 0.0000
vt 0.0309 0.1417 0.0000
vt 0.0294 0.1405 0.0000
vt 1.6771 0.0649 0.0000
vt 1.7372 0.0850 0.0000
vt 1.7369 0.0841 0.0000
vt 1.7352 0.0833 0.0000
vt 1.7264 0.1122 0.0000
vt 1.7225 0.1153 0.0000
vt 1.7233 0.1169 0.0000
vt 1.7669 0.0311 0.0000
vt 1.7583 0.0281 0.0000
vt 1.7562 0.0375 0.0000
vt 1.7473 0.0257 0.0000
vt 1.7457 0.0358 0.0000
vt 1.7577 0.0586 0.0000
vt 1.7499 0.0526 0.0000
vt 1.7355 0.0766 0.0000
vt 1.7306 0.0789 0.0000
vt 1.7285 0.0807 0.0000
vt 1.6458 0.0709 0.0000
vt 1.6488 0.0720 0.0000
vt 1.6461 0.0715 0.0000
vt 1.6434 0.0750 0.0000
vt 1.6438 0.0729 0.0000
vt 1.6412 0.0734 0.0000
vt 1.7407 0.0149 0.0000
vt 1.7310 0.0157 0.0000
vt 1.7359 0.0225 0.0000
vt 1.7282 0.0176 0.0000
vt 1.7235 0.0313 0.0000
vt 1.6650 0.0274 0.0000
vt 1.6675 0.0282 0.0000
vt 1.6658 0.0259 0.0000
vt 1.6624 0.0636 0.0000
vt 0.0306 0.1581 0.0000
vt 0.0289 0.1593 0.0000
vt 0.0324 0.1382 0.0000
vt 0.0228 0.1494 0.0000
vt 0.0244 0.1498 0.0000
vt 0.0243 0.1472 0.0000
vt 0.0260 0.1493 0.0000
vt 0.0274 0.1459 0.0000
vt 1.7401 0.0802 0.0000
vt 1.7377 0.0789 0.0000
vt 1.6778 0.1158 0.0000
vt 1.6747 0.1144 0.0000
vt 1.7609 0.0604 0.0000
vt 1.7264 0.0708 0.0000
vt 1.7243 0.0738 0.0000
vt 1.7216 0.0757 0.0000
vt 1.7434 0.0177 0.0000
vt 1.7400 0.0209 0.0000
vt 1.6750 0.0392 0.0000
vt 1.6819 0.0424 0.0000
vt 0.0157 0.1385 0.0000
vt 0.0157 0.1533 0.0000
vt 1.7527 0.0664 0.0000
vt 1.7102 0.1117 0.0000
vt 1.7139 0.1076 0.0000
vt 1.7153 0.1111 0.0000
vt 1.7168 0.1070 0.0000
vt 1.7506 0.0023 0.0000
vt 1.7483 0.0028 0.0000
vt 1.7433 0.0053 0.0000
vt 1.7153 0.1040 0.0000
vt 1.7078 0.0977 0.0000
vt 1.7648 0.0398 0.0000
vt 1.7695 0.0423 0.0000
vt 1.7721 0.0318 0.0000
vt 1.7762 0.0434 0.0000
vt 1.7787 0.0346 0.0000
vt 1.6395 0.0616 0.0000
vt 1.6359 0.0676 0.0000
vt 1.6355 0.0720 0.0000
vt 1.7489 0.0144 0.0000
vt 1.7273 0.0511 0.0000
vt 1.7349 0.0460 0.0000
vt 1.7316 0.0363 0.0000
vt 1.7430 0.0346 0.0000
vt 1.7433 0.0257 0.0000
vt 1.6860 0.1233 0.0000
vt 1.6889 0.0861 0.0000
vt 1.6857 0.0809 0.0000
vt 1.6537 0.0634 0.0000
vt 1.6508 0.0596 0.0000
vt 1.6594 0.0594 0.0000
vt 1.6569 0.0565 0.0000
vt 1.6640 0.0529 0.0000
vt 1.6637 0.0394 0.0000
vt 1.6679 0.0335 0.0000
vt 1.6705 0.0320 0.0000
vt 1.7186 0.0203 0.0000
vt 0.0339 0.1530 0.0000
vt 1.6828 0.1353 0.0000
vt 1.6736 0.1325 0.0000
vt 1.6698 0.1326 0.0000
vt 1.6679 0.1231 0.0000
vt 1.6686 0.1154 0.0000
vt 1.6720 0.1030 0.0000
vt 1.6568 0.0950 0.0000
vt 1.6712 0.0782 0.0000
vt 1.6810 0.1271 0.0000
vt 1.6823 0.1247 0.0000
vt 1.6790 0.1236 0.0000
vt 1.7362 0.0811 0.0000
vt 1.7372 0.0102 0.0000
vt 1.6920 0.0682 0.0000
vt 1.7094 0.0561 0.0000
vt 1.7156 0.0620 0.0000
vt 1.6383 0.0698 0.0000
vt 1.6389 0.0765 0.0000
vt 1.6430 0.0772 0.0000
vt 0.0319 0.1417 0.0000
vt 0.0211 0.1461 0.0000
vt 0.0221 0.1497 0.0000
vt 0.0244 0.1505 0.0000
vt 0.0268 0.1494 0.0000
vt 1.7713 0.0479 0.0000
vt 1.7634 0.0559 0.0000
vt 1.7658 0.0475 0.0000
vt 1.7539 0.0509 0.0000
vt 1.7569 0.0418 0.0000
vt 1.7166 0.0911 0.0000
vt 1.7228 0.1009 0.0000
vt 1.7274 0.0988 0.0000
vt 1.7250 0.1036 0.0000
vt 1.7296 0.1022 0.0000
vt 1.7288 0.1101 0.0000
vt 1.7287 0.1144 0.0000
vt 1.6419 0.0985 0.0000
vt 1.6458 0.0972 0.0000
vt 1.6456 0.0926 0.0000
vt 1.6844 0.0856 0.0000
vt 1.6865 0.1009 0.0000
vt 1.6897 0.1047 0.0000
vt 1.6868 0.1175 0.0000
vt 1.6499 0.0744 0.0000
vt 1.7458 0.0232 0.0000
vt 1.7020 0.0452 0.0000
vt 1.6639 0.0725 0.0000
vt 1.6537 0.0787 0.0000
vt 1.6459 0.0862 0.0000
vt 1.6416 0.0914 0.0000
vt 1.6391 0.1011 0.0000
vt 1.7124 0.0907 0.0000
vt 1.6759 0.0356 0.0000
vt 1.6706 0.0357 0.0000
vt 1.6676 0.0421 0.0000
vt 1.6613 0.0505 0.0000
vt 1.6498 0.0495 0.0000
vt 1.6451 0.0558 0.0000
vt 1.6375 0.0606 0.0000
vt 1.6344 0.0667 0.0000
vt 1.6333 0.0689 0.0000
vt 1.7438 0.0670 0.0000
vt 1.7417 0.0647 0.0000
vt 1.7365 0.0700 0.0000
vt 1.7304 0.0650 0.0000
vt 1.7267 0.0679 0.0000
vt 1.7340 0.0722 0.0000
vt 1.7359 0.0739 0.0000
vt 1.7399 0.0778 0.0000
vt 1.6552 0.0689 0.0000
vt 1.6540 0.0667 0.0000
vt 1.6483 0.0996 0.0000
vt 1.6751 0.0894 0.0000
vt 1.6679 0.0974 0.0000
vt 1.6604 0.1038 0.0000
vt 1.6551 0.1076 0.0000
vt 1.6462 0.1098 0.0000
vt 1.6449 0.1069 0.0000
vt 1.6413 0.1031 0.0000
vt 1.6506 0.1026 0.0000
vt 1.6431 0.0720 0.0000
vt 1.6408 0.0704 0.0000
vt 1.6399 0.0677 0.0000
vt 1.6813 0.0380 0.0000
vt 1.6873 0.0382 0.0000
vt 1.6933 0.0359 0.0000
vt 1.6976 0.0318 0.0000
vt 1.7020 0.0252 0.0000
vt 1.6893 0.1280 0.0000
vt 1.6923 0.1214 0.0000
vt 0.9101 1.1704 0.0000
vt 0.9154 1.1601 0.0000
vt 0.9130 1.1605 0.0000
vt 0.9087 1.1557 0.0000
vt 0.8919 1.1557 0.0000
vt 0.9084 1.1574 0.0000
vt 0.9366 1.1528 0.0000
vt 0.9332 1.1525 0.0000
vt 0.9346 1.1532 0.0000
vt 0.9460 1.1383 0.0000
vt 0.9453 1.1377 0.0000
vt 0.9451 1.1378 0.0000
vt 0.9298 1.1400 0.0000
vt 0.9297 1.1404 0.0000
vt 0.9298 1.1403 0.0000
vt 0.9371 1.1608 0.0000
vt 0.9495 1.1622 0.0000
vt 0.9441 1.1602 0.0000
vt 0.9555 1.2025 0.0000
vt 0.9610 1.2007 0.0000
vt 0.9592 1.1992 0.0000
vt 0.9353 1.2333 0.0000
vt 0.9400 1.2251 0.0000
vt 0.9334 1.2280 0.0000
vt 0.9336 1.2262 0.0000
vt 0.9265 1.2201 0.0000
vt 0.9298 1.2241 0.0000
vt 0.9388 1.1981 0.0000
vt 0.9328 1.1915 0.0000
vt 0.9324 1.1925 0.0000
vt 0.9131 1.2279 0.0000
vt 0.9230 1.2318 0.0000
vt 0.9174 1.2269 0.0000
vt 0.8836 1.1676 0.0000
vt 0.8893 1.1700 0.0000
vt 0.8581 1.2848 0.0000
vt 0.8615 1.2823 0.0000
vt 0.8581 1.2837 0.0000
vt 0.8761 1.2559 0.0000
vt 0.8806 1.2532 0.0000
vt 0.8762 1.2552 0.0000
vt 0.8676 1.2534 0.0000
vt 0.8723 1.2620 0.0000
vt 0.8742 1.2553 0.0000
vt 0.8559 1.2687 0.0000
vt 0.8582 1.2502 0.0000
vt 0.8508 1.2566 0.0000
vt 0.8741 1.1938 0.0000
vt 0.8758 1.2084 0.0000
vt 0.9097 1.2075 0.0000
vt 0.9898 1.2458 0.0000
vt 0.9586 1.2524 0.0000
vt 0.9652 1.2573 0.0000
vt 0.4322 1.5056 0.0000
vt 0.4637 1.4909 0.0000
vt 0.4302 1.4849 0.0000
vt 0.4652 1.3997 0.0000
vt 0.4631 1.4304 0.0000
vt 0.4847 1.4399 0.0000
vt 0.6958 1.3346 0.0000
vt 0.6827 1.3454 0.0000
vt 0.6936 1.3474 0.0000
vt 0.5850 1.2394 0.0000
vt 0.5791 1.2660 0.0000
vt 0.5974 1.2406 0.0000
vt 0.6478 1.2354 0.0000
vt 0.6318 1.2450 0.0000
vt 0.6399 1.2483 0.0000
vt 0.6719 1.2486 0.0000
vt 0.6638 1.2415 0.0000
vt 0.6503 1.2542 0.0000
vt 0.6901 1.2713 0.0000
vt 0.6953 1.2660 0.0000
vt 0.6905 1.2672 0.0000
vt 0.7505 1.3442 0.0000
vt 0.7328 1.3259 0.0000
vt 0.7310 1.3285 0.0000
vt 0.7775 1.3019 0.0000
vt 0.7588 1.3095 0.0000
vt 0.7821 1.3150 0.0000
vt 0.8804 1.3862 0.0000
vt 0.8837 1.3714 0.0000
vt 0.8579 1.3721 0.0000
vt 0.6924 1.2776 0.0000
vt 0.7011 1.2670 0.0000
vt 0.6725 1.2629 0.0000
vt 0.6806 1.2936 0.0000
vt 0.6853 1.2832 0.0000
vt 0.5767 1.3434 0.0000
vt 0.5666 1.3515 0.0000
vt 0.5737 1.3605 0.0000
vt 0.5515 1.3302 0.0000
vt 0.5411 1.3254 0.0000
vt 0.5436 1.3309 0.0000
vt 0.9502 1.3008 0.0000
vt 0.9291 1.3356 0.0000
vt 0.9598 1.3222 0.0000
vt 0.8890 1.2166 0.0000
vt 0.8854 1.2166 0.0000
vt 0.8896 1.2170 0.0000
vt 0.9203 1.1436 0.0000
vt 0.9175 1.1430 0.0000
vt 0.9198 1.1446 0.0000
vt 0.8454 1.2559 0.0000
vt 0.8506 1.2543 0.0000
vt 0.8472 1.2529 0.0000
vt 0.5643 1.3274 0.0000
vt 0.5653 1.3366 0.0000
vt 0.2319 1.0163 0.0000
vt 0.2121 1.0277 0.0000
vt 0.2355 1.0284 0.0000
vt 0.0196 1.0839 0.0000
vt 0.0190 1.0878 0.0000
vt 0.0183 1.0841 0.0000
vt 0.0223 1.0807 0.0000
vt 0.0243 1.0818 0.0000
vt 0.0220 1.0824 0.0000
vt 0.0251 1.0796 0.0000
vt 0.0235 1.0809 0.0000
vt 0.0241 1.0791 0.0000
vt 0.0469 1.0823 0.0000
vt 0.0506 1.0815 0.0000
vt 0.0499 1.0907 0.0000
vt 0.0379 0.1158 0.0000
vt 0.0344 0.1224 0.0000
vt 0.0363 0.1246 0.0000
vt 0.0220 1.0898 0.0000
vt 0.0254 1.0859 0.0000
vt 0.0269 1.0924 0.0000
vt 0.0582 1.0809 0.0000
vt 0.0579 1.0908 0.0000
vt 0.0528 1.0817 0.0000
vt 0.0201 1.0836 0.0000
vt 0.0639 0.1245 0.0000
vt 0.0672 0.1125 0.0000
vt 0.0699 0.1237 0.0000
vt 0.0223 1.0806 0.0000
vt 0.0220 1.0823 0.0000
vt 0.0233 1.0807 0.0000
vt 0.0221 1.0788 0.0000
vt 0.0239 1.0810 0.0000
vt 0.0250 1.0795 0.0000
vt 0.0264 0.1142 0.0000
vt 0.0339 0.1217 0.0000
vt 0.0267 0.1233 0.0000
vt 0.0351 1.0780 0.0000
vt 0.0286 1.0827 0.0000
vt 0.0357 1.0843 0.0000
vt 0.0482 0.0810 0.0000
vt 0.0553 0.0805 0.0000
vt 0.0482 0.0902 0.0000
vt 0.0553 0.0806 0.0000
vt 0.0482 0.0807 0.0000
vt 0.0537 1.0909 0.0000
vt 0.0579 1.0904 0.0000
vt 0.0555 1.0802 0.0000
vt 0.0672 1.0838 0.0000
vt 0.0610 1.0941 0.0000
vt 0.0589 1.0925 0.0000
vt 0.0582 1.0912 0.0000
vt 0.0600 1.0905 0.0000
vt 0.0483 1.0913 0.0000
vt 0.0591 0.0901 0.0000
vt 0.0555 0.0898 0.0000
vt 0.0584 0.0820 0.0000
vt 0.2378 1.1469 0.0000
vt 0.2448 1.1467 0.0000
vt 0.2293 1.1205 0.0000
vt 0.6818 1.4771 0.0000
vt 0.6796 1.4786 0.0000
vt 0.6825 1.4799 0.0000
vt 0.9880 1.0540 0.0000
vt 0.9880 1.0619 0.0000
vt 0.9508 1.0319 0.0000
vt 0.8001 1.0884 0.0000
vt 0.7925 1.0815 0.0000
vt 0.8137 1.0765 0.0000
vt 0.6634 1.4681 0.0000
vt 0.6583 1.4739 0.0000
vt 0.6653 1.4783 0.0000
vt 0.6581 1.4587 0.0000
vt 0.6563 1.4395 0.0000
vt 0.6921 1.3886 0.0000
vt 0.6807 1.3910 0.0000
vt 0.6962 1.3892 0.0000
vt 0.8224 1.0484 0.0000
vt 0.8295 1.0403 0.0000
vt 0.8374 1.0253 0.0000
vt 0.8333 1.0445 0.0000
vt 0.8438 1.0323 0.0000
vt 0.8313 1.0417 0.0000
vt 0.8729 1.0091 0.0000
vt 0.8689 1.0061 0.0000
vt 0.8527 1.0149 0.0000
vt 0.8625 1.0693 0.0000
vt 0.8449 1.0823 0.0000
vt 0.8604 1.0790 0.0000
vt 0.3176 1.1877 0.0000
vt 0.3174 1.1916 0.0000
vt 0.3172 1.1877 0.0000
vt 0.3960 1.4326 0.0000
vt 0.3944 1.4301 0.0000
vt 0.0487 1.0866 0.0000
vt 0.0519 1.0851 0.0000
vt 0.1532 1.2745 0.0000
vt 0.1445 1.2887 0.0000
vt 0.1361 1.2842 0.0000
vt 0.6981 1.9576 0.0000
vt 0.6746 1.9257 0.0000
vt 0.7071 1.9586 0.0000
vt 0.7190 1.6234 0.0000
vt 0.7257 1.6364 0.0000
vt 0.7112 1.6195 0.0000
vt 0.6748 1.6484 0.0000
vt 0.7167 1.6509 0.0000
vt 0.6746 1.6993 0.0000
vt 0.7254 1.8597 0.0000
vt 0.6748 1.8838 0.0000
vt 0.6746 1.8650 0.0000
vt 0.1045 1.3501 0.0000
vt 0.1025 1.3291 0.0000
vt 0.1188 1.3493 0.0000
vt 0.1795 1.1287 0.0000
vt 0.1959 1.1367 0.0000
vt 0.1815 1.1374 0.0000
vt 0.2304 1.1247 0.0000
vt 0.2357 1.1425 0.0000
vt 0.2196 1.1327 0.0000
vt 0.1030 1.2425 0.0000
vt 0.0798 1.2264 0.0000
vt 0.1135 1.2255 0.0000
vt 0.0593 1.2109 0.0000
vt 0.0540 1.1747 0.0000
vt 0.0701 1.1892 0.0000
vt 0.1810 1.2821 0.0000
vt 0.2036 1.2862 0.0000
vt 0.1980 1.2932 0.0000
vt 0.2069 1.3130 0.0000
vt 0.2194 1.3270 0.0000
vt 0.2092 1.3297 0.0000
vt 0.2477 1.2736 0.0000
vt 0.2414 1.2658 0.0000
vt 0.2517 1.2641 0.0000
vt 0.2600 1.2640 0.0000
vt 0.2600 1.2727 0.0000
vt 0.2368 1.2461 0.0000
vt 0.2513 1.2546 0.0000
vt 0.2442 1.2548 0.0000
vt 0.2143 1.2067 0.0000
vt 0.2439 1.2148 0.0000
vt 0.2154 1.2250 0.0000
vt 0.2110 1.2011 0.0000
vt 0.1910 1.2031 0.0000
vt 0.1955 1.1925 0.0000
vt 0.2441 1.1966 0.0000
vt 0.2425 1.1709 0.0000
vt 0.2601 1.1965 0.0000
vt 0.1108 1.2747 0.0000
vt 0.1443 1.2428 0.0000
vt 0.2601 1.2345 0.0000
vt 0.2446 1.2344 0.0000
vt 0.2600 1.2150 0.0000
vt 0.1567 1.1715 0.0000
vt 0.1494 1.1691 0.0000
vt 0.1658 1.1575 0.0000
vt 0.0493 1.2893 0.0000
vt 0.0576 1.2823 0.0000
vt 0.0662 1.3073 0.0000
vt 0.0366 1.2980 0.0000
vt 0.0192 1.2977 0.0000
vt 0.0175 1.2826 0.0000
vt 0.7513 1.9471 0.0000
vt 0.7416 1.9750 0.0000
vt 0.6749 1.9089 0.0000
vt 0.7196 1.8871 0.0000
vt 0.7153 1.9122 0.0000
vt 0.5102 0.4868 0.0000
vt 0.5325 0.4987 0.0000
vt 0.5504 0.4639 0.0000
vt 0.3389 1.4618 0.0000
vt 0.3524 1.4669 0.0000
vt 0.3669 1.4616 0.0000
vt -0.6411 0.4488 0.0000
vt -0.6568 0.4403 0.0000
vt -0.6572 0.4509 0.0000
vt 0.3841 1.4407 0.0000
vt 0.3921 1.4477 0.0000
vt 0.3950 1.4393 0.0000
vt 0.3357 1.4431 0.0000
vt 0.3113 1.4526 0.0000
vt 0.3408 1.4474 0.0000
vt 0.6149 1.4358 0.0000
vt 0.5994 1.4246 0.0000
vt 0.6198 1.4151 0.0000
vt 0.6172 1.4559 0.0000
vt 0.5983 1.4688 0.0000
vt 0.5986 1.4529 0.0000
vt 0.8407 1.0832 0.0000
vt 0.8334 1.0805 0.0000
vt 0.8452 1.0765 0.0000
vt 0.6826 1.4794 0.0000
vt 0.6766 1.4811 0.0000
vt 0.6725 1.4781 0.0000
vt 0.9465 1.0285 0.0000
vt 0.9882 1.0626 0.0000
vt 0.9870 1.0543 0.0000
vt 0.6581 1.4741 0.0000
vt 0.6650 1.4774 0.0000
vt 0.6652 1.4768 0.0000
vt 0.6593 1.4695 0.0000
vt 0.6813 1.4770 0.0000
vt 0.6633 1.4675 0.0000
vt 0.6810 1.3912 0.0000
vt 0.6948 1.4062 0.0000
vt 0.6661 1.4007 0.0000
vt 0.7915 1.0802 0.0000
vt 0.7995 1.0708 0.0000
vt 0.7917 1.0807 0.0000
vt 0.6588 1.4581 0.0000
vt 0.6571 1.4393 0.0000
vt 0.7130 1.4722 0.0000
vt 0.7070 1.4643 0.0000
vt 0.7259 1.4525 0.0000
vt 0.8538 1.0157 0.0000
vt 0.8364 1.0266 0.0000
vt 0.8531 1.0129 0.0000
vt 0.8967 1.0145 0.0000
vt 0.8769 1.0178 0.0000
vt 0.8736 1.0098 0.0000
vt 0.9786 1.0298 0.0000
vt 0.9719 1.0344 0.0000
vt 0.9747 1.0262 0.0000
vt 0.3214 1.1852 0.0000
vt 0.3203 1.1865 0.0000
vt 0.3226 1.1845 0.0000
vt 0.3174 1.1917 0.0000
vt 0.3252 1.1859 0.0000
vt 0.3249 1.1892 0.0000
vt 0.3262 1.1868 0.0000
vt 0.3929 1.4303 0.0000
vt 0.3983 1.4247 0.0000
vt 0.3438 1.3792 0.0000
vt 0.3527 1.3926 0.0000
vt 0.3586 1.3821 0.0000
vt 0.1250 1.3061 0.0000
vt 0.1026 1.3300 0.0000
vt 0.1211 1.3300 0.0000
vt 0.0420 1.3373 0.0000
vt 0.0574 1.3344 0.0000
vt 0.0388 1.3284 0.0000
vt 0.0798 1.2269 0.0000
vt 0.0592 1.2114 0.0000
vt 0.0667 1.2502 0.0000
vt 0.1615 1.1338 0.0000
vt 0.1800 1.1287 0.0000
vt 0.1387 1.1136 0.0000
vt 0.1098 1.2756 0.0000
vt 0.1521 1.2640 0.0000
vt 0.1447 1.2432 0.0000
vt 0.7159 1.6510 0.0000
vt 0.7478 1.6573 0.0000
vt 0.7254 1.6361 0.0000
vt 0.7827 1.8752 0.0000
vt 0.7897 1.9279 0.0000
vt 0.8149 1.8982 0.0000
vt 0.6746 1.6889 0.0000
vt 0.1564 1.1369 0.0000
vt 0.1362 1.1509 0.0000
vt 0.1647 1.1484 0.0000
vt 0.0701 1.1894 0.0000
vt 0.0911 1.2076 0.0000
vt 0.0827 1.1705 0.0000
vt 0.1515 1.2929 0.0000
vt 0.1458 1.3096 0.0000
vt 0.1571 1.2958 0.0000
vt 0.2199 1.3283 0.0000
vt 0.2070 1.3143 0.0000
vt 0.2098 1.3306 0.0000
vt 0.1694 1.3282 0.0000
vt 0.1640 1.3300 0.0000
vt 0.1746 1.3429 0.0000
vt 0.3903 1.4297 0.0000
vt 0.3867 1.4390 0.0000
vt 0.3910 1.4416 0.0000
vt 0.1465 1.3486 0.0000
vt 0.1458 1.3311 0.0000
vt 0.1327 1.3491 0.0000
vt 0.2501 1.2740 0.0000
vt 0.2523 1.2642 0.0000
vt 0.2418 1.2660 0.0000
vt 0.2446 1.2550 0.0000
vt 0.2371 1.2452 0.0000
vt 0.2383 1.2572 0.0000
vt 0.2333 1.2627 0.0000
vt 0.2155 1.2420 0.0000
vt 0.2155 1.2575 0.0000
vt 0.1900 1.2081 0.0000
vt 0.2161 1.2250 0.0000
vt 0.2148 1.2065 0.0000
vt 0.1895 1.2395 0.0000
vt 0.1528 1.2303 0.0000
vt 0.1812 1.2505 0.0000
vt 0.2054 1.0995 0.0000
vt 0.2206 1.0847 0.0000
vt 0.2059 1.0542 0.0000
vt 0.4005 0.5242 0.0000
vt 0.4388 0.5298 0.0000
vt 0.4051 0.5001 0.0000
vt 0.2907 1.4539 0.0000
vt 0.3123 1.4410 0.0000
vt 0.2905 1.4413 0.0000
vt 0.3856 1.4181 0.0000
vt 0.3901 1.4142 0.0000
vt 0.3672 1.3985 0.0000
vt 0.3891 1.4123 0.0000
vt 0.3161 1.4005 0.0000
vt 0.3244 1.3987 0.0000
vt 0.3141 1.3984 0.0000
vt 0.5866 1.4757 0.0000
vt 0.5977 1.4787 0.0000
vt 0.9730 1.2267 0.0000
vt 0.9510 1.2289 0.0000
vt 0.9477 1.2372 0.0000
vt 0.8627 1.2318 0.0000
vt 0.8699 1.2336 0.0000
vt 0.8725 1.2225 0.0000
vt 0.8977 1.2250 0.0000
vt 0.6949 1.3101 0.0000
vt 0.7010 1.2944 0.0000
vt 0.6892 1.2941 0.0000
vt 0.6940 1.2880 0.0000
vt 0.6163 1.2199 0.0000
vt 0.6051 1.2210 0.0000
vt 0.6099 1.2385 0.0000
vt 0.6034 1.2398 0.0000
vt 0.6584 1.3530 0.0000
vt 0.6686 1.3509 0.0000
vt 0.6719 1.3351 0.0000
vt 0.6710 1.3464 0.0000
vt 0.7120 1.2696 0.0000
vt 0.7080 1.2842 0.0000
vt 0.7294 1.2921 0.0000
vt 0.7289 1.2973 0.0000
vt 0.6056 1.3070 0.0000
vt 0.6104 1.3086 0.0000
vt 0.6089 1.3078 0.0000
vt 0.6330 1.2795 0.0000
vt 0.6486 1.3347 0.0000
vt 0.6670 1.3190 0.0000
vt 0.6386 1.3189 0.0000
vt 0.6452 1.2914 0.0000
vt 0.5475 1.3427 0.0000
vt 0.5476 1.3593 0.0000
vt 0.5518 1.3428 0.0000
vt 0.5583 1.3539 0.0000
vt 0.7151 1.3376 0.0000
vt 0.7164 1.3415 0.0000
vt 0.7168 1.3429 0.0000
vt 0.6977 1.3516 0.0000
vt 0.8672 1.2103 0.0000
vt 0.8656 1.2131 0.0000
vt 0.8703 1.2150 0.0000
vt 0.8859 1.1801 0.0000
vt 0.8956 1.1800 0.0000
vt 0.8875 1.1756 0.0000
vt 0.8973 1.1754 0.0000
vt 0.9175 1.1421 0.0000
vt 0.9200 1.1421 0.0000
vt 0.9182 1.1412 0.0000
vt 0.9253 1.1341 0.0000
vt 0.0290 1.0869 0.0000
vt 0.0307 1.0818 0.0000
vt 0.0237 1.0876 0.0000
vt 0.0318 1.0821 0.0000
vt 0.0249 1.0862 0.0000
vt 0.0243 1.0803 0.0000
vt 0.0206 1.0825 0.0000
vt 0.0531 1.0906 0.0000
vt 0.0518 1.0817 0.0000
vt 0.0508 1.0878 0.0000
vt 0.0487 1.0828 0.0000
vt 0.0563 0.0864 0.0000
vt 0.0570 0.0775 0.0000
vt 0.0644 0.0858 0.0000
vt 0.0626 0.0773 0.0000
vt 0.3127 1.4547 0.0000
vt 0.0537 1.0914 0.0000
vt 0.0521 1.0906 0.0000
vt 0.0541 1.0904 0.0000
vt 0.0543 1.0889 0.0000
vt 0.0619 1.0822 0.0000
vt 0.0637 1.0832 0.0000
vt 0.0570 1.0903 0.0000
vt 0.0597 1.0913 0.0000
vt 0.3340 1.4071 0.0000
vt 0.3325 1.4038 0.0000
vt 0.3339 1.4068 0.0000
vt 0.0246 0.0887 0.0000
vt 0.0255 0.0849 0.0000
vt 0.0260 0.0939 0.0000
vt 0.0266 0.0900 0.0000
vt 0.0262 1.1237 0.0000
vt 0.0282 1.1221 0.0000
vt 0.0315 1.1215 0.0000
vt 0.0285 1.1200 0.0000
vt 0.3668 1.4065 0.0000
vt 0.3682 1.4105 0.0000
vt 0.3671 1.4060 0.0000
vt 0.3681 1.4105 0.0000
vt 0.0652 0.0885 0.0000
vt 0.0645 0.0834 0.0000
vt 0.0663 0.0869 0.0000
vt 0.0673 0.0830 0.0000
vt 0.0302 1.0868 0.0000
vt 0.0344 1.0886 0.0000
vt 0.0357 1.0909 0.0000
vt 0.0381 1.0859 0.0000
vt 0.0296 1.0830 0.0000
vt 0.0353 1.0780 0.0000
vt 0.0380 1.0784 0.0000
vt 0.0214 0.0913 0.0000
vt 0.0220 0.0847 0.0000
vt 0.0275 0.0896 0.0000
vt 0.0262 0.0831 0.0000
vt 0.0531 1.1169 0.0000
vt 0.0530 1.1129 0.0000
vt 0.0556 1.1246 0.0000
vt 0.0516 1.1134 0.0000
vt 0.0491 1.1266 0.0000
vt 0.0467 1.1165 0.0000
vt 0.0495 1.0830 0.0000
vt 0.0539 1.0915 0.0000
vt 0.0535 1.0921 0.0000
vt 0.0574 1.0917 0.0000
vt 0.0305 1.0816 0.0000
vt 0.0238 1.0877 0.0000
vt 0.0288 1.0868 0.0000
vt 0.0248 1.0860 0.0000
vt 0.0245 1.0803 0.0000
vt 0.0206 1.0826 0.0000
vt 0.0514 0.1116 0.0000
vt 0.0593 0.1121 0.0000
vt 0.0495 0.1230 0.0000
vt 0.0608 0.1240 0.0000
vt 0.3124 1.4026 0.0000
vt 0.0613 1.0820 0.0000
vt 0.0571 1.0900 0.0000
vt 0.0542 1.0902 0.0000
vt 0.0536 1.0914 0.0000
vt 0.0522 1.0905 0.0000
vt 0.3341 1.4535 0.0000
vt 0.3340 1.4537 0.0000
vt 0.3326 1.4567 0.0000
vt 0.0267 0.0899 0.0000
vt 0.0254 0.0849 0.0000
vt 0.0259 0.0937 0.0000
vt 0.0243 0.0886 0.0000
vt 0.0262 1.1238 0.0000
vt 0.0314 1.1212 0.0000
vt 0.0284 1.1220 0.0000
vt 0.0286 1.1200 0.0000
vt 0.3667 1.4542 0.0000
vt 0.3669 1.4546 0.0000
vt 0.3681 1.4502 0.0000
vt 0.0663 0.0888 0.0000
vt 0.0654 0.0872 0.0000
vt 0.0667 0.0837 0.0000
vt 0.0642 0.0833 0.0000
vt 0.0282 1.0890 0.0000
vt 0.0255 1.0861 0.0000
vt 0.0340 1.0909 0.0000
vt 0.0301 1.0867 0.0000
vt 0.0342 1.0886 0.0000
vt 0.0261 0.0830 0.0000
vt 0.0220 0.0848 0.0000
vt 0.0277 0.0895 0.0000
vt 0.0216 0.0913 0.0000
vt 0.3262 1.4571 0.0000
vt 0.3209 1.4608 0.0000
vt 0.3253 1.4613 0.0000
vt 0.0207 1.0845 0.0000
vt 0.0229 1.0833 0.0000
vt 0.0214 1.0833 0.0000
vt 0.0216 1.0820 0.0000
vt 0.0552 0.0800 0.0000
vt 0.0552 0.0912 0.0000
vt 0.0519 1.1130 0.0000
vt 0.0552 1.1248 0.0000
vt 0.0534 1.1169 0.0000
vt 0.0193 0.1241 0.0000
vt 0.0200 0.1153 0.0000
vt 0.0252 0.1237 0.0000
vt 0.0248 0.1142 0.0000
vt 0.0577 1.0810 0.0000
vt 0.0526 1.0818 0.0000
vt 0.0602 1.0913 0.0000
vt 0.0611 1.0915 0.0000
vt 0.0617 1.0852 0.0000
vt 0.0637 1.0814 0.0000
vt 0.0509 0.0898 0.0000
vt 0.0509 0.0812 0.0000
vt 0.0528 0.0893 0.0000
vt 0.0526 0.0810 0.0000
vt 0.0625 1.1242 0.0000
vt 0.0612 1.1246 0.0000
vt 0.0619 1.1237 0.0000
vt 0.0597 1.1233 0.0000
vt 0.0530 0.0814 0.0000
vt 0.0532 0.0892 0.0000
vt 0.0473 0.0902 0.0000
vt 0.0479 0.0820 0.0000
vt 0.0553 1.1205 0.0000
vt 0.0531 1.1134 0.0000
vt 0.0548 1.1253 0.0000
vt 0.0500 1.1136 0.0000
vt 0.0612 1.1241 0.0000
vt 0.0610 1.1239 0.0000
vt 0.0610 1.1246 0.0000
vt 0.0592 1.1234 0.0000
vt 0.0534 0.0814 0.0000
vt 0.0536 0.0893 0.0000
vt 0.0538 0.0810 0.0000
vt 0.8882 1.0634 0.0000
vt 0.9101 1.0653 0.0000
vt 0.8946 1.0826 0.0000
vt 0.9080 1.0819 0.0000
vt 0.1196 1.1749 0.0000
vt 0.1038 1.1907 0.0000
vt 0.0825 1.1706 0.0000
vt 0.0909 1.2073 0.0000
vt 0.1290 1.6178 0.0000
vt 0.1410 1.6110 0.0000
vt 0.1448 1.6209 0.0000
vt 0.1542 1.6085 0.0000
vt 0.9792 1.0649 0.0000
vt 0.9799 1.0685 0.0000
vt 0.9827 1.0593 0.0000
vt 0.9773 1.0600 0.0000
vt 0.6821 1.4401 0.0000
vt 0.6606 1.4123 0.0000
vt 0.6952 1.4060 0.0000
vt 0.9707 1.0300 0.0000
vt 0.9716 1.0342 0.0000
vt 0.9781 1.0297 0.0000
vt 0.1248 1.3057 0.0000
vt 0.1352 1.3076 0.0000
vt 0.1211 1.3291 0.0000
vt 0.1336 1.3296 0.0000
vt 0.3980 0.4383 0.0000
vt 0.4003 0.4461 0.0000
vt 0.3901 0.4367 0.0000
vt 0.3913 0.4464 0.0000
vt 0.5163 0.5134 0.0000
vt 0.4850 0.4988 0.0000
vt 0.3877 1.4068 0.0000
vt 0.3698 1.3898 0.0000
vt 0.3667 1.4057 0.0000
vt 0.3465 1.3948 0.0000
vt 0.2335 1.1256 0.0000
vt 0.2439 1.1417 0.0000
vt 0.1524 1.2301 0.0000
vt 0.1632 1.2134 0.0000
vt 0.1856 1.2224 0.0000
vt 0.1892 1.2081 0.0000
vt 0.1853 1.1493 0.0000
vt 0.2075 1.1535 0.0000
vt 0.2022 1.1612 0.0000
vt 0.2130 1.1709 0.0000
vt 0.7169 1.9124 0.0000
vt 0.7657 1.9059 0.0000
vt 0.7835 1.8749 0.0000
vt -0.1873 1.3816 0.0000
vt -0.1707 1.3878 0.0000
vt -0.1825 1.3874 0.0000
vt -0.1709 1.3878 0.0000
vt 0.3118 1.4165 0.0000
vt 0.3220 1.4290 0.0000
vt 0.3423 1.4167 0.0000
vt 0.3448 1.4285 0.0000
vt -0.6766 0.4454 0.0000
vt -0.6730 0.4530 0.0000
vt 0.5977 1.4791 0.0000
vt 0.6096 1.4757 0.0000
vt 0.6097 1.4762 0.0000
vt 0.6152 1.4691 0.0000
vt 0.9827 1.0589 0.0000
vt 0.9776 1.0610 0.0000
vt 0.9806 1.0600 0.0000
vt 0.8578 1.0441 0.0000
vt 0.8630 1.0702 0.0000
vt 0.6950 1.3892 0.0000
vt 0.7086 1.3920 0.0000
vt 0.6974 1.3893 0.0000
vt 0.7144 1.3941 0.0000
vt 0.9141 1.0817 0.0000
vt 0.9238 1.0859 0.0000
vt 0.3915 0.4130 0.0000
vt 0.4005 0.4135 0.0000
vt 0.3902 0.4228 0.0000
vt 0.3982 0.4212 0.0000
vt 0.6746 1.9517 0.0000
vt 0.6745 1.9523 0.0000
vt 0.4125 0.4756 0.0000
vt 0.4394 0.5034 0.0000
vt 0.4441 0.4814 0.0000
vt 0.4770 0.4747 0.0000
vt 0.1594 1.2854 0.0000
vt 0.1680 1.2793 0.0000
vt 0.1562 1.2808 0.0000
vt 0.1536 1.2752 0.0000
vt 0.1029 1.0968 0.0000
vt 0.1364 1.1251 0.0000
vt 0.1084 1.0857 0.0000
vt 0.1917 1.2031 0.0000
vt 0.2133 1.2035 0.0000
vt 0.2125 1.2013 0.0000
vt 0.2129 1.1940 0.0000
vt 0.1763 1.0592 0.0000
vt 0.1791 1.0978 0.0000
vt 0.1484 1.0625 0.0000
vt 0.0367 1.2980 0.0000
vt 0.0240 1.2641 0.0000
vt 0.3348 0.4812 0.0000
vt 0.3570 0.5016 0.0000
vt 0.3364 0.4667 0.0000
vt 0.3792 0.4887 0.0000
vt -0.1705 1.3878 0.0000
vt -0.1727 1.3767 0.0000
vt -0.1636 1.3832 0.0000
vt 0.3424 1.4403 0.0000
vt 0.3258 1.4366 0.0000
vt -0.6568 0.4157 0.0000
vt -0.6570 0.4052 0.0000
vt -0.6764 0.4106 0.0000
vt -0.6728 0.4030 0.0000
vt 0.3925 1.4298 0.0000
vt 0.3885 1.4240 0.0000
vt 0.3949 1.4207 0.0000
vt 0.2918 1.4745 0.0000
vt 0.3521 1.4777 0.0000
vt 0.2998 1.4615 0.0000
vt 0.3471 1.4629 0.0000
vt 0.2890 1.3867 0.0000
vt 0.2696 1.4091 0.0000
vt 0.2818 1.4109 0.0000
vt 0.2798 1.4305 0.0000
vt 0.3969 1.4302 0.0000
vt 0.2195 1.0700 0.0000
vt 0.2024 1.0668 0.0000
vt 0.2144 1.0563 0.0000
vt 0.1963 1.0498 0.0000
vt 0.2094 1.0409 0.0000
vt 0.9353 1.1566 0.0000
vt 0.9344 1.1539 0.0000
vt 0.9301 1.1526 0.0000
vt 0.9330 1.1528 0.0000
vt 0.9315 1.1503 0.0000
vt 0.9468 1.1371 0.0000
vt 0.9434 1.1363 0.0000
vt 0.9445 1.1375 0.0000
vt 0.9432 1.1378 0.0000
vt 0.9445 1.1377 0.0000
vt 0.9586 1.1484 0.0000
vt 0.9686 1.1296 0.0000
vt 0.9535 1.1361 0.0000
vt 0.9390 1.1201 0.0000
vt 0.9409 1.1325 0.0000
vt 0.9560 1.1675 0.0000
vt 0.9502 1.1605 0.0000
vt 0.9408 1.1520 0.0000
vt 0.9438 1.1594 0.0000
vt 0.9667 1.2083 0.0000
vt 0.9731 1.2002 0.0000
vt 0.9623 1.1982 0.0000
vt 0.9630 1.1962 0.0000
vt 0.9602 1.1956 0.0000
vt 0.9909 1.2064 0.0000
vt 0.9900 1.1784 0.0000
vt 0.9738 1.1906 0.0000
vt 0.9612 1.1836 0.0000
vt 0.9284 1.1785 0.0000
vt 0.9333 1.1894 0.0000
vt 0.9430 1.1788 0.0000
vt 0.9431 1.1905 0.0000
vt 0.9509 1.1941 0.0000
vt 0.9181 1.2249 0.0000
vt 0.9144 1.2232 0.0000
vt 0.9029 1.2371 0.0000
vt 0.8915 1.1449 0.0000
vt 0.8589 1.1356 0.0000
vt 0.8720 1.1504 0.0000
vt 0.8444 1.1843 0.0000
vt 0.8632 1.1626 0.0000
vt 0.8475 1.2759 0.0000
vt 0.8294 1.2652 0.0000
vt 0.8441 1.2876 0.0000
vt 0.8204 1.2935 0.0000
vt 0.8512 1.3003 0.0000
vt 0.9023 1.3079 0.0000
vt 0.9079 1.3076 0.0000
vt 0.9130 1.2874 0.0000
vt 0.9146 1.3070 0.0000
vt 0.9231 1.2906 0.0000
vt 0.8948 1.3069 0.0000
vt 0.9015 1.2820 0.0000
vt 0.9069 1.2738 0.0000
vt 0.9149 1.2774 0.0000
vt 0.9202 1.2746 0.0000
vt 0.9225 1.2592 0.0000
vt 0.9281 1.2613 0.0000
vt 0.9359 1.2470 0.0000
vt 0.8730 1.3641 0.0000
vt 0.8818 1.3460 0.0000
vt 0.8720 1.3392 0.0000
vt 0.8863 1.3419 0.0000
vt 0.8928 1.3330 0.0000
vt 0.6931 1.3290 0.0000
vt 0.7147 1.3347 0.0000
vt 0.6922 1.3246 0.0000
vt 0.7175 1.3308 0.0000
vt 0.6787 1.3213 0.0000
vt 0.6678 1.3231 0.0000
vt 0.6784 1.3261 0.0000
vt 0.6834 1.3333 0.0000
vt 0.9303 1.1914 0.0000
vt 0.9312 1.1894 0.0000
vt 0.9223 1.1881 0.0000
vt 0.7325 1.2895 0.0000
vt 0.7181 1.2727 0.0000
vt 0.5922 1.3408 0.0000
vt 0.5859 1.3511 0.0000
vt 0.5832 1.3701 0.0000
vt 0.5698 1.3317 0.0000
vt 0.5651 1.3509 0.0000
vt 0.5718 1.3323 0.0000
vt 0.2139 1.0158 0.0000
vt 0.2233 1.0013 0.0000
vt 0.2148 1.0071 0.0000
vt 0.2130 1.0217 0.0000
vt 0.0217 1.0860 0.0000
vt 0.0245 1.0860 0.0000
vt 0.0214 1.0876 0.0000
vt 0.0249 1.0863 0.0000
vt 0.0250 1.0874 0.0000
vt 0.0269 1.1114 0.0000
vt 0.0255 1.1230 0.0000
vt 0.0208 1.1145 0.0000
vt 0.0245 1.1241 0.0000
vt 0.0193 1.1154 0.0000
vt 0.0267 1.1202 0.0000
vt 0.0305 1.1230 0.0000
vt 0.0326 1.1232 0.0000
vt 0.0566 1.0887 0.0000
vt 0.0285 1.0878 0.0000
vt 0.0281 1.0863 0.0000
vt 0.0341 1.0880 0.0000
vt 0.0286 1.0850 0.0000
vt 0.0329 1.0843 0.0000
vt 0.0321 0.1144 0.0000
vt 0.0270 0.1148 0.0000
vt 0.0272 0.1238 0.0000
vt 0.0184 1.0807 0.0000
vt 0.0216 1.0821 0.0000
vt 0.0200 1.0829 0.0000
vt 0.0229 1.0832 0.0000
vt 0.0207 1.0846 0.0000
vt 0.0250 1.0872 0.0000
vt 0.0248 1.0861 0.0000
vt 0.0213 1.0875 0.0000
vt 0.0218 1.0859 0.0000
vt 0.0638 0.1119 0.0000
vt 0.0600 0.1235 0.0000
vt 0.0606 0.1119 0.0000
vt 0.0197 1.1161 0.0000
vt 0.0247 1.1241 0.0000
vt 0.0257 1.1230 0.0000
vt 0.0268 1.1114 0.0000
vt 0.0508 1.0815 0.0000
vt 0.0543 1.0885 0.0000
vt 0.0544 1.0802 0.0000
vt 0.0565 1.0887 0.0000
vt 0.0579 1.0808 0.0000
vt 0.0238 1.0823 0.0000
vt 0.0282 1.0853 0.0000
vt 0.0257 1.0805 0.0000
vt 0.0288 1.0848 0.0000
vt 0.0278 1.0788 0.0000
vt 0.0315 0.1138 0.0000
vt 0.0374 0.1152 0.0000
vt 0.0359 0.1240 0.0000
vt 0.0267 1.0835 0.0000
vt 0.0553 0.0913 0.0000
vt 0.0613 1.0807 0.0000
vt 0.0629 1.0812 0.0000
vt 0.0576 1.0905 0.0000
vt 0.0675 1.0840 0.0000
vt 0.0612 1.0944 0.0000
vt 0.0623 1.0809 0.0000
vt 0.0616 1.0807 0.0000
vt 0.0555 0.0812 0.0000
vt 0.9750 1.0448 0.0000
vt 0.9680 1.0473 0.0000
vt 0.9597 1.0503 0.0000
vt 0.9559 1.0410 0.0000
vt 0.9056 1.0390 0.0000
vt 0.8880 1.0625 0.0000
vt 0.9104 1.0642 0.0000
vt 0.9144 1.0817 0.0000
vt 0.6868 1.4800 0.0000
vt 0.7018 1.4803 0.0000
vt 0.7081 1.4653 0.0000
vt 0.7134 1.4718 0.0000
vt 0.7264 1.4512 0.0000
vt 0.9294 1.0465 0.0000
vt 0.9509 1.0522 0.0000
vt 0.9516 1.0499 0.0000
vt 0.9692 1.0578 0.0000
vt 0.9713 1.0539 0.0000
vt 0.7091 1.3921 0.0000
vt 0.6979 1.3893 0.0000
vt 0.7151 1.3940 0.0000
vt 0.7288 1.4050 0.0000
vt 0.1632 1.1677 0.0000
vt 0.1721 1.1749 0.0000
vt 0.1697 1.1749 0.0000
vt 0.1732 1.1787 0.0000
vt 0.1661 1.1834 0.0000
vt 0.0604 1.0844 0.0000
vt 0.0594 1.0870 0.0000
vt 0.0566 1.0846 0.0000
vt 0.0548 1.0839 0.0000
vt 0.0487 1.0860 0.0000
vt 0.1086 1.1415 0.0000
vt 0.1177 1.1305 0.0000
vt 0.1356 1.1510 0.0000
vt 0.1562 1.1369 0.0000
vt 0.1642 1.1483 0.0000
vt 0.1560 1.2800 0.0000
vt 0.1512 1.2923 0.0000
vt 0.1455 1.3092 0.0000
vt 0.8176 1.6765 0.0000
vt 0.8293 1.7051 0.0000
vt 0.7859 1.6863 0.0000
vt 0.7940 1.7168 0.0000
vt 0.7613 1.7029 0.0000
vt 0.2536 1.3003 0.0000
vt 0.2365 1.3143 0.0000
vt 0.2216 1.3018 0.0000
vt 0.2126 1.3088 0.0000
vt 0.2325 1.2622 0.0000
vt 0.2383 1.2564 0.0000
vt 0.2438 1.2602 0.0000
vt 0.1787 1.0979 0.0000
vt 0.1480 1.0628 0.0000
vt 0.1756 1.0599 0.0000
vt 0.1592 1.0567 0.0000
vt 0.1599 1.0566 0.0000
vt 0.7631 1.9803 0.0000
vt 0.7656 1.9638 0.0000
vt 0.7817 1.9415 0.0000
vt 0.6164 1.4095 0.0000
vt 0.6217 1.3883 0.0000
vt 0.6178 1.3846 0.0000
vt 0.3244 1.4613 0.0000
vt 0.3142 1.4618 0.0000
vt 0.3209 1.4715 0.0000
vt 0.2894 1.4731 0.0000
vt 0.3443 1.4807 0.0000
vt 0.2821 1.4500 0.0000
vt 0.2964 1.4484 0.0000
vt 0.2956 1.4611 0.0000
vt 0.3083 1.4527 0.0000
vt 0.3748 1.4624 0.0000
vt 0.3632 1.4716 0.0000
vt 0.3588 1.4775 0.0000
vt 0.9557 1.0410 0.0000
vt 0.9644 1.0447 0.0000
vt 0.9701 1.0447 0.0000
vt 0.6612 1.4139 0.0000
vt 0.6818 1.4401 0.0000
vt 0.9713 1.0526 0.0000
vt 0.9694 1.0581 0.0000
vt 0.9524 1.0476 0.0000
vt 0.9508 1.0523 0.0000
vt 0.9292 1.0466 0.0000
vt 0.8313 1.0421 0.0000
vt 0.8336 1.0453 0.0000
vt 0.8267 1.0531 0.0000
vt 0.8299 1.0588 0.0000
vt 0.8209 1.0679 0.0000
vt 0.8966 1.0216 0.0000
vt 0.9086 1.0259 0.0000
vt 0.9083 1.0298 0.0000
vt 0.9681 1.0320 0.0000
vt 0.9585 1.0384 0.0000
vt 0.9658 1.0336 0.0000
vt 0.2106 1.5821 0.0000
vt 0.2005 1.5881 0.0000
vt 0.2016 1.6027 0.0000
vt 0.1854 1.5982 0.0000
vt 0.1762 1.6113 0.0000
vt 0.3890 1.4082 0.0000
vt 0.3879 1.4083 0.0000
vt 0.3872 1.4133 0.0000
vt 0.0514 1.0851 0.0000
vt 0.0477 1.0832 0.0000
vt 0.1354 1.3081 0.0000
vt 0.1447 1.2894 0.0000
vt 0.1364 1.2849 0.0000
vt 0.1610 1.3118 0.0000
vt 0.1658 1.3125 0.0000
vt 0.1609 1.2975 0.0000
vt 0.8104 1.6899 0.0000
vt 0.7892 1.6959 0.0000
vt 0.8291 1.7047 0.0000
vt 0.7938 1.7165 0.0000
vt 0.8337 1.7172 0.0000
vt 0.8435 1.8595 0.0000
vt 0.8310 1.8087 0.0000
vt 0.8173 1.8445 0.0000
vt 0.7857 1.8047 0.0000
vt 0.7800 1.8335 0.0000
vt 0.7107 1.6194 0.0000
vt 0.7185 1.6232 0.0000
vt 0.1500 1.1690 0.0000
vt 0.1291 1.1676 0.0000
vt 0.1445 1.1942 0.0000
vt 0.1984 1.2940 0.0000
vt 0.2129 1.3102 0.0000
vt 0.2224 1.3028 0.0000
vt 0.2377 1.3148 0.0000
vt 0.1672 1.1436 0.0000
vt 0.1820 1.1376 0.0000
vt 0.1964 1.1368 0.0000
vt 0.2424 1.1726 0.0000
vt 0.2602 1.1714 0.0000
vt 0.1664 1.1577 0.0000
vt 0.1859 1.1495 0.0000
vt 0.1794 1.1370 0.0000
vt 0.2282 1.1153 0.0000
vt 0.2239 1.0981 0.0000
vt 0.0263 1.3054 0.0000
vt 0.0512 1.3161 0.0000
vt 0.0662 1.3078 0.0000
vt 0.3740 0.5159 0.0000
vt 0.3196 0.4645 0.0000
vt 0.3076 0.4525 0.0000
vt 0.3026 0.4499 0.0000
vt 0.2731 1.4540 0.0000
vt 0.2795 1.4410 0.0000
vt 0.2724 1.4289 0.0000
vt 0.3111 1.4081 0.0000
vt 0.3083 1.4082 0.0000
vt 0.3356 1.4175 0.0000
vt 0.9296 1.1405 0.0000
vt 0.9296 1.1403 0.0000
vt 0.9296 1.1404 0.0000
vt 0.9290 1.1415 0.0000
vt 0.9292 1.1425 0.0000
vt 0.8608 1.2906 0.0000
vt 0.8561 1.2842 0.0000
vt 0.8566 1.2831 0.0000
vt 0.8819 1.2794 0.0000
vt 0.8714 1.2859 0.0000
vt 0.8782 1.3015 0.0000
vt 0.8697 1.2919 0.0000
vt 0.8536 1.2274 0.0000
vt 0.8380 1.2429 0.0000
vt 0.8576 1.2142 0.0000
vt 0.8612 1.2054 0.0000
vt 0.6728 1.3059 0.0000
vt 0.6515 1.2680 0.0000
vt 0.9602 1.1977 0.0000
vt 0.9568 1.1941 0.0000
vt 0.9585 1.2976 0.0000
vt 0.9685 1.2945 0.0000
vt 0.9609 1.2832 0.0000
vt 0.9689 1.2812 0.0000
vt 0.9618 1.2755 0.0000
vt 0.9667 1.2707 0.0000
vt 0.8942 1.1843 0.0000
vt 0.9056 1.1828 0.0000
vt 0.5578 1.3572 0.0000
vt 0.5465 1.3601 0.0000
vt 0.0489 0.0863 0.0000
vt 0.0507 0.0776 0.0000
vt 0.0538 0.0868 0.0000
vt 0.0539 0.0772 0.0000
vt 0.0565 0.0861 0.0000
vt 0.0561 0.0773 0.0000
vt 0.0248 1.0830 0.0000
vt 0.0252 1.0807 0.0000
vt 0.0240 1.0803 0.0000
vt 0.0214 1.0794 0.0000
vt 0.0503 1.0827 0.0000
vt 0.0533 1.0918 0.0000
vt 0.8385 1.0540 0.0000
vt 0.8298 1.0582 0.0000
vt 0.8326 1.0669 0.0000
vt 0.8213 1.0676 0.0000
vt 0.8254 1.0722 0.0000
vt 0.8077 1.0781 0.0000
vt 0.8519 1.0130 0.0000
vt 0.8388 1.0275 0.0000
vt 0.9591 1.0809 0.0000
vt 0.9551 1.0707 0.0000
vt 0.9424 1.0854 0.0000
vt 0.9324 1.0600 0.0000
vt 0.9241 1.0862 0.0000
vt 0.9173 1.0500 0.0000
vt 0.7863 1.8045 0.0000
vt 0.7807 1.8333 0.0000
vt 0.7498 1.8167 0.0000
vt 0.7172 1.8165 0.0000
vt 0.6746 1.8547 0.0000
vt -0.1650 1.3850 0.0000
vt 0.5784 0.4480 0.0000
vt 0.5750 0.4500 0.0000
vt 0.5656 0.4612 0.0000
vt 0.5530 0.4776 0.0000
vt 0.2904 1.4035 0.0000
vt 0.2903 1.4165 0.0000
vt 0.2730 1.4035 0.0000
vt 0.2795 1.4168 0.0000
vt 0.2913 1.3836 0.0000
vt 0.2995 1.3959 0.0000
vt 0.3520 1.3801 0.0000
vt 0.3670 1.3831 0.0000
vt 0.8219 1.0483 0.0000
vt 0.8109 1.0633 0.0000
vt 0.8083 1.0612 0.0000
vt 0.7977 1.0695 0.0000
vt 0.3777 1.4589 0.0000
vt 0.3670 1.4514 0.0000
vt 0.3702 1.4676 0.0000
vt 0.3672 1.4746 0.0000
vt 0.1041 1.1908 0.0000
vt 0.1201 1.1748 0.0000
vt 0.0976 1.1503 0.0000
vt 0.1090 1.1412 0.0000
vt 0.2455 1.2343 0.0000
vt 0.2517 1.2546 0.0000
vt 0.2438 1.2605 0.0000
vt 0.5806 1.4691 0.0000
vt 0.5788 1.4553 0.0000
vt 0.5820 1.4352 0.0000
vt 0.5865 1.4761 0.0000
vt 0.5983 1.4697 0.0000
vt 0.6153 1.4694 0.0000
vt 0.3859 1.4301 0.0000
vt 0.3846 1.4261 0.0000
vt 0.9037 1.1050 0.0000
vt 0.9150 1.1290 0.0000
vt 0.8991 1.1278 0.0000
vt 0.9099 1.1352 0.0000
vt 0.9084 1.1432 0.0000
vt 0.4837 1.4548 0.0000
vt 0.4510 1.4621 0.0000
vt 0.4745 1.4726 0.0000
vt 0.4668 1.4835 0.0000
vt 0.4831 1.4814 0.0000
vt 0.8755 1.2566 0.0000
vt 0.8747 1.2565 0.0000
vt 0.8777 1.2619 0.0000
vt 0.8809 1.2578 0.0000
vt 0.5932 1.2220 0.0000
vt 0.5896 1.2294 0.0000
vt 0.5860 1.2291 0.0000
vt 0.6868 1.2718 0.0000
vt 0.6848 1.2667 0.0000
vt 0.8953 1.3401 0.0000
vt 0.9077 1.3522 0.0000
vt 0.9039 1.3436 0.0000
vt 0.9076 1.3377 0.0000
vt 0.7344 1.3209 0.0000
vt 0.7338 1.3225 0.0000
vt 0.7585 1.3298 0.0000
vt 0.7565 1.3386 0.0000
vt 0.7656 1.3604 0.0000
vt 0.8169 1.3447 0.0000
vt 0.8198 1.3322 0.0000
vt 0.7880 1.3314 0.0000
vt 0.7985 1.3067 0.0000
vt 0.7886 1.2917 0.0000
vt 0.8859 1.3474 0.0000
vt 0.8953 1.3520 0.0000
vt 0.8925 1.3720 0.0000
vt 0.8997 1.3871 0.0000
vt 0.5878 1.3288 0.0000
vt 0.5993 1.3213 0.0000
vt 0.5768 1.3201 0.0000
vt 0.5842 1.3002 0.0000
vt 0.5724 1.3161 0.0000
vt 0.5651 1.2761 0.0000
vt 0.5465 1.2922 0.0000
vt 0.7150 1.3365 0.0000
vt 0.0271 1.0866 0.0000
vt 0.0282 1.0863 0.0000
vt 0.0292 1.0808 0.0000
vt 0.0185 1.0834 0.0000
vt 0.0231 1.0802 0.0000
vt 0.0278 1.0779 0.0000
vt 0.0582 1.0914 0.0000
vt 0.0284 1.0859 0.0000
vt 0.0270 1.0866 0.0000
vt 0.0366 1.1138 0.0000
vt 0.0342 1.1122 0.0000
vt 0.0325 1.1232 0.0000
vt 0.0320 1.1210 0.0000
vt 0.0266 1.1198 0.0000
vt 0.0208 1.0821 0.0000
vt 0.0201 1.0798 0.0000
vt 0.0275 1.0779 0.0000
vt 0.0235 1.0799 0.0000
vt 0.0186 1.0834 0.0000
vt 0.0667 1.1134 0.0000
vt 0.0505 1.1138 0.0000
vt 0.0552 1.1254 0.0000
vt 0.0555 1.1247 0.0000
vt 0.0670 1.1129 0.0000
vt 0.9582 1.0385 0.0000
vt 0.9537 1.0340 0.0000
vt 0.9466 1.0352 0.0000
vt 0.9467 1.0303 0.0000
vt 0.9378 1.0259 0.0000
vt 0.9417 1.0248 0.0000
vt 0.9378 1.0185 0.0000
vt 0.9773 1.0611 0.0000
vt 0.9831 1.0583 0.0000
vt 0.9871 1.0526 0.0000
vt 0.8274 1.0532 0.0000
vt 0.8247 1.0505 0.0000
vt 0.8152 1.0657 0.0000
vt 0.8120 1.0634 0.0000
vt 0.7997 1.0705 0.0000
vt 0.6662 1.4007 0.0000
vt 0.2101 1.5811 0.0000
vt 0.2051 1.5933 0.0000
vt 0.1999 1.5880 0.0000
vt 0.2010 1.6031 0.0000
vt 0.1849 1.5984 0.0000
vt 0.1761 1.6114 0.0000
vt 0.1679 1.6043 0.0000
vt 0.3329 1.1868 0.0000
vt 0.3321 1.1884 0.0000
vt 0.3299 1.1856 0.0000
vt 0.3307 1.1892 0.0000
vt 0.3289 1.1857 0.0000
vt 0.3295 1.1895 0.0000
vt 0.3283 1.1862 0.0000
vt 0.1702 1.1488 0.0000
vt 0.1719 1.1721 0.0000
vt 0.1640 1.1736 0.0000
vt 0.1596 1.1859 0.0000
vt 0.2199 1.1667 0.0000
vt 0.2249 1.1820 0.0000
vt 0.2191 1.1837 0.0000
vt 0.2248 1.1973 0.0000
vt 0.2197 1.1950 0.0000
vt 0.8340 1.7175 0.0000
vt 0.7947 1.7403 0.0000
vt 0.7629 1.7432 0.0000
vt 0.7250 1.7388 0.0000
vt 0.1708 1.1994 0.0000
vt 0.1757 1.1949 0.0000
vt 0.1827 1.1849 0.0000
vt 0.1805 1.2502 0.0000
vt 0.1884 1.2392 0.0000
vt 0.2148 1.2420 0.0000
vt 0.0668 1.2496 0.0000
vt 0.1255 1.2109 0.0000
vt 0.1439 1.1943 0.0000
vt 0.2335 1.2890 0.0000
vt 0.2436 1.2803 0.0000
vt 0.2598 1.2860 0.0000
vt 0.0955 1.1101 0.0000
vt 0.0899 1.1193 0.0000
vt 0.0774 1.1366 0.0000
vt 0.0972 1.1505 0.0000
vt 0.0648 1.1563 0.0000
vt 0.1699 1.1641 0.0000
vt 0.1849 1.1590 0.0000
vt 0.1816 1.1722 0.0000
vt 0.1933 1.1764 0.0000
vt 0.1862 1.1598 0.0000
vt 0.5841 0.4435 0.0000
vt 0.5723 0.4479 0.0000
vt 0.5486 0.4584 0.0000
vt 0.5986 1.4568 0.0000
vt 0.5989 1.4354 0.0000
vt 0.5994 1.4094 0.0000
vt 0.5999 1.3872 0.0000
vt 0.9381 1.0183 0.0000
vt 0.9419 1.0245 0.0000
vt 0.9375 1.0255 0.0000
vt 0.9468 1.0302 0.0000
vt 0.9467 1.0351 0.0000
vt 0.9540 1.0342 0.0000
vt 0.6914 1.3887 0.0000
vt 0.7281 1.4051 0.0000
vt 0.8291 1.0405 0.0000
vt 0.8241 1.0505 0.0000
vt 0.8147 1.0659 0.0000
vt 0.8077 1.0786 0.0000
vt 0.1683 1.6039 0.0000
vt 0.1548 1.6079 0.0000
vt 0.1450 1.6202 0.0000
vt 0.1416 1.6106 0.0000
vt 0.3294 1.1895 0.0000
vt 0.3306 1.1892 0.0000
vt 0.3299 1.1855 0.0000
vt 0.3320 1.1885 0.0000
vt 0.3308 1.1860 0.0000
vt 0.1704 1.1758 0.0000
vt 0.1578 1.1659 0.0000
vt 0.1730 1.1720 0.0000
vt 0.1712 1.1533 0.0000
vt 0.1820 1.1723 0.0000
vt 0.1881 1.1632 0.0000
vt 0.1939 1.1766 0.0000
vt 0.3630 1.3882 0.0000
vt 0.3758 1.3981 0.0000
vt 0.3953 1.4095 0.0000
vt 0.1336 1.3305 0.0000
vt 0.1558 1.3116 0.0000
vt 0.6749 1.6202 0.0000
vt 0.7485 1.6576 0.0000
vt 0.7245 1.8600 0.0000
vt 0.7186 1.8874 0.0000
vt 0.7648 1.9065 0.0000
vt 0.2080 1.1538 0.0000
vt 0.2176 1.1475 0.0000
vt 0.2205 1.1670 0.0000
vt 0.1997 1.1225 0.0000
vt 0.2202 1.1329 0.0000
vt 0.3382 0.4609 0.0000
vt 0.3113 0.4506 0.0000
vt 0.2942 0.4445 0.0000
vt 0.6826 1.3077 0.0000
vt 0.6121 1.3108 0.0000
vt 0.6403 1.2799 0.0000
vt 0.6443 1.2499 0.0000
vt 0.0209 1.0821 0.0000
vt 0.0236 1.0825 0.0000
vt 0.0256 1.0805 0.0000
vt 0.0278 1.0789 0.0000
vt 0.0330 1.0784 0.0000
vt 0.0285 1.0877 0.0000
vt 0.0341 1.0878 0.0000
vt 0.0329 1.0841 0.0000
vt 0.0329 1.0784 0.0000
vt 0.9163 1.0384 0.0000
vt 0.9290 1.0510 0.0000
vt 0.9502 1.0585 0.0000
vt 0.9749 1.0732 0.0000
vt 0.7904 1.9269 0.0000
vt 0.7564 1.9264 0.0000
vt 0.7147 1.9310 0.0000
vt 0.9056 1.0393 0.0000
vt 0.9160 1.0386 0.0000
vt 0.9170 1.0509 0.0000
vt 0.9288 1.0514 0.0000
vt 0.9322 1.0606 0.0000
vt 0.9500 1.0588 0.0000
vt 0.9548 1.0713 0.0000
vt 0.9743 1.0737 0.0000
vt 0.9180 1.0361 0.0000
vt 0.9207 1.0331 0.0000
vt 0.9358 1.0401 0.0000
vt 0.9560 1.0410 0.0000
vt 0.7351 1.4217 0.0000
vt 0.6766 1.4564 0.0000
vt 0.8171 1.0876 0.0000
vt 0.8250 1.0728 0.0000
vt 0.8332 1.0681 0.0000
vt 0.8396 1.0551 0.0000
vt 0.8454 1.0334 0.0000
vt 0.7606 1.7028 0.0000
vt 0.7943 1.7401 0.0000
vt 0.8290 1.7482 0.0000
vt 0.8564 1.7427 0.0000
vt 0.8627 1.7776 0.0000
vt 0.0573 1.2831 0.0000
vt 0.0915 1.2658 0.0000
vt 0.1030 1.2431 0.0000
vt 0.1138 1.2258 0.0000
vt 0.9219 1.1973 0.0000
vt 0.9139 1.1870 0.0000
vt 0.9010 1.1961 0.0000
vt 0.8792 1.1866 0.0000
vt 0.8620 1.1789 0.0000
vt 0.8799 1.1779 0.0000
vt 0.8804 1.1720 0.0000
vt 0.9124 1.1547 0.0000
vt 0.9224 1.1533 0.0000
vt 0.7073 1.3147 0.0000
vt 0.7275 1.3056 0.0000
vt 0.7261 1.3014 0.0000
vt 0.7055 1.2903 0.0000
vt 0.6993 1.2810 0.0000
vt 0.5989 1.3030 0.0000
vt 0.5974 1.3035 0.0000
vt 0.6002 1.3032 0.0000
vt 0.6026 1.3047 0.0000
vt 0.6104 1.2803 0.0000
vt 0.6198 1.2824 0.0000
vt 0.6281 1.2817 0.0000
vt 0.0581 1.0808 0.0000
vt 0.0541 1.0803 0.0000
vt 0.2117 1.1096 0.0000
vt 0.1991 1.1224 0.0000
vt 0.2026 1.1029 0.0000
vt 0.2045 1.0672 0.0000
vt 0.2052 1.0544 0.0000
vt 0.6769 1.4565 0.0000
vt 0.7355 1.4218 0.0000
vt 0.9115 1.0203 0.0000
vt 0.9185 1.0352 0.0000
vt 0.9200 1.0346 0.0000
vt 0.9344 1.0403 0.0000
vt 0.9748 1.0732 0.0000
vt 0.3203 1.1864 0.0000
vt 0.3224 1.1847 0.0000
vt 0.3214 1.1877 0.0000
vt 0.3236 1.1852 0.0000
vt 0.3233 1.1889 0.0000
vt 0.3258 1.1854 0.0000
vt 0.3256 1.1895 0.0000
vt 0.3261 1.1868 0.0000
vt 0.3248 1.1892 0.0000
vt 0.2015 1.3137 0.0000
vt 0.1951 1.2966 0.0000
vt 0.1912 1.3002 0.0000
vt 0.1787 1.2862 0.0000
vt 0.1772 1.2910 0.0000
vt 0.1694 1.2878 0.0000
vt 0.1706 1.2912 0.0000
vt 0.1643 1.2908 0.0000
vt 0.0916 1.2651 0.0000
vt 0.0772 1.3020 0.0000
vt 0.0839 1.3255 0.0000
vt 0.0757 1.3288 0.0000
vt 0.0912 1.3530 0.0000
vt 0.0822 1.3563 0.0000
vt 0.0511 1.3161 0.0000
vt 0.0650 1.3625 0.0000
vt 0.0527 1.3644 0.0000
vt 0.0242 1.2638 0.0000
vt 0.0266 1.2537 0.0000
vt 0.0401 1.2320 0.0000
vt 0.0430 1.2007 0.0000
vt 0.3215 1.1878 0.0000
vt 0.3237 1.1852 0.0000
vt 0.3234 1.1889 0.0000
vt 0.3258 1.1894 0.0000
vt 0.8621 1.8130 0.0000
vt 0.8319 1.7773 0.0000
vt 0.7906 1.7700 0.0000
vt 0.7566 1.7713 0.0000
vt 0.7625 1.7430 0.0000
vt 0.7241 1.7388 0.0000
vt 0.7286 1.6933 0.0000
vt 0.7600 1.7009 0.0000
vt 0.7856 1.6859 0.0000
vt 0.7775 1.6559 0.0000
vt 0.8175 1.6762 0.0000
vt 0.8051 1.6464 0.0000
vt 0.2452 1.2755 0.0000
vt 0.2429 1.2711 0.0000
vt 0.2322 1.2710 0.0000
vt 0.2104 1.2753 0.0000
vt 0.1864 1.2224 0.0000
vt 0.1643 1.2135 0.0000
vt 0.1601 1.1859 0.0000
vt 0.1574 1.1713 0.0000
vt 0.7562 1.9263 0.0000
vt 0.7146 1.9310 0.0000
vt 0.7158 1.9126 0.0000
vt 0.6746 1.9225 0.0000
vt 0.2674 1.4303 0.0000
vt 0.2699 1.4521 0.0000
vt 0.9222 1.1675 0.0000
vt 0.4776 1.3874 0.0000
vt 0.4885 1.4354 0.0000
vt 0.4953 1.4640 0.0000
vt 0.4926 1.4702 0.0000
vt 0.4872 1.4771 0.0000
vt 0.0281 1.0893 0.0000
vt 0.0499 1.0906 0.0000
vt 0.0472 1.0822 0.0000
vt 0.9086 1.0292 0.0000
vt 0.8966 1.0205 0.0000
vt 0.8804 1.0355 0.0000
vt 0.8573 1.0435 0.0000
vt 0.8448 1.0755 0.0000
vt 0.8329 1.0790 0.0000
vt 0.8173 1.0875 0.0000
vt 0.8012 1.0893 0.0000
vt 0.7926 1.0825 0.0000
vt 0.1521 1.2632 0.0000
vt 0.1268 1.2773 0.0000
vt 0.1457 1.3300 0.0000
vt 0.7013 1.4805 0.0000
vt 0.6577 1.4728 0.0000
vt 0.1812 1.2825 0.0000
vt 0.2040 1.2868 0.0000
vt 0.2347 1.2896 0.0000
vt 0.2447 1.2808 0.0000
vt 0.2600 1.2792 0.0000
vt 0.0492 1.2897 0.0000
vt 0.0262 1.2543 0.0000
vt 0.0399 1.2324 0.0000
vt 0.0425 1.2016 0.0000
vt 0.0539 1.1748 0.0000
vt 0.5820 1.3840 0.0000
vt 0.5773 1.3876 0.0000
vt 0.5825 1.4092 0.0000
vt 0.5780 1.4140 0.0000
vt 0.6351 1.2283 0.0000
vt 0.6208 1.2407 0.0000
vt 0.6034 1.2757 0.0000
vt 0.5998 1.2724 0.0000
vt 0.5948 1.2700 0.0000
vt 0.7344 1.3154 0.0000
vt 0.7348 1.3189 0.0000
vt 0.7605 1.3189 0.0000
vt 0.7601 1.3250 0.0000
vt 0.7858 1.3382 0.0000
vt 0.7827 1.3512 0.0000
vt 0.7720 1.3787 0.0000
vt 0.8097 1.3685 0.0000
vt 0.5815 1.3353 0.0000
vt 0.5734 1.3272 0.0000
vt 0.5707 1.3258 0.0000
vt 0.5620 1.3166 0.0000
vt 0.5484 1.3181 0.0000
vt 0.5227 1.3048 0.0000
vt 0.5267 1.3240 0.0000
vt 0.9292 1.2267 0.0000
vt 0.0268 1.0840 0.0000
vt 0.0261 1.0836 0.0000
vt 0.0254 1.0832 0.0000
vt 0.0219 1.0829 0.0000
vt 0.0218 1.0829 0.0000
vt 0.0253 1.0831 0.0000
vt 0.0267 1.0839 0.0000
vt 0.5098 0.4671 0.0000
vt 0.5468 0.4537 0.0000
vt 0.5714 0.4453 0.0000
vt 0.5793 0.4442 0.0000
vt 0.1760 1.2738 0.0000
vt 0.1788 1.2643 0.0000
vt 0.2099 1.2749 0.0000
vt 0.2150 1.2575 0.0000
vt 0.2317 1.2705 0.0000
vt 0.2439 1.2755 0.0000
vt 0.2445 1.2713 0.0000
vt 0.3901 1.4285 0.0000
vt 0.3863 1.4181 0.0000
vt 0.3887 1.4363 0.0000
vt 0.3845 1.4339 0.0000
vt 0.3817 1.4361 0.0000
vt 0.3820 1.4301 0.0000
vt 0.3384 1.4303 0.0000
vt 0.3815 1.4240 0.0000
vt 0.3408 1.4134 0.0000
vt 0.7492 1.8169 0.0000
vt 0.7205 1.7696 0.0000
vt 0.6749 1.7694 0.0000
vt 0.6748 1.7355 0.0000
vt 0.7292 1.7024 0.0000
vt 0.1652 1.2982 0.0000
vt 0.1675 1.2932 0.0000
vt 0.1645 1.2912 0.0000
vt 0.1705 1.2912 0.0000
vt 0.1697 1.2883 0.0000
vt 0.1779 1.2914 0.0000
vt 0.1789 1.2871 0.0000
vt 0.1919 1.3011 0.0000
vt 0.1955 1.2976 0.0000
vt 0.1996 1.3110 0.0000
vt 0.9312 1.1404 0.0000
vt 0.9394 1.1391 0.0000
vt 0.9316 1.1388 0.0000
vt 0.9303 1.1370 0.0000
vt 0.8675 1.2898 0.0000
vt 0.8656 1.2893 0.0000
vt 0.8662 1.2898 0.0000
vt 0.8556 1.3354 0.0000
vt 0.1286 1.1678 0.0000
vt 0.7164 1.8167 0.0000
vt 0.6748 1.8185 0.0000
vt 0.7217 1.7697 0.0000
vt 0.7571 1.7714 0.0000
vt 0.7911 1.7701 0.0000
vt 0.8323 1.7775 0.0000
vt 0.8295 1.7487 0.0000
vt 0.2448 1.2149 0.0000
vt 0.2448 1.1967 0.0000
vt 0.2257 1.1973 0.0000
vt 0.2255 1.1822 0.0000
vt 0.2197 1.1840 0.0000
vt 0.2139 1.1708 0.0000
vt 0.2033 1.1814 0.0000
vt 0.4904 1.4865 0.0000
vt 0.4952 1.4819 0.0000
vt 0.5015 1.4734 0.0000
vt 0.5056 1.4631 0.0000
vt 0.9479 1.2115 0.0000
vt 0.1683 1.2824 0.0000
vt 0.1623 1.2883 0.0000
vt 0.1608 1.2971 0.0000
vt 0.2170 1.1472 0.0000
vt 0.1385 1.1137 0.0000
vt 0.1083 1.0861 0.0000
vt 0.1248 1.0670 0.0000
vt 0.9843 1.0539 0.0000
vt 0.8385 1.0273 0.0000
vt 0.8007 1.0890 0.0000
vt 0.1764 1.2745 0.0000
vt 0.1793 1.2648 0.0000
vt 0.1714 1.1994 0.0000
vt 0.0648 1.1562 0.0000
vt 0.0777 1.1362 0.0000
vt 0.0902 1.1189 0.0000
vt 0.1182 1.1302 0.0000
vt 0.0937 1.1132 0.0000
vt 0.3806 1.4174 0.0000
vt 0.8747 1.2545 0.0000
vt 0.8710 1.2486 0.0000
vt 0.8771 1.2868 0.0000
vt 0.8883 1.2818 0.0000
vt 0.9005 1.2676 0.0000
vt 0.9026 1.2505 0.0000
vt 0.9068 1.2521 0.0000
vt 0.9093 1.0241 0.0000
vt 0.8681 1.0064 0.0000
vt 0.8578 1.0234 0.0000
vt 0.8808 1.0362 0.0000
vt 0.9113 1.0214 0.0000
vt 0.1623 1.2889 0.0000
vt 0.1686 1.2832 0.0000
vt 0.1258 1.2111 0.0000
vt 0.1373 1.1246 0.0000
vt 0.1272 1.2779 0.0000
vt 0.1056 1.3028 0.0000
vt 0.0772 1.3026 0.0000
vt 0.0838 1.3265 0.0000
vt 0.0757 1.3296 0.0000
vt 0.2945 0.4422 0.0000
vt 0.3126 0.4479 0.0000
vt 0.3399 0.4558 0.0000
vt 0.3790 0.4686 0.0000
vt 0.4904 0.5226 0.0000
vt 0.2953 1.3995 0.0000
vt 0.2962 1.4124 0.0000
vt 0.2957 1.4304 0.0000
vt 0.3952 1.4505 0.0000
vt 0.5985 1.3349 0.0000
vt 0.6144 1.3429 0.0000
vt 0.8763 1.0165 0.0000
vt 0.8567 1.0220 0.0000
vt 0.1317 1.0597 0.0000
vt 0.2599 1.1380 0.0000
vt 0.1962 1.1929 0.0000
vt 0.1831 1.1852 0.0000
vt 0.1766 1.1945 0.0000
vt 0.1739 1.1787 0.0000
vt 0.1668 1.1833 0.0000
vt 0.1649 1.1735 0.0000
vt 0.1707 1.1644 0.0000
vt 0.1854 1.1590 0.0000
vt 0.2029 1.1613 0.0000
vt 0.8178 1.8442 0.0000
vt 0.8315 1.8083 0.0000
vt 0.3389 1.3991 0.0000
vt 0.3206 1.3883 0.0000
vt 0.9286 1.1389 0.0000
vt 0.9287 1.1445 0.0000
vt 0.1055 1.3021 0.0000
vt 0.7283 1.7024 0.0000
vt 0.7780 1.6565 0.0000
vt 0.8053 1.6470 0.0000
vt 0.7195 1.3317 0.0000
vt 0.6745 1.3445 0.0000
vt 0.6728 1.3474 0.0000
vt 0.2027 1.1811 0.0000
vt 0.2095 1.1881 0.0000
vt 0.2123 1.1940 0.0000
vt 0.5929 1.3053 0.0000
vt 0.1676 1.2786 0.0000
vt 0.1594 1.2848 0.0000
vt 0.1564 1.2952 0.0000
vt 0.1551 1.3111 0.0000
vt 0.1608 1.3112 0.0000
vt 0.1585 1.3295 0.0000
vt 0.1634 1.3290 0.0000
vt 0.1715 1.3445 0.0000
vt 0.2098 1.1886 0.0000
vt 0.2202 1.1951 0.0000
vt 0.2601 1.2545 0.0000
vt 0.3162 1.4598 0.0000
vt 0.5805 1.4694 0.0000
vt 0.0653 1.3079 0.0000
vt 0.8153 1.8978 0.0000
vt 0.8443 1.8581 0.0000
vt 0.8622 1.8128 0.0000
vt 0.8627 1.7778 0.0000
vt 0.8567 1.7435 0.0000
vt 0.8978 1.2167 0.0000
vt 0.8856 1.2154 0.0000
vt 0.8672 1.2900 0.0000
vt 0.8964 1.0135 0.0000
vt 0.8094 1.0616 0.0000
vt 0.7994 1.0709 0.0000
vt 0.7925 1.0825 0.0000
vt 0.9418 1.0855 0.0000
vt 0.9587 1.0810 0.0000
vt 0.2128 1.2038 0.0000
vt 0.1653 1.3465 0.0000
vt 0.1592 1.3306 0.0000
vt 0.9619 1.2621 0.0000
vt 0.9538 1.2781 0.0000
vt 0.9890 1.3098 0.0000
vt 0.9340 1.2973 0.0000
vt 0.9166 1.3158 0.0000
vt 0.9099 1.3190 0.0000
vt 0.8986 1.3195 0.0000
vt 0.8883 1.3153 0.0000
vt 0.8711 1.2113 0.0000
vt 0.9161 1.1569 0.0000
vt 0.9342 1.1442 0.0000
vt 0.9508 1.1411 0.0000
vt 0.9302 1.1923 0.0000
vt 0.1676 1.2930 0.0000
vt 0.1647 1.2977 0.0000
vt 0.1649 1.3116 0.0000
vt 0.1687 1.3274 0.0000
vt 0.7374 0.1804 0.0000
vt 0.7275 0.1936 0.0000
vt 0.7358 0.1975 0.0000
vt 0.7128 0.1745 0.0000
vt 0.7160 0.1872 0.0000
vt 0.7228 0.1755 0.0000
vt 0.7285 0.1837 0.0000
vt 0.7236 0.2122 0.0000
vt 0.7219 0.2072 0.0000
vt 0.7195 0.1994 0.0000
vt 0.7810 0.1656 0.0000
vt 0.7512 0.1229 0.0000
vt 0.7399 0.1432 0.0000
vt 0.6997 0.1177 0.0000
vt 0.7057 0.1397 0.0000
vt 0.6756 0.1601 0.0000
vt 0.6908 0.1705 0.0000
vt 0.6721 0.1946 0.0000
vt 0.6889 0.1925 0.0000
vt 0.7016 0.2103 0.0000
vt 0.7048 0.2058 0.0000
vt 0.7094 0.1986 0.0000
vt 0.7339 0.2467 0.0000
vt 0.7763 0.2169 0.0000
vt 0.7569 0.2072 0.0000
vt 0.7604 0.1731 0.0000
vt 0.7308 0.1600 0.0000
vt 0.7090 0.1579 0.0000
vt 0.6964 0.1747 0.0000
vt 0.6949 0.1918 0.0000
vt 0.6516 0.1995 0.0000
vt 0.6820 0.2422 0.0000
vt 0.6929 0.2243 0.0000
vt 0.7273 0.2276 0.0000
vt 0.7414 0.1997 0.0000
vt 0.7434 0.1779 0.0000
vt 0.7275 0.1664 0.0000
vt 0.7105 0.1649 0.0000
vt 0.7045 0.1803 0.0000
vt 0.7036 0.1903 0.0000
vt 0.6565 0.1475 0.0000
vt 0.7049 0.2054 0.0000
vt 0.6952 0.1917 0.0000
vt 0.7093 0.1984 0.0000
vt 0.7124 0.1750 0.0000
vt 0.7157 0.1873 0.0000
vt 0.7045 0.1806 0.0000
vt 0.7037 0.1903 0.0000
vt 0.7243 0.2160 0.0000
vt 0.7215 0.2072 0.0000
vt 0.7190 0.1994 0.0000
vt 0.6510 0.1997 0.0000
vt 0.6558 0.1471 0.0000
vt 0.6731 0.1586 0.0000
vt 0.6988 0.1167 0.0000
vt 0.7047 0.1368 0.0000
vt 0.7416 0.1403 0.0000
vt 0.7327 0.1568 0.0000
vt 0.7640 0.1723 0.0000
vt 0.7471 0.1771 0.0000
vt 0.7448 0.2019 0.0000
vt 0.7355 0.1976 0.0000
vt 0.7271 0.1938 0.0000
vt 0.7339 0.2486 0.0000
vt 0.6813 0.2431 0.0000
vt 0.6913 0.2270 0.0000
vt 0.6694 0.1951 0.0000
vt 0.6879 0.1688 0.0000
vt 0.7079 0.1546 0.0000
vt 0.7272 0.1668 0.0000
vt 0.7370 0.1807 0.0000
vt 0.7833 0.1648 0.0000
vt 0.7781 0.2183 0.0000
vt 0.7601 0.2093 0.0000
vt 0.7278 0.2311 0.0000
vt 0.6998 0.2135 0.0000
vt 0.6857 0.1933 0.0000
vt 0.6968 0.1750 0.0000
vt 0.7103 0.1654 0.0000
vt 0.7223 0.1758 0.0000
vt 0.7280 0.1839 0.0000
vt 0.7520 0.1211 0.0000
# 2199 texture coords

g DrawCall_0010
usemtl 68c204a3_dds
s 1
f 1389/1039/3367 1390/1040/3367 1391/1041/3367 
f 1392/1042/3368 1393/1043/3368 1394/1044/3368 
f 1395/1045/3369 1396/1046/3369 1397/1047/3369 
f 1398/1048/3370 1399/1049/3370 1400/1050/3370 
f 1401/1051/3371 1402/1052/3371 1403/1053/3371 
f 1404/1054/3372 1405/1055/3372 1406/1056/3372 
f 1407/1057/3373 1408/1058/3373 1409/1059/3373 
f 1410/1060/3374 1411/1061/3374 1412/1062/3374 
f 1413/1063/3375 1414/1064/3375 1415/1065/3375 
f 1416/1066/3376 1417/1067/3376 1418/1068/3376 
f 1419/1069/3377 1420/1070/3377 1421/1071/3377 
f 1422/1072/3378 1423/1073/3378 1424/1074/3378 
f 1425/1075/3379 1426/1076/3379 1427/1077/3379 
f 1428/1078/3380 1429/1079/3380 1430/1080/3380 
f 1431/1081/3381 1432/1082/3381 1433/1083/3381 
f 1434/1084/3382 1435/1085/3382 1436/1086/3382 
f 1415/1087/3383 1437/1088/3383 1438/1089/3383 
f 1439/1090/3384 1440/1091/3384 1433/1092/3384 
f 1441/1093/3385 1442/1094/3385 1443/1095/3385 
f 1412/1062/3386 1411/1096/3386 1444/1097/3386 
f 1445/1098/3387 1446/1099/3387 1447/1100/3387 
f 1448/1101/3388 1449/1102/3388 1450/1103/3388 
f 1451/1104/3389 1452/1105/3389 1453/1106/3389 
f 1454/1107/3390 1455/1108/3390 1456/1109/3390 
f 1457/1110/3391 1458/1111/3391 1459/1112/3391 
f 1460/1113/3392 1461/1114/3392 1462/1115/3392 
f 1463/1116/3393 1464/1117/3393 1465/1118/3393 
f 1465/1118/3394 1466/1119/3394 1467/1120/3394 
f 1401/1121/3395 1468/1122/3395 1469/1123/3395 
f 1404/1124/3396 1470/1125/3396 1405/1126/3396 
f 1471/1039/3397 1472/1041/3397 1473/1040/3397 
f 1474/1046/3398 1475/1045/3398 1476/1047/3398 
f 1477/1049/3399 1478/1048/3399 1479/1050/3399 
f 1480/1127/3400 1481/1128/3400 1482/1129/3400 
f 1483/1056/3401 1484/1130/3401 1485/1131/3401 
f 1486/1132/3402 1487/1133/3402 1488/1057/3402 
f 1489/1058/3403 1490/1059/3403 1491/1134/3403 
f 1492/1062/3404 1493/1061/3404 1494/1060/3404 
f 1495/1067/3405 1496/1066/3405 1497/1068/3405 
f 1498/1064/3406 1499/1135/3406 1500/1063/3406 
f 1501/1136/3407 1502/1137/3407 1503/1138/3407 
f 1504/1073/3408 1505/1072/3408 1506/1074/3408 
f 1507/1076/3409 1508/1075/3409 1509/1077/3409 
f 1510/1139/3410 1511/1140/3410 1512/1141/3410 
f 1513/1080/3411 1514/1079/3411 1515/1078/3411 
f 1516/1142/3412 1517/1143/3412 1518/1144/3412 
f 1513/1080/3413 1519/1145/3413 1520/1146/3413 
f 1521/1092/3414 1522/1147/3414 1523/1148/3414 
f 1524/1085/3415 1525/1149/3415 1526/1053/3415 
f 1527/1150/3416 1528/1151/3416 1529/1152/3416 
f 1521/1083/3417 1530/1081/3417 1531/1153/3417 
f 1521/1092/3418 1531/1091/3418 1532/1090/3418 
f 1533/1154/3419 1534/1155/3419 1535/1094/3419 
f 1536/1097/3420 1493/1096/3420 1492/1062/3420 
f 1537/1156/3421 1538/1157/3421 1539/1158/3421 
f 1540/1159/3422 1541/1160/3422 1542/1161/3422 
f 1543/1103/3423 1544/1162/3423 1545/1163/3423 
f 1546/1105/3424 1547/1104/3424 1548/1106/3424 
f 1549/1164/3425 1550/1108/3425 1551/1109/3425 
f 1552/1165/3426 1512/1112/3426 1511/1166/3426 
f 1553/1113/3427 1554/1117/3427 1555/1167/3427 
f 1480/1118/3428 1482/1120/3428 1481/1119/3428 
f 1556/1168/3429 1557/1123/3429 1558/1169/3429 
f 1559/1124/3430 1560/1126/3430 1561/1125/3430 
f 1419/1069/3431 1562/1170/3432 1563/1171/3433 
f 1562/1170/3432 1564/1172/3434 1563/1171/3433 
f 1565/1173/3435 1566/1174/3436 1567/1175/3437 
f 1566/1174/3436 1568/1176/3438 1567/1175/3437 
f 1569/1136/3439 1570/1130/3440 1571/1131/3441 
f 1570/1130/3440 1406/1056/3442 1571/1131/3441 
f 1572/1177/3443 1573/1178/3444 1574/1179/3445 
f 1573/1178/3444 1575/1180/3446 1574/1179/3445 
f 1576/1181/3447 1577/1182/3448 1578/1183/3449 
f 1577/1182/3448 1579/1184/3450 1578/1183/3449 
f 1459/1141/3451 1580/1140/3452 1581/1139/3453 
f 1580/1140/3452 1582/1185/3454 1581/1139/3453 
f 1583/1186/3455 1584/1187/3456 1585/1188/3457 
f 1584/1187/3456 1586/1189/3458 1585/1188/3457 
f 1587/1190/3459 1588/1191/3460 1589/1192/3461 
f 1588/1191/3460 1590/1193/3462 1589/1192/3461 
f 1431/1081/3463 1591/1194/3464 1592/1195/3465 
f 1591/1194/3464 1593/1196/3466 1592/1195/3465 
f 1594/1197/3467 1595/1198/3468 1392/1042/3469 
f 1595/1198/3468 1596/1199/3470 1392/1042/3469 
f 1597/1200/3471 1598/1201/3472 1599/1202/3473 
f 1598/1201/3472 1600/1203/3474 1599/1202/3473 
f 1601/1204/3475 1602/1156/3476 1603/1157/3477 
f 1602/1156/3476 1604/1158/3478 1603/1157/3477 
f 1605/1205/3479 1606/1160/3480 1607/1161/3481 
f 1606/1160/3480 1608/1159/3482 1607/1161/3481 
f 1609/1206/3483 1610/1207/3484 1611/1208/3485 
f 1610/1207/3484 1612/1209/3486 1611/1208/3485 
f 1449/1210/3487 1613/1211/3488 1614/1212/3489 
f 1613/1211/3488 1615/1213/3490 1614/1212/3489 
f 1616/1165/3491 1617/1214/3492 1618/1215/3493 
f 1617/1214/3492 1619/1216/3494 1618/1215/3493 
f 1620/1168/3495 1621/1217/3496 1622/1218/3497 
f 1621/1217/3496 1434/1219/3498 1622/1218/3497 
f 1623/1069/3499 1624/1171/3500 1625/1170/3501 
f 1624/1171/3500 1626/1172/3502 1625/1170/3501 
f 1627/1173/3503 1628/1175/3504 1629/1174/3505 
f 1628/1175/3504 1630/1176/3506 1629/1174/3505 
f 1631/1177/3507 1632/1179/3508 1633/1178/3509 
f 1632/1179/3508 1634/1180/3510 1633/1178/3509 
f 1635/1181/3511 1636/1183/3512 1637/1182/3513 
f 1636/1183/3512 1638/1184/3514 1637/1182/3513 
f 1639/1186/3515 1640/1187/3516 1641/1220/3517 
f 1640/1187/3516 1642/1221/3518 1641/1220/3517 
f 1643/1222/3519 1522/1223/3520 1644/1224/3521 
f 1522/1223/3520 1645/1225/3522 1644/1224/3521 
f 1530/1081/3523 1646/1195/3524 1647/1194/3525 
f 1646/1195/3524 1648/1196/3526 1647/1194/3525 
f 1649/1197/3527 1650/1042/3528 1651/1198/3529 
f 1650/1042/3528 1652/1199/3530 1651/1198/3529 
f 1653/1206/3531 1654/1208/3532 1655/1207/3533 
f 1654/1208/3532 1656/1209/3534 1655/1207/3533 
f 1657/1226/3535 1658/1070/3536 1659/1071/3537 
f 1658/1070/3536 1623/1069/3538 1659/1071/3537 
f 1660/1213/3539 1661/1212/3540 1662/1227/3541 
f 1661/1212/3540 1663/1228/3542 1662/1227/3541 
f 1664/1229/3543 1665/1230/3544 1666/1231/3545 
f 1665/1230/3544 1667/1232/3546 1666/1231/3545 
f 1668/1233/3547 1669/1234/3548 1670/1235/3549 
f 1669/1234/3548 1671/1236/3550 1670/1235/3549 
f 1672/1232/3551 1673/1230/3552 1674/1231/3553 
f 1673/1230/3552 1675/1229/3554 1674/1231/3553 
f 1674/1231/3553 1675/1229/3554 1676/1237/3555 
f 1466/1128/3556 1467/1129/3557 1677/1238/3558 
f 1467/1129/3557 1678/1239/3559 1677/1238/3558 
f 1677/1238/3558 1678/1239/3559 1462/1240/3560 
f 1401/1051/3561 1469/1241/3562 1402/1052/3563 
f 1469/1241/3562 1679/1242/3564 1402/1052/3563 
f 1402/1052/3563 1679/1242/3564 1680/1243/3565 
f 1681/1244/3566 1682/1245/3567 1683/1246/3568 
f 1682/1245/3567 1684/1247/3569 1683/1246/3568 
f 1683/1246/3568 1684/1247/3569 1685/1248/3570 
f 1686/1249/3571 1687/1250/3572 1432/1148/3573 
f 1687/1250/3572 1688/1147/3574 1432/1148/3573 
f 1432/1148/3573 1688/1147/3574 1433/1092/3575 
f 1689/1251/3576 1396/1046/3577 1690/1252/3578 
f 1396/1046/3577 1395/1045/3579 1690/1252/3578 
f 1690/1252/3578 1395/1045/3579 1691/1253/3580 
f 1411/1061/3581 1443/1095/3582 1692/1154/3583 
f 1443/1095/3582 1442/1094/3584 1692/1154/3583 
f 1692/1154/3583 1442/1094/3584 1693/1155/3585 
f 1694/1254/3586 1408/1058/3587 1695/1132/3588 
f 1408/1058/3587 1407/1057/3589 1695/1132/3588 
f 1695/1132/3588 1407/1057/3589 1696/1133/3590 
f 1697/1255/3591 1698/1256/3592 1699/1257/3593 
f 1698/1256/3592 1700/1258/3594 1699/1257/3593 
f 1699/1257/3593 1700/1258/3594 1701/1259/3595 
f 1702/1260/3596 1703/1261/3597 1704/1262/3598 
f 1703/1261/3597 1705/1263/3599 1704/1262/3598 
f 1704/1262/3598 1705/1263/3599 1706/1264/3600 
f 1449/1102/3601 1448/1101/3602 1613/1265/3603 
f 1448/1101/3602 1707/1266/3604 1613/1265/3603 
f 1613/1265/3603 1707/1266/3604 1708/1267/3605 
f 1709/1164/3606 1447/1100/3607 1676/1237/3608 
f 1447/1100/3607 1446/1099/3609 1676/1237/3608 
f 1676/1237/3608 1446/1099/3609 1710/1268/3610 
f 1465/1118/3611 1464/1117/3612 1466/1269/3613 
f 1464/1117/3612 1678/1167/3614 1466/1269/3613 
f 1466/1269/3613 1678/1167/3614 1467/1270/3615 
f 1711/1271/3616 1712/1236/3617 1713/1235/3618 
f 1712/1236/3617 1714/1234/3619 1713/1235/3618 
f 1713/1235/3618 1714/1234/3619 1715/1233/3620 
f 1716/1272/3621 1717/1273/3622 1695/1274/3623 
f 1717/1273/3622 1718/1275/3624 1695/1274/3623 
f 1695/1274/3623 1718/1275/3624 1694/1276/3625 
f 1481/1128/3626 1480/1127/3627 1719/1277/3628 
f 1480/1127/3627 1720/1278/3629 1719/1277/3628 
f 1719/1277/3628 1720/1278/3629 1721/1251/3630 
f 1722/1240/3631 1555/1239/3632 1723/1238/3633 
f 1555/1239/3632 1482/1129/3634 1723/1238/3633 
f 1723/1238/3633 1482/1129/3634 1481/1128/3635 
f 1724/1248/3636 1725/1247/3637 1726/1246/3638 
f 1725/1247/3637 1727/1245/3639 1726/1246/3638 
f 1726/1246/3638 1727/1245/3639 1728/1244/3640 
f 1519/1145/3641 1513/1080/3642 1729/1279/3643 
f 1513/1080/3642 1515/1078/3644 1729/1279/3643 
f 1729/1279/3643 1515/1078/3644 1730/1280/3645 
f 1731/1249/3646 1528/1281/3647 1732/1089/3648 
f 1528/1281/3647 1527/1088/3649 1732/1089/3648 
f 1732/1089/3648 1527/1088/3649 1733/1087/3650 
f 1493/1061/3651 1533/1154/3652 1734/1095/3653 
f 1533/1154/3652 1535/1094/3654 1734/1095/3653 
f 1734/1095/3653 1535/1094/3654 1735/1093/3655 
f 1736/1282/3656 1476/1047/3657 1737/1283/3658 
f 1476/1047/3657 1475/1045/3659 1737/1283/3658 
f 1737/1283/3658 1475/1045/3659 1738/1284/3660 
f 1739/1259/3661 1740/1258/3662 1741/1257/3663 
f 1740/1258/3662 1742/1256/3664 1741/1257/3663 
f 1741/1257/3663 1742/1256/3664 1743/1255/3665 
f 1744/1254/3666 1486/1132/3667 1489/1058/3668 
f 1486/1132/3667 1488/1057/3669 1489/1058/3668 
f 1489/1058/3668 1488/1057/3669 1490/1059/3670 
f 1745/1200/3671 1746/1285/3672 1747/1260/3673 
f 1746/1285/3672 1748/1286/3674 1747/1260/3673 
f 1747/1260/3673 1748/1286/3674 1749/1262/3675 
f 1750/1099/3676 1751/1098/3677 1752/1100/3678 
f 1751/1098/3677 1753/1287/3679 1752/1100/3678 
f 1752/1100/3678 1753/1287/3679 1754/1288/3680 
f 1755/1111/3681 1756/1214/3682 1757/1216/3683 
f 1756/1214/3682 1758/1215/3684 1757/1216/3683 
f 1757/1216/3683 1758/1215/3684 1759/1289/3685 
f 1760/1122/3686 1761/1217/3687 1762/1219/3688 
f 1761/1217/3687 1763/1218/3689 1762/1219/3688 
f 1762/1219/3688 1763/1218/3689 1764/1290/3690 
f 1744/1276/3691 1765/1275/3692 1486/1274/3693 
f 1765/1275/3692 1766/1273/3694 1486/1274/3693 
f 1486/1274/3693 1766/1273/3694 1767/1272/3695 
f 1467/1129/3696 1466/1128/3697 1465/1127/3698 
f 1466/1128/3697 1768/1277/3699 1465/1127/3698 
f 1465/1127/3698 1768/1277/3699 1769/1278/3700 
f 1768/1277/3699 1689/1251/3701 1769/1278/3700 
f 1770/1146/3702 1570/1130/3703 1771/1137/3704 
f 1570/1130/3703 1569/1136/3705 1771/1137/3704 
f 1771/1137/3704 1569/1136/3705 1772/1138/3706 
f 1569/1136/3705 1571/1131/3707 1772/1138/3706 
f 1770/1146/3708 1773/1145/3709 1430/1080/3710 
f 1773/1145/3709 1774/1279/3711 1430/1080/3710 
f 1430/1080/3710 1774/1279/3711 1428/1078/3712 
f 1774/1279/3711 1775/1280/3713 1428/1078/3712 
f 1583/1186/3714 1776/1220/3715 1584/1187/3716 
f 1776/1220/3715 1777/1221/3717 1584/1187/3716 
f 1584/1187/3716 1777/1221/3717 1586/1189/3718 
f 1777/1221/3717 1574/1179/3719 1586/1189/3718 
f 1432/1148/3720 1778/1291/3721 1686/1249/3722 
f 1778/1291/3721 1438/1089/3723 1686/1249/3722 
f 1686/1249/3722 1438/1089/3723 1779/1281/3724 
f 1438/1089/3723 1437/1088/3725 1779/1281/3724 
f 1687/1222/3726 1686/1292/3727 1780/1293/3728 
f 1686/1292/3727 1781/1294/3729 1780/1293/3728 
f 1780/1293/3728 1781/1294/3729 1782/1295/3730 
f 1781/1294/3729 1435/1085/3731 1782/1295/3730 
f 1639/1186/3732 1783/1188/3733 1640/1187/3734 
f 1783/1188/3733 1784/1189/3735 1640/1187/3734 
f 1640/1187/3734 1784/1189/3735 1642/1221/3736 
f 1784/1189/3735 1632/1179/3737 1642/1221/3736 
f 1732/1089/3738 1785/1291/3739 1731/1249/3740 
f 1785/1291/3739 1523/1148/3741 1731/1249/3740 
f 1731/1249/3740 1523/1148/3741 1643/1250/3742 
f 1523/1148/3741 1522/1147/3743 1643/1250/3742 
f 1786/1296/3744 1787/1202/3745 1788/1297/3746 
f 1787/1202/3745 1745/1200/3747 1788/1297/3746 
f 1788/1297/3746 1745/1200/3747 1789/1298/3748 
f 1745/1200/3747 1747/1260/3749 1789/1298/3748 
f 1543/1103/3750 1790/1102/3751 1791/1101/3752 
f 1790/1102/3751 1792/1265/3753 1791/1101/3752 
f 1791/1101/3752 1792/1265/3753 1793/1266/3754 
f 1792/1265/3753 1794/1267/3755 1793/1266/3754 
f 1795/1264/3756 1663/1228/3757 1790/1210/3758 
f 1663/1228/3757 1661/1212/3759 1790/1210/3758 
f 1790/1210/3758 1661/1212/3759 1792/1211/3760 
f 1661/1212/3759 1660/1213/3761 1792/1211/3760 
f 1796/1116/3762 1554/1117/3763 1797/1114/3764 
f 1554/1117/3763 1553/1113/3765 1797/1114/3764 
f 1797/1114/3764 1553/1113/3765 1722/1115/3766 
f 1553/1113/3765 1555/1167/3767 1722/1115/3766 
f 1798/1149/3768 1587/1190/3769 1799/1299/3770 
f 1587/1190/3769 1589/1192/3771 1799/1299/3770 
f 1799/1299/3770 1589/1192/3771 1800/1300/3772 
f 1589/1192/3771 1590/1193/3773 1800/1300/3772 
f 1800/1300/3772 1590/1193/3773 1801/1224/3774 
f 1683/1246/3775 1802/1301/3776 1681/1244/3777 
f 1802/1301/3776 1803/1302/3778 1681/1244/3777 
f 1681/1244/3777 1803/1302/3778 1804/1303/3779 
f 1803/1302/3778 1805/1304/3780 1804/1303/3779 
f 1804/1303/3779 1805/1304/3780 1806/1305/3781 
f 1440/1153/3782 1691/1253/3783 1807/1284/3784 
f 1691/1253/3783 1395/1045/3785 1807/1284/3784 
f 1807/1284/3784 1395/1045/3785 1808/1283/3786 
f 1395/1045/3785 1397/1047/3787 1808/1283/3786 
f 1808/1283/3786 1397/1047/3787 1809/1282/3788 
f 1605/1205/3789 1607/1161/3790 1604/1158/3791 
f 1607/1161/3790 1810/1306/3792 1604/1158/3791 
f 1604/1158/3791 1810/1306/3792 1603/1157/3793 
f 1810/1306/3792 1811/1307/3794 1603/1157/3793 
f 1603/1157/3793 1811/1307/3794 1812/1308/3795 
f 1704/1262/3796 1393/1286/3797 1702/1260/3798 
f 1393/1286/3797 1813/1285/3799 1702/1260/3798 
f 1702/1260/3798 1813/1285/3799 1597/1200/3800 
f 1813/1285/3799 1814/1309/3801 1597/1200/3800 
f 1597/1200/3800 1814/1309/3801 1598/1201/3802 
f 1451/1104/3803 1815/1310/3804 1452/1105/3805 
f 1815/1310/3804 1816/1311/3806 1452/1105/3805 
f 1452/1105/3805 1816/1311/3806 1817/1312/3807 
f 1816/1311/3806 1818/1313/3808 1817/1312/3807 
f 1817/1312/3807 1818/1313/3808 1819/1314/3809 
f 1456/1109/3810 1455/1108/3811 1709/1164/3812 
f 1455/1108/3811 1820/1288/3813 1709/1164/3812 
f 1709/1164/3812 1820/1288/3813 1447/1100/3814 
f 1820/1288/3813 1821/1287/3815 1447/1100/3814 
f 1447/1100/3814 1821/1287/3815 1445/1098/3816 
f 1822/1314/3817 1823/1313/3818 1824/1312/3819 
f 1823/1313/3818 1825/1311/3820 1824/1312/3819 
f 1824/1312/3819 1825/1311/3820 1546/1105/3821 
f 1825/1311/3820 1826/1310/3822 1546/1105/3821 
f 1546/1105/3821 1826/1310/3822 1547/1104/3823 
f 1503/1138/3824 1485/1131/3825 1501/1136/3826 
f 1485/1131/3825 1484/1130/3827 1501/1136/3826 
f 1501/1136/3826 1484/1130/3827 1502/1137/3828 
f 1484/1130/3827 1520/1146/3829 1502/1137/3828 
f 1502/1137/3828 1520/1146/3829 1827/1315/3830 
f 1658/1070/3831 1644/1224/3832 1623/1069/3833 
f 1644/1224/3832 1828/1316/3834 1623/1069/3833 
f 1623/1069/3833 1828/1316/3834 1624/1171/3835 
f 1828/1316/3834 1829/1317/3836 1624/1171/3835 
f 1624/1171/3835 1829/1317/3836 1626/1172/3837 
f 1830/1305/3838 1831/1304/3839 1832/1303/3840 
f 1831/1304/3839 1833/1302/3841 1832/1303/3840 
f 1832/1303/3840 1833/1302/3841 1728/1244/3842 
f 1833/1302/3841 1834/1301/3843 1728/1244/3842 
f 1728/1244/3842 1834/1301/3843 1726/1246/3844 
f 1524/1085/3845 1835/1295/3846 1525/1149/3847 
f 1835/1295/3846 1836/1299/3848 1525/1149/3847 
f 1525/1149/3847 1836/1299/3848 1837/1190/3849 
f 1836/1299/3848 1838/1192/3850 1837/1190/3849 
f 1837/1190/3849 1838/1192/3850 1839/1191/3851 
f 1531/1153/3852 1738/1284/3853 1840/1253/3854 
f 1738/1284/3853 1475/1045/3855 1840/1253/3854 
f 1840/1253/3854 1475/1045/3855 1841/1252/3856 
f 1475/1045/3855 1474/1046/3857 1841/1252/3856 
f 1841/1252/3856 1474/1046/3857 1721/1251/3858 
f 1786/1296/3859 1842/1203/3860 1787/1202/3861 
f 1842/1203/3860 1843/1201/3862 1787/1202/3861 
f 1787/1202/3861 1843/1201/3862 1745/1200/3863 
f 1843/1201/3862 1844/1309/3864 1745/1200/3863 
f 1745/1200/3863 1844/1309/3864 1746/1285/3865 
f 1491/1134/3866 1490/1059/3867 1845/1318/3868 
f 1490/1059/3867 1846/1319/3869 1845/1318/3868 
f 1845/1318/3868 1846/1319/3869 1847/1320/3870 
f 1846/1319/3869 1848/1321/3871 1847/1320/3870 
f 1847/1320/3870 1848/1321/3871 1849/1322/3872 
f 1544/1162/3873 1543/1103/3874 1850/1323/3875 
f 1543/1103/3874 1791/1101/3876 1850/1323/3875 
f 1850/1323/3875 1791/1101/3876 1851/1324/3877 
f 1791/1101/3876 1793/1266/3878 1851/1324/3877 
f 1851/1324/3877 1793/1266/3878 1852/1325/3879 
f 1853/1268/3880 1750/1099/3881 1854/1237/3882 
f 1750/1099/3881 1752/1100/3883 1854/1237/3882 
f 1854/1237/3882 1752/1100/3883 1549/1164/3884 
f 1752/1100/3883 1754/1288/3885 1549/1164/3884 
f 1549/1164/3884 1754/1288/3885 1550/1108/3886 
f 1686/1292/3887 1779/1151/3888 1781/1294/3889 
f 1779/1151/3888 1855/1152/3890 1781/1294/3889 
f 1781/1294/3889 1855/1152/3890 1435/1085/3891 
f 1855/1152/3890 1680/1243/3892 1435/1085/3891 
f 1435/1085/3891 1680/1243/3892 1436/1086/3893 
f 1680/1243/3892 1679/1242/3894 1436/1086/3893 
f 1705/1163/3895 1856/1162/3896 1450/1103/3897 
f 1856/1162/3896 1857/1323/3898 1450/1103/3897 
f 1450/1103/3897 1857/1323/3898 1448/1101/3899 
f 1857/1323/3898 1858/1324/3900 1448/1101/3899 
f 1448/1101/3899 1858/1324/3900 1707/1266/3901 
f 1858/1324/3900 1859/1325/3902 1707/1266/3901 
f 1860/1322/3903 1861/1321/3904 1862/1320/3905 
f 1861/1321/3904 1863/1319/3906 1862/1320/3905 
f 1862/1320/3905 1863/1319/3906 1864/1318/3907 
f 1863/1319/3906 1409/1059/3908 1864/1318/3907 
f 1864/1318/3907 1409/1059/3908 1865/1134/3909 
f 1409/1059/3908 1408/1058/3910 1865/1134/3909 
f 1615/1213/3911 1866/1227/3912 1614/1212/3913 
f 1866/1227/3912 1867/1228/3914 1614/1212/3913 
f 1614/1212/3913 1867/1228/3914 1449/1210/3915 
f 1867/1228/3914 1706/1264/3916 1449/1210/3915 
f 1449/1210/3915 1706/1264/3916 1450/1326/3917 
f 1706/1264/3916 1705/1263/3918 1450/1326/3917 
f 1462/1115/3919 1678/1167/3920 1460/1113/3921 
f 1678/1167/3920 1464/1117/3922 1460/1113/3921 
f 1460/1113/3921 1464/1117/3922 1461/1114/3923 
f 1464/1117/3922 1463/1116/3924 1461/1114/3923 
f 1461/1114/3923 1463/1116/3924 1769/1327/3925 
f 1463/1116/3924 1465/1118/3926 1769/1327/3925 
f 1786/1308/3927 1868/1307/3928 1538/1157/3929 
f 1868/1307/3928 1869/1306/3930 1538/1157/3929 
f 1538/1157/3929 1869/1306/3930 1539/1158/3931 
f 1869/1306/3930 1542/1161/3932 1539/1158/3931 
f 1539/1158/3931 1542/1161/3932 1870/1205/3933 
f 1542/1161/3932 1541/1160/3934 1870/1205/3933 
f 1797/1114/3935 1720/1327/3936 1796/1116/3937 
f 1720/1327/3936 1480/1118/3938 1796/1116/3937 
f 1796/1116/3937 1480/1118/3938 1554/1117/3939 
f 1480/1118/3938 1481/1269/3940 1554/1117/3939 
f 1554/1117/3939 1481/1269/3940 1555/1167/3941 
f 1481/1269/3940 1482/1270/3942 1555/1167/3941 
f 1871/1328/3943 1872/1329/3944 1873/1330/3945 
f 1872/1329/3944 1429/1079/3946 1873/1330/3945 
f 1873/1330/3945 1429/1079/3946 1874/1331/3947 
f 1429/1079/3946 1428/1078/3948 1874/1331/3947 
f 1874/1331/3947 1428/1078/3948 1875/1332/3949 
f 1428/1078/3948 1775/1280/3950 1875/1332/3949 
f 1875/1332/3949 1775/1280/3950 1876/1333/3951 
f 1877/1334/3952 1398/1048/3953 1425/1075/3954 
f 1398/1048/3953 1400/1050/3955 1425/1075/3954 
f 1425/1075/3954 1400/1050/3955 1426/1076/3956 
f 1400/1050/3955 1399/1049/3957 1426/1076/3956 
f 1426/1076/3956 1399/1049/3957 1594/1197/3958 
f 1399/1049/3957 1878/1335/3959 1594/1197/3958 
f 1594/1197/3958 1878/1335/3959 1595/1198/3960 
f 1404/1054/3961 1406/1056/3962 1879/1336/3963 
f 1406/1056/3962 1570/1130/3964 1879/1336/3963 
f 1879/1336/3963 1570/1130/3964 1711/1337/3965 
f 1570/1130/3964 1770/1146/3966 1711/1337/3965 
f 1711/1337/3965 1770/1146/3966 1712/1338/3967 
f 1770/1146/3966 1430/1080/3968 1712/1338/3967 
f 1712/1338/3967 1430/1080/3968 1405/1055/3969 
f 1440/1153/3970 1693/1155/3971 1691/1253/3972 
f 1693/1155/3971 1442/1094/3973 1691/1253/3972 
f 1691/1253/3972 1442/1094/3973 1690/1252/3974 
f 1442/1094/3973 1441/1093/3975 1690/1252/3974 
f 1690/1252/3974 1441/1093/3975 1689/1251/3976 
f 1441/1093/3975 1461/1339/3977 1689/1251/3976 
f 1689/1251/3976 1461/1339/3977 1769/1278/3978 
f 1600/1203/3979 1812/1296/3980 1599/1202/3981 
f 1812/1296/3980 1880/1297/3982 1599/1202/3981 
f 1599/1202/3981 1880/1297/3982 1597/1200/3983 
f 1880/1297/3982 1881/1298/3984 1597/1200/3983 
f 1597/1200/3983 1881/1298/3984 1702/1260/3985 
f 1881/1298/3984 1882/1340/3986 1702/1260/3985 
f 1702/1260/3985 1882/1340/3986 1703/1261/3987 
f 1676/1237/3988 1675/1229/3989 1709/1164/3990 
f 1675/1229/3989 1883/1341/3991 1709/1164/3990 
f 1709/1164/3990 1883/1341/3991 1456/1109/3992 
f 1883/1341/3991 1389/1039/3993 1456/1109/3992 
f 1456/1109/3992 1389/1039/3993 1884/1342/3994 
f 1389/1039/3993 1391/1041/3995 1884/1342/3994 
f 1884/1342/3994 1391/1041/3995 1885/1343/3996 
f 1601/1204/3997 1603/1157/3998 1886/1344/3999 
f 1603/1157/3998 1812/1308/4000 1886/1344/3999 
f 1886/1344/3999 1812/1308/4000 1701/1259/4001 
f 1812/1308/4000 1600/1345/4002 1701/1259/4001 
f 1701/1259/4001 1600/1345/4002 1699/1257/4003 
f 1600/1345/4002 1598/1346/4004 1699/1257/4003 
f 1699/1257/4003 1598/1346/4004 1697/1255/4005 
f 1711/1271/4006 1713/1235/4007 1879/1347/4008 
f 1713/1235/4007 1715/1233/4009 1879/1347/4008 
f 1879/1347/4008 1715/1233/4009 1404/1124/4010 
f 1715/1233/4009 1714/1234/4011 1404/1124/4010 
f 1404/1124/4010 1714/1234/4011 1470/1125/4012 
f 1714/1234/4011 1712/1236/4013 1470/1125/4012 
f 1470/1125/4012 1712/1236/4013 1405/1126/4014 
f 1695/1274/4015 1696/1348/4016 1716/1272/4017 
f 1696/1348/4016 1887/1349/4018 1716/1272/4017 
f 1716/1272/4017 1887/1349/4018 1717/1273/4019 
f 1887/1349/4018 1888/1350/4020 1717/1273/4019 
f 1717/1273/4019 1888/1350/4020 1718/1275/4021 
f 1888/1350/4020 1889/1351/4022 1718/1275/4021 
f 1718/1275/4021 1889/1351/4022 1694/1276/4023 
f 1720/1278/4024 1797/1339/4025 1721/1251/4026 
f 1797/1339/4025 1735/1093/4027 1721/1251/4026 
f 1721/1251/4026 1735/1093/4027 1841/1252/4028 
f 1735/1093/4027 1535/1094/4029 1841/1252/4028 
f 1841/1252/4028 1535/1094/4029 1840/1253/4030 
f 1535/1094/4029 1534/1155/4031 1840/1253/4030 
f 1840/1253/4030 1534/1155/4031 1531/1153/4032 
f 1560/1055/4033 1559/1054/4034 1483/1056/4035 
f 1559/1054/4034 1890/1336/4036 1483/1056/4035 
f 1483/1056/4035 1890/1336/4036 1484/1130/4037 
f 1890/1336/4036 1891/1337/4038 1484/1130/4037 
f 1484/1130/4037 1891/1337/4038 1520/1146/4039 
f 1891/1337/4038 1671/1338/4040 1520/1146/4039 
f 1520/1146/4039 1671/1338/4040 1513/1080/4041 
f 1517/1143/4042 1516/1142/4043 1892/1352/4044 
f 1516/1142/4043 1893/1353/4045 1892/1352/4044 
f 1892/1352/4044 1893/1353/4045 1894/1354/4046 
f 1893/1353/4045 1645/1355/4047 1894/1354/4046 
f 1894/1354/4046 1645/1355/4047 1895/1356/4048 
f 1645/1355/4047 1522/1147/4049 1895/1356/4048 
f 1895/1356/4048 1522/1147/4049 1724/1248/4050 
f 1895/1333/4051 1730/1280/4052 1894/1332/4053 
f 1730/1280/4052 1515/1078/4054 1894/1332/4053 
f 1894/1332/4053 1515/1078/4054 1892/1331/4055 
f 1515/1078/4054 1514/1079/4056 1892/1331/4055 
f 1892/1331/4055 1514/1079/4056 1517/1330/4057 
f 1514/1079/4056 1896/1329/4058 1517/1330/4057 
f 1517/1330/4057 1896/1329/4058 1518/1328/4059 
f 1897/1357/4060 1523/1082/4061 1898/1358/4062 
f 1523/1082/4061 1785/1359/4063 1898/1358/4062 
f 1898/1358/4062 1785/1359/4063 1899/1360/4064 
f 1785/1359/4063 1732/1361/4065 1899/1360/4064 
f 1899/1360/4064 1732/1361/4065 1900/1362/4066 
f 1732/1361/4065 1733/1065/4067 1900/1362/4066 
f 1900/1362/4066 1733/1065/4067 1901/1363/4068 
f 1651/1198/4069 1902/1335/4070 1649/1197/4071 
f 1902/1335/4070 1477/1049/4072 1649/1197/4071 
f 1649/1197/4071 1477/1049/4072 1507/1076/4073 
f 1477/1049/4072 1479/1050/4074 1507/1076/4073 
f 1507/1076/4073 1479/1050/4074 1508/1075/4075 
f 1479/1050/4074 1478/1048/4076 1508/1075/4075 
f 1508/1075/4075 1478/1048/4076 1903/1334/4077 
f 1790/1210/4078 1543/1326/4079 1795/1264/4080 
f 1543/1326/4079 1545/1263/4081 1795/1264/4080 
f 1795/1264/4080 1545/1263/4081 1749/1262/4082 
f 1545/1263/4081 1904/1261/4083 1749/1262/4082 
f 1749/1262/4082 1904/1261/4083 1747/1260/4084 
f 1904/1261/4083 1905/1340/4085 1747/1260/4084 
f 1747/1260/4084 1905/1340/4085 1789/1298/4086 
f 1757/1216/4087 1906/1110/4088 1755/1111/4089 
f 1906/1110/4088 1512/1112/4090 1755/1111/4089 
f 1755/1111/4089 1512/1112/4090 1756/1214/4091 
f 1512/1112/4090 1552/1165/4092 1756/1214/4091 
f 1756/1214/4091 1552/1165/4092 1758/1215/4093 
f 1552/1165/4092 1511/1166/4094 1758/1215/4093 
f 1758/1215/4093 1511/1166/4094 1759/1289/4095 
f 1762/1219/4096 1907/1121/4097 1760/1122/4098 
f 1907/1121/4097 1557/1123/4099 1760/1122/4098 
f 1760/1122/4098 1557/1123/4099 1761/1217/4100 
f 1557/1123/4099 1556/1168/4101 1761/1217/4100 
f 1761/1217/4100 1556/1168/4101 1763/1218/4102 
f 1556/1168/4101 1558/1169/4103 1763/1218/4102 
f 1763/1218/4102 1558/1169/4103 1764/1290/4104 
f 1744/1276/4105 1908/1351/4106 1765/1275/4107 
f 1908/1351/4106 1909/1350/4108 1765/1275/4107 
f 1765/1275/4107 1909/1350/4108 1766/1273/4109 
f 1909/1350/4108 1910/1349/4110 1766/1273/4109 
f 1766/1273/4109 1910/1349/4110 1767/1272/4111 
f 1910/1349/4110 1487/1348/4112 1767/1272/4111 
f 1767/1272/4111 1487/1348/4112 1486/1274/4113 
f 1871/1144/4114 1873/1143/4115 1911/1142/4116 
f 1873/1143/4115 1874/1352/4117 1911/1142/4116 
f 1911/1142/4116 1874/1352/4117 1912/1353/4118 
f 1874/1352/4117 1875/1354/4119 1912/1353/4118 
f 1912/1353/4118 1875/1354/4119 1913/1355/4120 
f 1875/1354/4119 1876/1356/4121 1913/1355/4120 
f 1913/1355/4120 1876/1356/4121 1688/1147/4122 
f 1876/1356/4121 1685/1248/4123 1688/1147/4122 
f 1457/1110/4124 1619/1216/4125 1458/1111/4126 
f 1619/1216/4125 1617/1214/4127 1458/1111/4126 
f 1458/1111/4126 1617/1214/4127 1459/1112/4128 
f 1617/1214/4127 1616/1165/4129 1459/1112/4128 
f 1459/1112/4128 1616/1165/4129 1580/1166/4130 
f 1616/1165/4129 1618/1215/4131 1580/1166/4130 
f 1580/1166/4130 1618/1215/4131 1914/1289/4132 
f 1618/1215/4131 1619/1216/4133 1914/1289/4132 
f 1401/1121/4134 1434/1219/4135 1468/1122/4136 
f 1434/1219/4135 1621/1217/4137 1468/1122/4136 
f 1468/1122/4136 1621/1217/4137 1469/1123/4138 
f 1621/1217/4137 1620/1168/4139 1469/1123/4138 
f 1469/1123/4138 1620/1168/4139 1679/1169/4140 
f 1620/1168/4139 1622/1218/4141 1679/1169/4140 
f 1679/1169/4140 1622/1218/4141 1436/1290/4142 
f 1622/1218/4141 1434/1219/4143 1436/1290/4142 
f 1666/1231/4144 1854/1237/4145 1664/1229/4146 
f 1854/1237/4145 1549/1164/4147 1664/1229/4146 
f 1664/1229/4146 1549/1164/4147 1915/1341/4148 
f 1549/1164/4147 1551/1109/4149 1915/1341/4148 
f 1915/1341/4148 1551/1109/4149 1471/1039/4150 
f 1551/1109/4149 1916/1342/4151 1471/1039/4150 
f 1471/1039/4150 1916/1342/4151 1472/1041/4152 
f 1916/1342/4151 1917/1343/4153 1472/1041/4152 
f 1671/1236/4154 1891/1271/4155 1670/1235/4156 
f 1891/1271/4155 1890/1347/4157 1670/1235/4156 
f 1670/1235/4156 1890/1347/4157 1668/1233/4158 
f 1890/1347/4157 1559/1124/4159 1668/1233/4158 
f 1668/1233/4158 1559/1124/4159 1669/1234/4160 
f 1559/1124/4159 1561/1125/4161 1669/1234/4160 
f 1669/1234/4160 1561/1125/4161 1671/1236/4162 
f 1561/1125/4161 1560/1126/4163 1671/1236/4162 
f 1582/1185/4164 1580/1140/4165 1918/1364/4166 
f 1580/1140/4165 1914/1365/4167 1918/1364/4166 
f 1918/1364/4166 1914/1365/4167 1919/1366/4168 
f 1914/1365/4167 1422/1072/4169 1919/1366/4168 
f 1919/1366/4168 1422/1072/4169 1427/1077/4170 
f 1422/1072/4169 1424/1074/4171 1427/1077/4170 
f 1427/1077/4170 1424/1074/4171 1425/1075/4172 
f 1424/1074/4171 1423/1073/4173 1425/1075/4172 
f 1425/1075/4172 1423/1073/4173 1877/1334/4174 
f 1672/1232/4175 1572/1177/4176 1673/1230/4177 
f 1572/1177/4176 1574/1179/4178 1673/1230/4177 
f 1673/1230/4177 1574/1179/4178 1920/1367/4179 
f 1574/1179/4178 1777/1221/4180 1920/1367/4179 
f 1920/1367/4179 1777/1221/4180 1921/1368/4181 
f 1777/1221/4180 1776/1220/4182 1921/1368/4181 
f 1921/1368/4181 1776/1220/4182 1922/1369/4183 
f 1776/1220/4182 1583/1186/4184 1922/1369/4183 
f 1922/1369/4183 1583/1186/4184 1923/1370/4185 
f 1558/1242/4186 1557/1241/4187 1924/1052/4188 
f 1557/1241/4187 1907/1051/4189 1924/1052/4188 
f 1924/1052/4188 1907/1051/4189 1526/1053/4190 
f 1907/1051/4189 1762/1084/4191 1526/1053/4190 
f 1526/1053/4190 1762/1084/4191 1524/1085/4192 
f 1762/1084/4191 1764/1086/4193 1524/1085/4192 
f 1524/1085/4192 1764/1086/4193 1925/1243/4194 
f 1764/1086/4193 1558/1242/4195 1925/1243/4194 
f 1925/1243/4194 1558/1242/4195 1924/1052/4196 
f 1926/1370/4197 1639/1186/4198 1927/1369/4199 
f 1639/1186/4198 1641/1220/4200 1927/1369/4199 
f 1927/1369/4199 1641/1220/4200 1928/1368/4201 
f 1641/1220/4200 1642/1221/4202 1928/1368/4201 
f 1928/1368/4201 1642/1221/4202 1929/1367/4203 
f 1642/1221/4202 1632/1179/4204 1929/1367/4203 
f 1929/1367/4203 1632/1179/4204 1665/1230/4205 
f 1632/1179/4204 1631/1177/4206 1665/1230/4205 
f 1665/1230/4205 1631/1177/4206 1667/1232/4207 
f 1839/1191/4208 1897/1357/4209 1837/1190/4210 
f 1897/1357/4209 1898/1358/4211 1837/1190/4210 
f 1837/1190/4210 1898/1358/4211 1525/1149/4212 
f 1898/1358/4211 1899/1360/4213 1525/1149/4212 
f 1525/1149/4212 1899/1360/4213 1526/1053/4214 
f 1899/1360/4213 1900/1362/4215 1526/1053/4214 
f 1526/1053/4214 1900/1362/4215 1924/1052/4216 
f 1900/1362/4215 1901/1363/4217 1924/1052/4216 
f 1924/1052/4216 1901/1363/4217 1925/1243/4218 
f 1537/1156/4219 1930/1204/4220 1538/1157/4221 
f 1930/1204/4220 1931/1344/4222 1538/1157/4221 
f 1538/1157/4221 1931/1344/4222 1786/1308/4223 
f 1931/1344/4222 1739/1259/4224 1786/1308/4223 
f 1786/1308/4223 1739/1259/4224 1842/1345/4225 
f 1739/1259/4224 1741/1257/4226 1842/1345/4225 
f 1842/1345/4225 1741/1257/4226 1843/1346/4227 
f 1741/1257/4226 1743/1255/4228 1843/1346/4227 
f 1843/1346/4227 1743/1255/4228 1844/1371/4229 
f 1510/1139/4230 1932/1185/4231 1511/1140/4232 
f 1932/1185/4231 1933/1364/4233 1511/1140/4232 
f 1511/1140/4232 1933/1364/4233 1759/1365/4234 
f 1933/1364/4233 1934/1366/4235 1759/1365/4234 
f 1759/1365/4234 1934/1366/4235 1505/1072/4236 
f 1934/1366/4235 1509/1077/4237 1505/1072/4236 
f 1505/1072/4236 1509/1077/4237 1506/1074/4238 
f 1509/1077/4237 1508/1075/4239 1506/1074/4238 
f 1506/1074/4238 1508/1075/4239 1504/1073/4240 
f 1508/1075/4239 1903/1334/4241 1504/1073/4240 
f 1394/1372/4242 1393/1043/4243 1819/1314/4244 
f 1393/1043/4243 1704/1262/4245 1819/1314/4244 
f 1819/1314/4244 1704/1262/4245 1817/1312/4246 
f 1704/1262/4245 1706/1264/4247 1817/1312/4246 
f 1817/1312/4246 1706/1264/4247 1452/1105/4248 
f 1706/1264/4247 1867/1228/4249 1452/1105/4248 
f 1452/1105/4248 1867/1228/4249 1453/1106/4250 
f 1867/1228/4249 1866/1227/4251 1453/1106/4250 
f 1453/1106/4250 1866/1227/4251 1935/1373/4252 
f 1866/1227/4251 1615/1213/4253 1935/1373/4252 
f 1935/1373/4252 1615/1213/4253 1454/1107/4254 
f 1913/1225/4255 1688/1223/4256 1801/1224/4257 
f 1688/1223/4256 1687/1222/4258 1801/1224/4257 
f 1801/1224/4257 1687/1222/4258 1800/1300/4259 
f 1687/1222/4258 1780/1293/4260 1800/1300/4259 
f 1800/1300/4259 1780/1293/4260 1799/1299/4261 
f 1780/1293/4260 1782/1295/4262 1799/1299/4261 
f 1799/1299/4261 1782/1295/4262 1798/1149/4263 
f 1782/1295/4262 1435/1085/4264 1798/1149/4263 
f 1798/1149/4263 1435/1085/4264 1403/1053/4265 
f 1435/1085/4264 1434/1084/4266 1403/1053/4265 
f 1403/1053/4265 1434/1084/4266 1401/1051/4267 
f 1392/1042/4268 1394/1044/4269 1594/1197/4270 
f 1394/1044/4269 1684/1374/4271 1594/1197/4270 
f 1594/1197/4270 1684/1374/4271 1426/1076/4272 
f 1684/1374/4271 1682/1375/4273 1426/1076/4272 
f 1426/1076/4272 1682/1375/4273 1427/1077/4274 
f 1682/1375/4273 1681/1376/4275 1427/1077/4274 
f 1427/1077/4274 1681/1376/4275 1919/1366/4276 
f 1681/1376/4275 1804/1377/4277 1919/1366/4276 
f 1919/1366/4276 1804/1377/4277 1918/1364/4278 
f 1804/1377/4277 1806/1378/4279 1918/1364/4278 
f 1918/1364/4278 1806/1378/4279 1582/1185/4280 
f 1529/1152/4281 1528/1151/4282 1936/1294/4283 
f 1528/1151/4282 1731/1292/4284 1936/1294/4283 
f 1936/1294/4283 1731/1292/4284 1937/1293/4285 
f 1731/1292/4284 1643/1222/4286 1937/1293/4285 
f 1937/1293/4285 1643/1222/4286 1938/1300/4287 
f 1643/1222/4286 1644/1224/4288 1938/1300/4287 
f 1938/1300/4287 1644/1224/4288 1939/1193/4289 
f 1644/1224/4288 1658/1070/4290 1939/1193/4289 
f 1939/1193/4289 1658/1070/4290 1940/1379/4291 
f 1658/1070/4290 1657/1226/4292 1940/1379/4291 
f 1940/1379/4291 1657/1226/4292 1530/1081/4293 
f 1941/1107/4294 1660/1213/4295 1942/1373/4296 
f 1660/1213/4295 1662/1227/4297 1942/1373/4296 
f 1942/1373/4296 1662/1227/4297 1548/1106/4298 
f 1662/1227/4297 1663/1228/4299 1548/1106/4298 
f 1548/1106/4298 1663/1228/4299 1546/1105/4300 
f 1663/1228/4299 1795/1264/4301 1546/1105/4300 
f 1546/1105/4300 1795/1264/4301 1824/1312/4302 
f 1795/1264/4301 1749/1262/4303 1824/1312/4302 
f 1824/1312/4302 1749/1262/4303 1822/1314/4304 
f 1749/1262/4303 1748/1043/4305 1822/1314/4304 
f 1822/1314/4304 1748/1043/4305 1943/1372/4306 
f 1932/1185/4307 1830/1378/4308 1933/1364/4309 
f 1830/1378/4308 1832/1377/4310 1933/1364/4309 
f 1933/1364/4309 1832/1377/4310 1934/1366/4311 
f 1832/1377/4310 1728/1376/4312 1934/1366/4311 
f 1934/1366/4311 1728/1376/4312 1509/1077/4313 
f 1728/1376/4312 1727/1375/4314 1509/1077/4313 
f 1509/1077/4313 1727/1375/4314 1507/1076/4315 
f 1727/1375/4314 1725/1374/4316 1507/1076/4315 
f 1507/1076/4315 1725/1374/4316 1649/1197/4317 
f 1725/1374/4316 1943/1044/4318 1649/1197/4317 
f 1649/1197/4317 1943/1044/4318 1650/1042/4319 
f 1943/1044/4318 1748/1043/4320 1650/1042/4319 
f 1454/1107/4321 1456/1109/4322 1935/1373/4323 
f 1456/1109/4322 1884/1342/4324 1935/1373/4323 
f 1935/1373/4323 1884/1342/4324 1453/1106/4325 
f 1884/1342/4324 1885/1343/4326 1453/1106/4325 
f 1453/1106/4325 1885/1343/4326 1451/1104/4327 
f 1885/1343/4326 1439/1090/4328 1451/1104/4327 
f 1451/1104/4327 1439/1090/4328 1815/1310/4329 
f 1439/1090/4328 1433/1092/4330 1815/1310/4329 
f 1815/1310/4329 1433/1092/4330 1816/1311/4331 
f 1433/1092/4330 1688/1147/4332 1816/1311/4331 
f 1816/1311/4331 1688/1147/4332 1818/1313/4333 
f 1688/1147/4332 1685/1248/4334 1818/1313/4333 
f 1818/1313/4333 1685/1248/4334 1819/1314/4335 
f 1685/1248/4334 1684/1247/4336 1819/1314/4335 
f 1819/1314/4335 1684/1247/4336 1394/1372/4337 
f 1550/1108/4338 1941/1107/4339 1551/1109/4340 
f 1941/1107/4339 1942/1373/4341 1551/1109/4340 
f 1551/1109/4340 1942/1373/4341 1916/1342/4342 
f 1942/1373/4341 1548/1106/4343 1916/1342/4342 
f 1916/1342/4342 1548/1106/4343 1917/1343/4344 
f 1548/1106/4343 1547/1104/4345 1917/1343/4344 
f 1917/1343/4344 1547/1104/4345 1532/1090/4346 
f 1547/1104/4345 1826/1310/4347 1532/1090/4346 
f 1532/1090/4346 1826/1310/4347 1521/1092/4348 
f 1826/1310/4347 1825/1311/4349 1521/1092/4348 
f 1521/1092/4348 1825/1311/4349 1522/1147/4350 
f 1825/1311/4349 1823/1313/4351 1522/1147/4350 
f 1522/1147/4350 1823/1313/4351 1724/1248/4352 
f 1823/1313/4351 1822/1314/4353 1724/1248/4352 
f 1724/1248/4352 1822/1314/4353 1725/1247/4354 
f 1822/1314/4353 1943/1372/4355 1725/1247/4354 
f 1944/1380/4356 1859/1325/4357 1945/1381/4358 
f 1859/1325/4357 1858/1324/4359 1945/1381/4358 
f 1945/1381/4358 1858/1324/4359 1946/1382/4360 
f 1858/1324/4359 1857/1323/4361 1946/1382/4360 
f 1946/1382/4360 1857/1323/4361 1947/1383/4362 
f 1857/1323/4361 1856/1162/4363 1947/1383/4362 
f 1947/1383/4362 1856/1162/4363 1606/1160/4364 
f 1856/1162/4363 1705/1163/4365 1606/1160/4364 
f 1606/1160/4364 1705/1163/4365 1608/1159/4366 
f 1705/1163/4365 1703/1384/4367 1608/1159/4366 
f 1608/1159/4366 1703/1384/4367 1607/1161/4368 
f 1703/1384/4367 1882/1385/4369 1607/1161/4368 
f 1607/1161/4368 1882/1385/4369 1810/1306/4370 
f 1882/1385/4369 1881/1386/4371 1810/1306/4370 
f 1810/1306/4370 1881/1386/4371 1811/1307/4372 
f 1881/1386/4371 1880/1387/4373 1811/1307/4372 
f 1811/1307/4372 1880/1387/4373 1812/1388/4374 
f 1411/1096/4375 1692/1389/4376 1444/1097/4377 
f 1692/1389/4376 1693/1390/4378 1444/1097/4377 
f 1444/1097/4377 1693/1390/4378 1948/1391/4379 
f 1693/1390/4378 1440/1091/4380 1948/1391/4379 
f 1948/1391/4379 1440/1091/4380 1949/1392/4381 
f 1440/1091/4380 1439/1090/4382 1949/1392/4381 
f 1949/1392/4381 1439/1090/4382 1609/1206/4383 
f 1439/1090/4382 1885/1343/4384 1609/1206/4383 
f 1609/1206/4383 1885/1343/4384 1610/1207/4385 
f 1885/1343/4384 1391/1041/4386 1610/1207/4385 
f 1610/1207/4385 1391/1041/4386 1612/1209/4387 
f 1391/1041/4386 1390/1040/4388 1612/1209/4387 
f 1612/1209/4387 1390/1040/4388 1565/1173/4389 
f 1390/1040/4388 1389/1039/4390 1565/1173/4389 
f 1565/1173/4389 1389/1039/4390 1566/1174/4391 
f 1389/1039/4390 1883/1341/4392 1566/1174/4391 
f 1566/1174/4391 1883/1341/4392 1568/1176/4393 
f 1421/1071/4394 1420/1070/4395 1950/1226/4396 
f 1420/1070/4395 1951/1379/4397 1950/1226/4396 
f 1950/1226/4396 1951/1379/4397 1431/1081/4398 
f 1951/1379/4397 1952/1357/4399 1431/1081/4398 
f 1431/1081/4398 1952/1357/4399 1432/1082/4400 
f 1952/1357/4399 1953/1358/4401 1432/1082/4400 
f 1432/1082/4400 1953/1358/4401 1778/1359/4402 
f 1953/1358/4401 1954/1360/4403 1778/1359/4402 
f 1778/1359/4402 1954/1360/4403 1438/1361/4404 
f 1954/1360/4403 1955/1362/4405 1438/1361/4404 
f 1438/1361/4404 1955/1362/4405 1415/1065/4406 
f 1955/1362/4405 1956/1363/4407 1415/1065/4406 
f 1415/1065/4406 1956/1363/4407 1413/1063/4408 
f 1956/1363/4407 1957/1135/4409 1413/1063/4408 
f 1413/1063/4408 1957/1135/4409 1414/1064/4410 
f 1957/1135/4409 1437/1150/4411 1414/1064/4410 
f 1414/1064/4410 1437/1150/4411 1415/1065/4412 
f 1531/1153/4413 1530/1081/4414 1738/1284/4415 
f 1530/1081/4414 1647/1194/4416 1738/1284/4415 
f 1738/1284/4415 1647/1194/4416 1737/1283/4417 
f 1647/1194/4416 1648/1196/4418 1737/1283/4417 
f 1737/1283/4417 1648/1196/4418 1736/1282/4419 
f 1648/1196/4418 1958/1393/4420 1736/1282/4419 
f 1736/1282/4419 1958/1393/4420 1476/1047/4421 
f 1958/1393/4420 1959/1394/4422 1476/1047/4421 
f 1476/1047/4421 1959/1394/4422 1474/1046/4423 
f 1959/1394/4422 1960/1395/4424 1474/1046/4423 
f 1474/1046/4423 1960/1395/4424 1721/1251/4425 
f 1960/1395/4424 1961/1396/4426 1721/1251/4425 
f 1721/1251/4425 1961/1396/4426 1719/1277/4427 
f 1961/1396/4426 1495/1067/4428 1719/1277/4427 
f 1719/1277/4427 1495/1067/4428 1481/1128/4429 
f 1495/1067/4428 1497/1068/4430 1481/1128/4429 
f 1481/1128/4429 1497/1068/4430 1723/1238/4431 
f 1786/1388/4432 1788/1387/4433 1868/1307/4434 
f 1788/1387/4433 1789/1386/4435 1868/1307/4434 
f 1868/1307/4434 1789/1386/4435 1869/1306/4436 
f 1789/1386/4435 1905/1385/4437 1869/1306/4436 
f 1869/1306/4436 1905/1385/4437 1542/1161/4438 
f 1905/1385/4437 1904/1384/4439 1542/1161/4438 
f 1542/1161/4438 1904/1384/4439 1540/1159/4440 
f 1904/1384/4439 1545/1163/4441 1540/1159/4440 
f 1540/1159/4440 1545/1163/4441 1541/1160/4442 
f 1545/1163/4441 1544/1162/4443 1541/1160/4442 
f 1541/1160/4442 1544/1162/4443 1962/1383/4444 
f 1544/1162/4443 1850/1323/4445 1962/1383/4444 
f 1962/1383/4444 1850/1323/4445 1963/1382/4446 
f 1850/1323/4445 1851/1324/4447 1963/1382/4446 
f 1963/1382/4446 1851/1324/4447 1964/1381/4448 
f 1851/1324/4447 1852/1325/4449 1964/1381/4448 
f 1964/1381/4448 1852/1325/4449 1965/1380/4450 
f 1630/1176/4451 1915/1341/4452 1629/1174/4453 
f 1915/1341/4452 1471/1039/4454 1629/1174/4453 
f 1629/1174/4453 1471/1039/4454 1627/1173/4455 
f 1471/1039/4454 1473/1040/4456 1627/1173/4455 
f 1627/1173/4455 1473/1040/4456 1656/1209/4457 
f 1473/1040/4456 1472/1041/4458 1656/1209/4457 
f 1656/1209/4457 1472/1041/4458 1655/1207/4459 
f 1472/1041/4458 1917/1343/4460 1655/1207/4459 
f 1655/1207/4459 1917/1343/4460 1653/1206/4461 
f 1917/1343/4460 1532/1090/4462 1653/1206/4461 
f 1653/1206/4461 1532/1090/4462 1966/1392/4463 
f 1532/1090/4462 1531/1091/4464 1966/1392/4463 
f 1966/1392/4463 1531/1091/4464 1967/1391/4465 
f 1531/1091/4464 1534/1390/4466 1967/1391/4465 
f 1967/1391/4465 1534/1390/4466 1536/1097/4467 
f 1534/1390/4466 1533/1389/4468 1536/1097/4467 
f 1536/1097/4467 1533/1389/4468 1493/1096/4469 
f 1433/1083/4470 1440/1153/4471 1431/1081/4472 
f 1440/1153/4471 1807/1284/4473 1431/1081/4472 
f 1431/1081/4472 1807/1284/4473 1591/1194/4474 
f 1807/1284/4473 1808/1283/4475 1591/1194/4474 
f 1591/1194/4474 1808/1283/4475 1593/1196/4476 
f 1808/1283/4475 1809/1282/4477 1593/1196/4476 
f 1593/1196/4476 1809/1282/4477 1968/1393/4478 
f 1809/1282/4477 1397/1047/4479 1968/1393/4478 
f 1968/1393/4478 1397/1047/4479 1969/1394/4480 
f 1397/1047/4479 1396/1046/4481 1969/1394/4480 
f 1969/1394/4480 1396/1046/4481 1970/1395/4482 
f 1396/1046/4481 1689/1251/4483 1970/1395/4482 
f 1970/1395/4482 1689/1251/4483 1971/1396/4484 
f 1689/1251/4483 1768/1277/4485 1971/1396/4484 
f 1971/1396/4484 1768/1277/4485 1417/1067/4486 
f 1768/1277/4485 1466/1128/4487 1417/1067/4486 
f 1417/1067/4486 1466/1128/4487 1418/1068/4488 
f 1466/1128/4487 1677/1238/4489 1418/1068/4488 
f 1779/1151/4490 1437/1150/4491 1855/1152/4492 
f 1437/1150/4491 1957/1135/4493 1855/1152/4492 
f 1855/1152/4492 1957/1135/4493 1680/1243/4494 
f 1957/1135/4493 1956/1363/4495 1680/1243/4494 
f 1680/1243/4494 1956/1363/4495 1402/1052/4496 
f 1956/1363/4495 1955/1362/4497 1402/1052/4496 
f 1402/1052/4496 1955/1362/4497 1403/1053/4498 
f 1955/1362/4497 1954/1360/4499 1403/1053/4498 
f 1403/1053/4498 1954/1360/4499 1798/1149/4500 
f 1954/1360/4499 1953/1358/4501 1798/1149/4500 
f 1798/1149/4500 1953/1358/4501 1587/1190/4502 
f 1953/1358/4501 1952/1357/4503 1587/1190/4502 
f 1587/1190/4502 1952/1357/4503 1588/1191/4504 
f 1952/1357/4503 1951/1379/4505 1588/1191/4504 
f 1588/1191/4504 1951/1379/4505 1590/1193/4506 
f 1951/1379/4505 1420/1070/4507 1590/1193/4506 
f 1590/1193/4506 1420/1070/4507 1801/1224/4508 
f 1420/1070/4507 1419/1069/4509 1801/1224/4508 
f 1801/1224/4508 1419/1069/4509 1972/1316/4510 
f 1419/1069/4509 1563/1171/4511 1972/1316/4510 
f 1972/1316/4510 1563/1171/4511 1973/1317/4512 
f 1563/1171/4511 1564/1172/4513 1973/1317/4512 
f 1521/1083/4514 1523/1082/4515 1530/1081/4516 
f 1523/1082/4515 1897/1357/4517 1530/1081/4516 
f 1530/1081/4516 1897/1357/4517 1940/1379/4518 
f 1897/1357/4517 1839/1191/4519 1940/1379/4518 
f 1940/1379/4518 1839/1191/4519 1939/1193/4520 
f 1839/1191/4519 1838/1192/4521 1939/1193/4520 
f 1939/1193/4520 1838/1192/4521 1938/1300/4522 
f 1838/1192/4521 1836/1299/4523 1938/1300/4522 
f 1938/1300/4522 1836/1299/4523 1937/1293/4524 
f 1836/1299/4523 1835/1295/4525 1937/1293/4524 
f 1937/1293/4524 1835/1295/4525 1936/1294/4526 
f 1835/1295/4525 1524/1085/4527 1936/1294/4526 
f 1936/1294/4526 1524/1085/4527 1529/1152/4528 
f 1524/1085/4527 1925/1243/4529 1529/1152/4528 
f 1529/1152/4528 1925/1243/4529 1499/1135/4530 
f 1925/1243/4529 1901/1363/4531 1499/1135/4530 
f 1499/1135/4530 1901/1363/4531 1500/1063/4532 
f 1901/1363/4531 1733/1065/4533 1500/1063/4532 
f 1500/1063/4532 1733/1065/4533 1498/1064/4534 
f 1733/1065/4533 1527/1150/4535 1498/1064/4534 
f 1498/1064/4534 1527/1150/4535 1499/1135/4536 
f 1527/1150/4535 1529/1152/4537 1499/1135/4536 
f 1844/1371/4538 1743/1255/4539 1746/1397/4540 
f 1743/1255/4539 1974/1398/4541 1746/1397/4540 
f 1746/1397/4540 1974/1398/4541 1748/1043/4542 
f 1974/1398/4541 1853/1268/4543 1748/1043/4542 
f 1748/1043/4542 1853/1268/4543 1650/1042/4544 
f 1853/1268/4543 1854/1237/4545 1650/1042/4544 
f 1650/1042/4544 1854/1237/4545 1652/1199/4546 
f 1854/1237/4545 1666/1231/4547 1652/1199/4546 
f 1652/1199/4546 1666/1231/4547 1651/1198/4548 
f 1666/1231/4547 1667/1232/4549 1651/1198/4548 
f 1651/1198/4548 1667/1232/4549 1902/1335/4550 
f 1667/1232/4549 1631/1177/4551 1902/1335/4550 
f 1902/1335/4550 1631/1177/4551 1477/1049/4552 
f 1631/1177/4551 1633/1178/4553 1477/1049/4552 
f 1477/1049/4552 1633/1178/4553 1478/1048/4554 
f 1633/1178/4553 1634/1180/4555 1478/1048/4554 
f 1478/1048/4554 1634/1180/4555 1903/1334/4556 
f 1634/1180/4555 1635/1181/4557 1903/1334/4556 
f 1903/1334/4556 1635/1181/4557 1504/1073/4558 
f 1635/1181/4557 1637/1182/4559 1504/1073/4558 
f 1504/1073/4558 1637/1182/4559 1505/1072/4560 
f 1637/1182/4559 1757/1399/4561 1505/1072/4560 
f 1505/1072/4560 1757/1399/4561 1759/1365/4562 
f 1598/1346/4563 1814/1371/4564 1697/1255/4565 
f 1814/1371/4564 1813/1397/4566 1697/1255/4565 
f 1697/1255/4565 1813/1397/4566 1975/1398/4567 
f 1813/1397/4566 1393/1043/4568 1975/1398/4567 
f 1975/1398/4567 1393/1043/4568 1710/1268/4569 
f 1393/1043/4568 1392/1042/4570 1710/1268/4569 
f 1710/1268/4569 1392/1042/4570 1676/1237/4571 
f 1392/1042/4570 1596/1199/4572 1676/1237/4571 
f 1676/1237/4571 1596/1199/4572 1674/1231/4573 
f 1596/1199/4572 1595/1198/4574 1674/1231/4573 
f 1674/1231/4573 1595/1198/4574 1672/1232/4575 
f 1595/1198/4574 1878/1335/4576 1672/1232/4575 
f 1672/1232/4575 1878/1335/4576 1572/1177/4577 
f 1878/1335/4576 1399/1049/4578 1572/1177/4577 
f 1572/1177/4577 1399/1049/4578 1573/1178/4579 
f 1399/1049/4578 1398/1048/4580 1573/1178/4579 
f 1573/1178/4579 1398/1048/4580 1575/1180/4581 
f 1398/1048/4580 1877/1334/4582 1575/1180/4581 
f 1575/1180/4581 1877/1334/4582 1576/1181/4583 
f 1877/1334/4582 1423/1073/4584 1576/1181/4583 
f 1576/1181/4583 1423/1073/4584 1577/1182/4585 
f 1423/1073/4584 1422/1072/4586 1577/1182/4585 
f 1577/1182/4585 1422/1072/4586 1619/1399/4587 
f 1422/1072/4586 1914/1365/4588 1619/1399/4587 
f 1827/1315/4589 1520/1146/4590 1926/1370/4591 
f 1520/1146/4590 1519/1145/4592 1926/1370/4591 
f 1926/1370/4591 1519/1145/4592 1639/1186/4593 
f 1519/1145/4592 1729/1279/4594 1639/1186/4593 
f 1639/1186/4593 1729/1279/4594 1783/1188/4595 
f 1729/1279/4594 1730/1280/4596 1783/1188/4595 
f 1783/1188/4595 1730/1280/4596 1784/1189/4597 
f 1730/1280/4596 1895/1333/4598 1784/1189/4597 
f 1784/1189/4597 1895/1333/4598 1632/1179/4599 
f 1895/1333/4598 1724/1400/4600 1632/1179/4599 
f 1632/1179/4599 1724/1400/4600 1634/1180/4601 
f 1724/1400/4600 1726/1401/4602 1634/1180/4601 
f 1634/1180/4601 1726/1401/4602 1635/1181/4603 
f 1726/1401/4602 1834/1402/4604 1635/1181/4603 
f 1635/1181/4603 1834/1402/4604 1636/1183/4605 
f 1834/1402/4604 1833/1403/4606 1636/1183/4605 
f 1636/1183/4605 1833/1403/4606 1638/1184/4607 
f 1833/1403/4606 1831/1404/4608 1638/1184/4607 
f 1638/1184/4607 1831/1404/4608 1976/1405/4609 
f 1831/1404/4608 1830/1378/4610 1976/1405/4609 
f 1976/1405/4609 1830/1378/4610 1977/1406/4611 
f 1830/1378/4610 1932/1185/4612 1977/1406/4611 
f 1977/1406/4611 1932/1185/4612 1976/1405/4613 
f 1932/1185/4612 1510/1139/4614 1976/1405/4613 
f 1976/1405/4613 1510/1139/4614 1638/1184/4615 
f 1510/1139/4614 1512/1141/4616 1638/1184/4615 
f 1638/1184/4615 1512/1141/4616 1637/1182/4617 
f 1512/1141/4616 1906/1407/4618 1637/1182/4617 
f 1637/1182/4617 1906/1407/4618 1757/1399/4619 
f 1771/1137/4620 1978/1315/4621 1770/1146/4622 
f 1978/1315/4621 1923/1370/4623 1770/1146/4622 
f 1770/1146/4622 1923/1370/4623 1773/1145/4624 
f 1923/1370/4623 1583/1186/4625 1773/1145/4624 
f 1773/1145/4624 1583/1186/4625 1774/1279/4626 
f 1583/1186/4625 1585/1188/4627 1774/1279/4626 
f 1774/1279/4626 1585/1188/4627 1775/1280/4628 
f 1585/1188/4627 1586/1189/4629 1775/1280/4628 
f 1775/1280/4628 1586/1189/4629 1876/1333/4630 
f 1586/1189/4629 1574/1179/4631 1876/1333/4630 
f 1876/1333/4630 1574/1179/4631 1685/1400/4632 
f 1574/1179/4631 1575/1180/4633 1685/1400/4632 
f 1685/1400/4632 1575/1180/4633 1683/1401/4634 
f 1575/1180/4633 1576/1181/4635 1683/1401/4634 
f 1683/1401/4634 1576/1181/4635 1802/1402/4636 
f 1576/1181/4635 1578/1183/4637 1802/1402/4636 
f 1802/1402/4636 1578/1183/4637 1803/1403/4638 
f 1578/1183/4637 1579/1184/4639 1803/1403/4638 
f 1803/1403/4638 1579/1184/4639 1805/1404/4640 
f 1579/1184/4639 1979/1405/4641 1805/1404/4640 
f 1805/1404/4640 1979/1405/4641 1806/1378/4642 
f 1979/1405/4641 1980/1406/4643 1806/1378/4642 
f 1806/1378/4642 1980/1406/4643 1582/1185/4644 
f 1980/1406/4643 1979/1405/4645 1582/1185/4644 
f 1582/1185/4644 1979/1405/4645 1581/1139/4646 
f 1979/1405/4645 1579/1184/4647 1581/1139/4646 
f 1581/1139/4646 1579/1184/4647 1459/1141/4648 
f 1579/1184/4647 1577/1182/4649 1459/1141/4648 
f 1459/1141/4648 1577/1182/4649 1457/1407/4650 
f 1577/1182/4649 1619/1399/4651 1457/1407/4650 
f 1445/1098/4652 1860/1322/4653 1446/1099/4654 
f 1860/1322/4653 1862/1320/4655 1446/1099/4654 
f 1446/1099/4654 1862/1320/4655 1710/1268/4656 
f 1862/1320/4655 1864/1318/4657 1710/1268/4656 
f 1710/1268/4656 1864/1318/4657 1975/1398/4658 
f 1864/1318/4657 1865/1134/4659 1975/1398/4658 
f 1975/1398/4658 1865/1134/4659 1697/1255/4660 
f 1865/1134/4659 1408/1058/4661 1697/1255/4660 
f 1697/1255/4660 1408/1058/4661 1698/1256/4662 
f 1408/1058/4661 1694/1254/4663 1698/1256/4662 
f 1698/1256/4662 1694/1254/4663 1700/1258/4664 
f 1694/1254/4663 1889/1408/4665 1700/1258/4664 
f 1700/1258/4664 1889/1408/4665 1701/1259/4666 
f 1889/1408/4665 1888/1409/4667 1701/1259/4666 
f 1701/1259/4666 1888/1409/4667 1886/1344/4668 
f 1888/1409/4667 1887/1410/4669 1886/1344/4668 
f 1886/1344/4668 1887/1410/4669 1601/1204/4670 
f 1887/1410/4669 1696/1133/4671 1601/1204/4670 
f 1601/1204/4670 1696/1133/4671 1602/1156/4672 
f 1696/1133/4671 1407/1057/4673 1602/1156/4672 
f 1602/1156/4672 1407/1057/4673 1604/1158/4674 
f 1407/1057/4673 1409/1059/4675 1604/1158/4674 
f 1604/1158/4674 1409/1059/4675 1605/1205/4676 
f 1409/1059/4675 1863/1319/4677 1605/1205/4676 
f 1605/1205/4676 1863/1319/4677 1606/1160/4678 
f 1863/1319/4677 1861/1321/4679 1606/1160/4678 
f 1606/1160/4678 1861/1321/4679 1947/1383/4680 
f 1861/1321/4679 1860/1322/4681 1947/1383/4680 
f 1947/1383/4680 1860/1322/4681 1946/1382/4682 
f 1860/1322/4681 1445/1098/4683 1946/1382/4682 
f 1946/1382/4682 1445/1098/4683 1945/1381/4684 
f 1445/1098/4683 1821/1287/4685 1945/1381/4684 
f 1945/1381/4684 1821/1287/4685 1944/1380/4686 
f 1821/1287/4685 1820/1288/4687 1944/1380/4686 
f 1944/1380/4686 1820/1288/4687 1981/1411/4688 
f 1820/1288/4687 1455/1108/4689 1981/1411/4688 
f 1981/1411/4688 1455/1108/4689 1982/1412/4690 
f 1455/1108/4689 1454/1107/4691 1982/1412/4690 
f 1982/1412/4690 1454/1107/4691 1983/1413/4692 
f 1454/1107/4691 1615/1213/4693 1983/1413/4692 
f 1983/1413/4692 1615/1213/4693 1984/1414/4694 
f 1615/1213/4693 1613/1211/4695 1984/1414/4694 
f 1984/1414/4694 1613/1211/4695 1708/1415/4696 
f 1794/1415/4697 1792/1211/4698 1985/1414/4699 
f 1792/1211/4698 1660/1213/4700 1985/1414/4699 
f 1985/1414/4699 1660/1213/4700 1986/1413/4701 
f 1660/1213/4700 1941/1107/4702 1986/1413/4701 
f 1986/1413/4701 1941/1107/4702 1987/1412/4703 
f 1941/1107/4702 1550/1108/4704 1987/1412/4703 
f 1987/1412/4703 1550/1108/4704 1988/1411/4705 
f 1550/1108/4704 1754/1288/4706 1988/1411/4705 
f 1988/1411/4705 1754/1288/4706 1965/1380/4707 
f 1754/1288/4706 1753/1287/4708 1965/1380/4707 
f 1965/1380/4707 1753/1287/4708 1964/1381/4709 
f 1753/1287/4708 1751/1098/4710 1964/1381/4709 
f 1964/1381/4709 1751/1098/4710 1963/1382/4711 
f 1751/1098/4710 1849/1322/4712 1963/1382/4711 
f 1963/1382/4711 1849/1322/4712 1962/1383/4713 
f 1849/1322/4712 1848/1321/4714 1962/1383/4713 
f 1962/1383/4713 1848/1321/4714 1541/1160/4715 
f 1848/1321/4714 1846/1319/4716 1541/1160/4715 
f 1541/1160/4715 1846/1319/4716 1870/1205/4717 
f 1846/1319/4716 1490/1059/4718 1870/1205/4717 
f 1870/1205/4717 1490/1059/4718 1539/1158/4719 
f 1490/1059/4718 1488/1057/4720 1539/1158/4719 
f 1539/1158/4719 1488/1057/4720 1537/1156/4721 
f 1488/1057/4720 1487/1133/4722 1537/1156/4721 
f 1537/1156/4721 1487/1133/4722 1930/1204/4723 
f 1487/1133/4722 1910/1410/4724 1930/1204/4723 
f 1930/1204/4723 1910/1410/4724 1931/1344/4725 
f 1910/1410/4724 1909/1409/4726 1931/1344/4725 
f 1931/1344/4725 1909/1409/4726 1739/1259/4727 
f 1909/1409/4726 1908/1408/4728 1739/1259/4727 
f 1739/1259/4727 1908/1408/4728 1740/1258/4729 
f 1908/1408/4728 1744/1254/4730 1740/1258/4729 
f 1740/1258/4729 1744/1254/4730 1742/1256/4731 
f 1744/1254/4730 1489/1058/4732 1742/1256/4731 
f 1742/1256/4731 1489/1058/4732 1743/1255/4733 
f 1489/1058/4732 1491/1134/4734 1743/1255/4733 
f 1743/1255/4733 1491/1134/4734 1974/1398/4735 
f 1491/1134/4734 1845/1318/4736 1974/1398/4735 
f 1974/1398/4735 1845/1318/4736 1853/1268/4737 
f 1845/1318/4736 1847/1320/4738 1853/1268/4737 
f 1853/1268/4737 1847/1320/4738 1750/1099/4739 
f 1847/1320/4738 1849/1322/4740 1750/1099/4739 
f 1750/1099/4739 1849/1322/4740 1751/1098/4741 
f 1405/1055/4742 1430/1080/4743 1406/1056/4744 
f 1430/1080/4743 1429/1079/4745 1406/1056/4744 
f 1406/1056/4744 1429/1079/4745 1571/1131/4746 
f 1429/1079/4745 1872/1329/4747 1571/1131/4746 
f 1571/1131/4746 1872/1329/4747 1772/1138/4748 
f 1872/1329/4747 1871/1328/4749 1772/1138/4748 
f 1772/1138/4748 1871/1328/4749 1771/1137/4750 
f 1871/1328/4749 1911/1416/4751 1771/1137/4750 
f 1771/1137/4750 1911/1416/4751 1978/1315/4752 
f 1911/1416/4751 1912/1417/4753 1978/1315/4752 
f 1978/1315/4752 1912/1417/4753 1923/1370/4754 
f 1912/1417/4753 1913/1225/4755 1923/1370/4754 
f 1923/1370/4754 1913/1225/4755 1922/1369/4756 
f 1913/1225/4755 1801/1224/4757 1922/1369/4756 
f 1922/1369/4756 1801/1224/4757 1921/1368/4758 
f 1801/1224/4757 1972/1316/4759 1921/1368/4758 
f 1921/1368/4758 1972/1316/4759 1920/1367/4760 
f 1972/1316/4759 1973/1317/4761 1920/1367/4760 
f 1920/1367/4760 1973/1317/4761 1673/1230/4762 
f 1973/1317/4761 1564/1172/4763 1673/1230/4762 
f 1673/1230/4762 1564/1172/4763 1675/1229/4764 
f 1564/1172/4763 1562/1170/4765 1675/1229/4764 
f 1675/1229/4764 1562/1170/4765 1883/1341/4766 
f 1562/1170/4765 1419/1069/4767 1883/1341/4766 
f 1883/1341/4766 1419/1069/4767 1568/1176/4768 
f 1419/1069/4767 1421/1071/4769 1568/1176/4768 
f 1568/1176/4768 1421/1071/4769 1567/1175/4770 
f 1421/1071/4769 1950/1226/4771 1567/1175/4770 
f 1567/1175/4770 1950/1226/4771 1565/1173/4772 
f 1950/1226/4771 1431/1081/4773 1565/1173/4772 
f 1565/1173/4772 1431/1081/4773 1612/1209/4774 
f 1431/1081/4773 1592/1195/4775 1612/1209/4774 
f 1612/1209/4774 1592/1195/4775 1611/1208/4776 
f 1592/1195/4775 1593/1196/4777 1611/1208/4776 
f 1611/1208/4776 1593/1196/4777 1609/1206/4778 
f 1593/1196/4777 1968/1393/4779 1609/1206/4778 
f 1609/1206/4778 1968/1393/4779 1949/1392/4780 
f 1968/1393/4779 1969/1394/4781 1949/1392/4780 
f 1949/1392/4780 1969/1394/4781 1948/1391/4782 
f 1969/1394/4781 1970/1395/4783 1948/1391/4782 
f 1948/1391/4782 1970/1395/4783 1444/1097/4784 
f 1970/1395/4783 1971/1396/4785 1444/1097/4784 
f 1444/1097/4784 1971/1396/4785 1412/1062/4786 
f 1971/1396/4785 1417/1067/4787 1412/1062/4786 
f 1412/1062/4786 1417/1067/4787 1410/1060/4788 
f 1417/1067/4787 1416/1066/4789 1410/1060/4788 
f 1410/1060/4788 1416/1066/4789 1411/1061/4790 
f 1416/1066/4789 1418/1068/4791 1411/1061/4790 
f 1411/1061/4790 1418/1068/4791 1443/1095/4792 
f 1418/1068/4791 1677/1238/4793 1443/1095/4792 
f 1443/1095/4792 1677/1238/4793 1441/1093/4794 
f 1677/1238/4793 1462/1240/4795 1441/1093/4794 
f 1441/1093/4794 1462/1240/4795 1461/1339/4796 
f 1797/1339/4797 1722/1240/4798 1735/1093/4799 
f 1722/1240/4798 1723/1238/4800 1735/1093/4799 
f 1735/1093/4799 1723/1238/4800 1734/1095/4801 
f 1723/1238/4800 1497/1068/4802 1734/1095/4801 
f 1734/1095/4801 1497/1068/4802 1493/1061/4803 
f 1497/1068/4802 1496/1066/4804 1493/1061/4803 
f 1493/1061/4803 1496/1066/4804 1494/1060/4805 
f 1496/1066/4804 1495/1067/4806 1494/1060/4805 
f 1494/1060/4805 1495/1067/4806 1492/1062/4807 
f 1495/1067/4806 1961/1396/4808 1492/1062/4807 
f 1492/1062/4807 1961/1396/4808 1536/1097/4809 
f 1961/1396/4808 1960/1395/4810 1536/1097/4809 
f 1536/1097/4809 1960/1395/4810 1967/1391/4811 
f 1960/1395/4810 1959/1394/4812 1967/1391/4811 
f 1967/1391/4811 1959/1394/4812 1966/1392/4813 
f 1959/1394/4812 1958/1393/4814 1966/1392/4813 
f 1966/1392/4813 1958/1393/4814 1653/1206/4815 
f 1958/1393/4814 1648/1196/4816 1653/1206/4815 
f 1653/1206/4815 1648/1196/4816 1654/1208/4817 
f 1648/1196/4816 1646/1195/4818 1654/1208/4817 
f 1654/1208/4817 1646/1195/4818 1656/1209/4819 
f 1646/1195/4818 1530/1081/4820 1656/1209/4819 
f 1656/1209/4819 1530/1081/4820 1627/1173/4821 
f 1530/1081/4820 1657/1226/4822 1627/1173/4821 
f 1627/1173/4821 1657/1226/4822 1628/1175/4823 
f 1657/1226/4822 1659/1071/4824 1628/1175/4823 
f 1628/1175/4823 1659/1071/4824 1630/1176/4825 
f 1659/1071/4824 1623/1069/4826 1630/1176/4825 
f 1630/1176/4825 1623/1069/4826 1915/1341/4827 
f 1623/1069/4826 1625/1170/4828 1915/1341/4827 
f 1915/1341/4827 1625/1170/4828 1664/1229/4829 
f 1625/1170/4828 1626/1172/4830 1664/1229/4829 
f 1664/1229/4829 1626/1172/4830 1665/1230/4831 
f 1626/1172/4830 1829/1317/4832 1665/1230/4831 
f 1665/1230/4831 1829/1317/4832 1929/1367/4833 
f 1829/1317/4832 1828/1316/4834 1929/1367/4833 
f 1929/1367/4833 1828/1316/4834 1928/1368/4835 
f 1828/1316/4834 1644/1224/4836 1928/1368/4835 
f 1928/1368/4835 1644/1224/4836 1927/1369/4837 
f 1644/1224/4836 1645/1225/4838 1927/1369/4837 
f 1927/1369/4837 1645/1225/4838 1926/1370/4839 
f 1645/1225/4838 1893/1417/4840 1926/1370/4839 
f 1926/1370/4839 1893/1417/4840 1827/1315/4841 
f 1893/1417/4840 1516/1416/4842 1827/1315/4841 
f 1827/1315/4841 1516/1416/4842 1502/1137/4843 
f 1516/1416/4842 1518/1328/4844 1502/1137/4843 
f 1502/1137/4843 1518/1328/4844 1503/1138/4845 
f 1518/1328/4844 1896/1329/4846 1503/1138/4845 
f 1503/1138/4845 1896/1329/4846 1485/1131/4847 
f 1896/1329/4846 1514/1079/4848 1485/1131/4847 
f 1485/1131/4847 1514/1079/4848 1483/1056/4849 
f 1514/1079/4848 1513/1080/4850 1483/1056/4849 
f 1483/1056/4849 1513/1080/4850 1560/1055/4851 
f 1513/1080/4850 1671/1338/4852 1560/1055/4851 
f 1989/1418/4853 1990/1419/4853 1991/1420/4853 
f 1992/1421/4854 1993/1422/4854 1994/1423/4854 
f 1995/1424/4855 1996/1425/4855 1997/1426/4855 
f 1998/1427/4856 1999/1428/4856 2000/1429/4856 
f 2001/1430/4857 2002/1431/4857 2003/1432/4857 
f 2004/1433/4858 2005/1434/4858 2006/1435/4858 
f 2007/1436/4859 2008/1437/4859 2009/1438/4859 
f 2010/1439/4860 2011/1440/4860 2012/1441/4860 
f 2013/1442/4861 2014/1443/4861 2015/1444/4861 
f 2016/1445/4862 2017/1446/4862 2018/1447/4862 
f 2019/1448/4863 2020/1449/4863 2021/1450/4863 
f 1993/1422/4864 2022/1451/4864 2023/1452/4864 
f 2024/1453/4865 2025/1454/4865 2026/1455/4865 
f 2027/1456/4866 2028/1457/4866 2029/1458/4866 
f 2030/1459/4867 2031/1460/4867 2032/1461/4867 
f 2033/1462/4868 2034/1463/4868 2035/1464/4868 
f 2036/1465/4869 2037/1466/4869 2038/1467/4869 
f 2039/1468/4870 2040/1469/4870 2041/1470/4870 
f 2042/1471/4871 2043/1472/4871 2044/1473/4871 
f 2033/1474/4872 2045/1475/4872 2046/1476/4872 
f 2047/1477/4873 2048/1478/4873 2049/1479/4873 
f 2050/1480/4874 2051/1481/4874 2052/1482/4874 
f 2053/1483/4875 2054/1484/4875 2055/1485/4875 
f 2056/1486/4876 2057/1487/4876 2050/1488/4876 
f 2058/1489/4877 2059/1490/4877 2060/1491/4877 
f 2061/1492/4878 2062/1493/4878 2063/1494/4878 
f 2064/1495/4879 2061/1496/4879 2065/1497/4879 
f 2066/1498/4880 2067/1499/4880 2068/1500/4880 
f 2059/1490/4881 2069/1501/4881 2048/1502/4881 
f 2070/1503/4882 2071/1504/4882 2072/1505/4882 
f 2073/1506/4883 2074/1507/4883 2075/1508/4883 
f 2076/1509/4884 2077/1510/4884 2078/1511/4884 
f 2044/1512/4885 2070/1513/4885 2079/1514/4885 
f 2080/1515/4886 2081/1516/4886 2082/1517/4886 
f 2083/1518/4887 2084/1519/4887 2085/1520/4887 
f 2086/1521/4888 2087/1522/4888 2088/1523/4888 
f 2089/1524/4889 2076/1509/4889 2090/1525/4889 
f 2091/1526/4890 2092/1527/4890 2093/1528/4890 
f 2094/1529/4891 2095/1530/4891 2096/1531/4891 
f 2097/1532/4892 2098/1533/4892 2099/1534/4892 
f 2100/1535/4893 2101/1536/4893 2102/1537/4893 
f 2103/1538/4894 2104/1539/4894 2105/1540/4894 
f 2106/1541/4895 2107/1542/4895 2108/1543/4895 
f 2109/1544/4896 2110/1545/4896 2111/1546/4896 
f 2112/1547/4897 2113/1548/4897 2114/1549/4897 
f 2115/1530/4898 2116/1550/4898 2117/1531/4898 
f 2118/1551/4899 2119/1552/4899 2120/1553/4899 
f 2121/1554/4900 2122/1555/4900 2123/1556/4900 
f 2121/1554/4901 2124/1537/4901 2125/1557/4901 
f 2124/1537/4902 2126/1558/4902 2127/1559/4902 
f 2128/1560/4903 2129/1561/4903 2130/1562/4903 
f 2131/1563/4904 2132/1564/4904 2133/1565/4904 
f 2134/1566/4905 2135/1567/4905 2136/1568/4905 
f 2137/1569/4906 2138/1568/4906 2139/1570/4906 
f 2138/1571/4907 2140/1572/4907 2139/1573/4907 
f 2141/1574/4908 2140/1572/4908 2138/1575/4908 
f 2142/1576/4909 2143/1577/4909 2144/1578/4909 
f 2144/1578/4910 2145/1579/4910 2142/1576/4910 
f 2146/1580/4911 2147/1581/4911 2148/1582/4911 
f 2149/1583/4912 2150/1584/4912 2151/1585/4912 
f 2152/1586/4913 2153/1587/4913 2154/1588/4913 
f 2155/1589/4914 2156/1590/4914 2157/1591/4914 
f 2152/1592/4915 2154/1593/4915 2158/1594/4915 
f 2159/1595/4916 2160/1596/4916 2161/1597/4916 
f 2162/1598/4917 2163/1599/4917 2159/1595/4917 
f 2164/1600/4918 2165/1601/4918 2166/1602/4918 
f 2167/1603/4919 2168/1604/4919 2169/1605/4919 
f 2170/1606/4920 2171/1607/4920 2172/1608/4920 
f 2173/1609/4921 2174/1610/4921 2175/1611/4921 
f 2176/1612/4922 2177/1613/4922 2178/1614/4922 
f 2179/1615/4923 2180/1616/4923 2181/1617/4923 
f 2182/1618/4924 2183/1619/4924 2184/1618/4924 
f 2185/1620/4925 2184/1621/4925 2186/1621/4925 
f 2187/1622/4926 2188/1623/4926 2189/1624/4926 
f 2190/1625/4927 2191/1626/4927 2192/1627/4927 
f 2193/1628/4928 2178/1629/4928 2194/1630/4928 
f 2195/1631/4929 2196/1632/4929 2197/1633/4929 
f 2198/1634/4930 2199/1635/4930 2200/1636/4930 
f 2201/1637/4931 2202/1638/4931 2203/1639/4931 
f 2204/1640/4932 2205/1641/4932 2206/1642/4932 
f 2070/1643/4933 2207/1644/4933 2208/1645/4933 
f 2209/1646/4934 2210/1647/4934 2211/1648/4934 
f 2212/1649/4935 2213/1650/4935 2214/1651/4935 
f 2215/1652/4936 2216/1653/4936 2217/1654/4936 
f 2186/1655/4937 2218/1656/4937 2185/1657/4937 
f 2219/1658/4938 2220/1659/4938 2221/1660/4938 
f 2222/1661/4939 2223/1662/4939 2221/1660/4939 
f 2224/1663/4940 2225/1664/4940 2226/1665/4940 
f 2227/1666/4941 2228/1667/4941 2229/1668/4941 
f 2230/1669/4942 2231/1670/4942 2232/1671/4942 
f 2233/1672/4943 2234/1673/4943 2235/1674/4943 
f 2236/1675/4944 2209/1646/4944 2237/1676/4944 
f 2238/1677/4945 2239/1678/4945 2240/1679/4945 
f 2241/1680/4946 2242/1681/4946 2243/1682/4946 
f 2244/1683/4947 2245/1684/4947 2246/1685/4947 
f 2247/1686/4948 2248/1687/4948 2249/1688/4948 
f 2192/1627/4949 2250/1689/4949 2251/1690/4949 
f 2252/1691/4950 2253/1692/4950 2254/1693/4950 
f 2255/1694/4951 2256/1695/4951 2257/1696/4951 
f 2258/1697/4952 2259/1698/4952 2260/1699/4952 
f 2260/1700/4953 2261/1701/4953 2258/1702/4953 
f 2262/1703/4954 2263/1704/4954 2264/1705/4954 
f 2265/1706/4955 2266/1707/4955 2261/1708/4955 
f 2267/1709/4956 2268/1710/4956 2269/1711/4956 
f 2270/1712/4957 2271/1713/4957 2272/1714/4957 
f 2273/1715/4958 2274/1716/4958 2275/1717/4958 
f 2276/1718/4959 2277/1719/4959 2278/1720/4959 
f 2279/1721/4960 2280/1722/4960 2281/1723/4960 
f 2282/1724/4961 2283/1725/4961 2284/1726/4961 
f 2285/1727/4962 2286/1728/4962 2287/1729/4962 
f 2288/1730/4963 2289/1731/4963 2290/1732/4963 
f 2276/1733/4964 2291/1734/4964 2281/1735/4964 
f 2292/1736/4965 2287/1729/4965 2293/1737/4965 
f 2294/1738/4966 2295/1739/4966 2296/1740/4966 
f 2297/1741/4967 2298/1742/4967 2299/1743/4967 
f 2300/1744/4968 2301/1745/4968 2302/1746/4968 
f 2303/1747/4969 2304/1748/4969 2305/1749/4969 
f 2306/1750/4970 2307/1751/4970 2308/1752/4970 
f 2309/1615/4971 2310/1617/4971 2311/1753/4971 
f 2312/1754/4972 2309/1755/4972 2311/1756/4972 
f 2182/1757/4973 2313/1758/4973 2183/1619/4973 
f 2314/1759/4974 2315/1760/4974 2316/1761/4974 
f 2317/1762/4975 2318/1763/4975 2319/1764/4975 
f 2320/1765/4976 2321/1766/4976 2322/1767/4976 
f 2323/1768/4977 2324/1769/4977 2325/1770/4977 
f 2326/1771/4978 2327/1772/4978 2328/1773/4978 
f 2329/1774/4979 2330/1775/4979 2331/1776/4979 
f 2332/1777/4980 2273/1778/4980 2304/1779/4980 
f 2333/1780/4981 2334/1781/4981 2335/1782/4981 
f 2197/1783/4982 2332/1777/4982 2195/1631/4982 
f 2326/1784/4983 2336/1785/4983 2337/1786/4983 
f 2338/1787/4984 2339/1788/4984 2340/1789/4984 
f 2341/1790/4985 2342/1791/4985 2343/1792/4985 
f 2218/1793/4986 2344/1794/4986 2185/1795/4986 
f 2345/1796/4987 2346/1797/4987 2347/1798/4987 
f 2347/1799/4988 2348/1800/4988 2345/1801/4988 
f 2349/1802/4989 2350/1803/4989 2351/1804/4989 
f 2352/1805/4990 2353/1806/4990 2354/1807/4990 
f 2355/1808/4991 2356/1809/4991 2357/1810/4991 
f 2358/1811/4992 2359/1812/4992 2360/1813/4992 
f 2361/1814/4993 2362/1815/4993 2363/1816/4993 
f 2364/1817/4994 2365/1818/4994 2366/1819/4994 
f 2367/1820/4995 2368/1821/4995 2369/1822/4995 
f 2370/1823/4996 2371/1824/4996 2372/1825/4996 
f 2373/1826/4997 2374/1827/4997 2375/1828/4997 
f 2376/1829/4998 2377/1830/4998 2378/1831/4998 
f 2376/1829/4999 2379/1832/4999 2377/1830/4999 
f 2380/1833/5000 2381/1834/5000 2382/1835/5000 
f 2383/1836/5001 2271/1713/5001 2384/1837/5001 
f 2385/1838/5002 2386/1839/5003 2040/1469/5004 
f 2386/1839/5003 2387/1840/5005 2040/1469/5004 
f 2388/1841/5006 2389/1842/5007 2390/1843/5008 
f 2389/1842/5007 2391/1844/5009 2390/1843/5008 
f 2392/1845/5010 2393/1846/5011 2394/1847/5012 
f 2393/1846/5011 2395/1848/5013 2394/1847/5012 
f 2060/1849/5014 2396/1850/5015 2397/1851/5016 
f 2396/1850/5015 2398/1852/5017 2397/1851/5016 
f 2399/1853/5018 2400/1854/5019 2401/1855/5020 
f 2400/1854/5019 2396/1856/5021 2401/1855/5020 
f 2049/1857/5022 2402/1858/5023 2403/1859/5024 
f 2402/1858/5023 2404/1860/5025 2403/1859/5024 
f 2405/1861/5026 2406/1862/5027 2407/1863/5028 
f 2406/1862/5027 2408/1864/5029 2407/1863/5028 
f 2409/1865/5030 2410/1866/5031 2045/1867/5032 
f 2410/1866/5031 2411/1868/5033 2045/1867/5032 
f 2412/1869/5034 2413/1870/5035 2414/1871/5036 
f 2413/1870/5035 2415/1872/5037 2414/1871/5036 
f 2416/1873/5038 2417/1874/5039 2418/1875/5040 
f 2417/1874/5039 2419/1876/5041 2418/1875/5040 
f 2420/1877/5042 2421/1878/5043 2422/1879/5044 
f 2421/1878/5043 2390/1843/5045 2422/1879/5044 
f 2423/1880/5046 2424/1881/5047 2425/1882/5048 
f 2424/1881/5047 2426/1883/5049 2425/1882/5048 
f 2427/1884/5050 2428/1885/5051 2429/1886/5052 
f 2428/1885/5051 2430/1887/5053 2429/1886/5052 
f 2431/1888/5054 2432/1889/5055 2433/1890/5056 
f 2432/1889/5055 2434/1891/5057 2433/1890/5056 
f 2435/1892/5058 2433/1890/5059 2436/1893/5060 
f 2433/1890/5059 2434/1894/5061 2436/1893/5060 
f 2437/1895/5062 2438/1896/5063 2439/1897/5064 
f 2438/1896/5063 2440/1898/5065 2439/1897/5064 
f 2441/1899/5066 2442/1900/5067 2437/1901/5068 
f 2442/1900/5067 2438/1902/5069 2437/1901/5068 
f 2443/1903/5070 2097/1903/5071 2444/1903/5072 
f 2097/1903/5071 2099/1903/5073 2444/1903/5072 
f 2105/1904/5074 2445/1905/5075 2446/1906/5076 
f 2445/1905/5075 2447/1907/5077 2446/1906/5076 
f 2448/1908/5078 2103/1909/5079 2449/1910/5080 
f 2103/1909/5079 2105/1911/5081 2449/1910/5080 
f 2450/1912/5082 2451/1913/5083 2452/1914/5084 
f 2451/1913/5083 2453/1913/5085 2452/1914/5084 
f 2454/1915/5086 2450/1916/5087 2455/1917/5088 
f 2450/1916/5087 2452/1918/5089 2455/1917/5088 
f 2108/1919/5090 2107/1920/5091 2456/1921/5092 
f 2107/1920/5091 2457/1922/5093 2456/1921/5092 
f 2458/1923/5094 2106/1924/5095 2456/1925/5096 
f 2106/1924/5095 2108/1926/5097 2456/1925/5096 
f 2457/1927/5098 2459/1928/5099 2456/1929/5100 
f 2459/1928/5099 2458/1930/5101 2456/1929/5100 
f 2460/1931/5102 2461/1932/5103 2111/1933/5104 
f 2461/1932/5103 2109/1934/5105 2111/1933/5104 
f 2462/1935/5106 2463/1936/5107 2464/1565/5108 
f 2463/1936/5107 2465/1937/5109 2464/1565/5108 
f 2466/1938/5110 2467/1939/5111 2468/1940/5112 
f 2467/1939/5111 2469/1941/5113 2468/1940/5112 
f 2113/1942/5114 2112/1943/5115 2470/1944/5116 
f 2112/1943/5115 2471/1945/5117 2470/1944/5116 
f 2472/1946/5118 2470/1944/5119 2473/1947/5120 
f 2470/1944/5119 2471/1945/5121 2473/1947/5120 
f 2473/1948/5122 2474/1949/5123 2472/1950/5124 
f 2474/1949/5123 2475/1951/5125 2472/1950/5124 
f 2476/1891/5126 2477/1952/5127 2478/1953/5128 
f 2477/1952/5127 2479/1954/5129 2478/1953/5128 
f 2120/1955/5130 2119/1956/5131 2478/1953/5132 
f 2119/1956/5131 2476/1957/5133 2478/1953/5132 
f 2480/1958/5134 2481/1959/5135 2482/1960/5136 
f 2481/1959/5135 2483/1961/5137 2482/1960/5136 
f 2125/1962/5138 2484/1962/5139 2121/1962/5140 
f 2484/1962/5139 2122/1962/5141 2121/1962/5140 
f 2485/1963/5142 2486/1964/5143 2487/1909/5144 
f 2486/1964/5143 2488/1911/5145 2487/1909/5144 
f 2486/1964/5146 2489/1965/5147 2488/1966/5148 
f 2489/1965/5147 2490/1967/5149 2488/1966/5148 
f 2491/1968/5150 2492/1969/5151 2493/1970/5152 
f 2492/1969/5151 2494/1970/5153 2493/1970/5152 
f 2492/1971/5154 2491/1972/5155 2495/1973/5156 
f 2491/1972/5155 2496/1974/5157 2495/1973/5156 
f 2497/1975/5158 2498/1976/5159 2129/1977/5160 
f 2498/1976/5159 2130/1978/5161 2129/1977/5160 
f 2499/1979/5162 2498/1980/5163 2500/1981/5164 
f 2498/1980/5163 2497/1981/5165 2500/1981/5164 
f 2130/1982/5166 2498/1983/5167 2128/1984/5168 
f 2498/1983/5167 2499/1985/5169 2128/1984/5168 
f 2501/1986/5170 2502/1987/5171 2503/1988/5172 
f 2502/1987/5171 2504/1544/5173 2503/1988/5172 
f 2505/1989/5174 2506/1990/5175 2132/1564/5176 
f 2506/1990/5175 2133/1565/5177 2132/1564/5176 
f 2507/1991/5178 2508/1992/5179 2509/1993/5180 
f 2508/1992/5179 2510/1994/5181 2509/1993/5180 
f 2508/1995/5182 2511/1996/5183 2510/1997/5184 
f 2511/1996/5183 2512/1996/5185 2510/1997/5184 
f 2507/1998/5186 2513/1999/5187 2508/2000/5188 
f 2513/1999/5187 2511/2001/5189 2508/2000/5188 
f 2514/2002/5190 2515/2003/5191 2516/1570/5192 
f 2515/2003/5191 2136/1568/5193 2516/1570/5192 
f 2517/2004/5194 2518/1943/5195 2143/2005/5196 
f 2518/1943/5195 2144/2006/5197 2143/2005/5196 
f 2519/2007/5198 2520/2008/5199 2143/2009/5200 
f 2520/2008/5199 2517/2010/5201 2143/2009/5200 
f 2518/2011/5202 2521/2012/5202 2144/1578/5203 
f 2521/2012/5202 2145/1579/5203 2144/1578/5203 
f 2522/2013/5204 2523/2014/5205 2524/2015/5206 
f 2523/2014/5205 2525/2016/5207 2524/2015/5206 
f 2526/2017/5208 2527/2018/5209 2528/2019/5210 
f 2527/2018/5209 2529/2020/5211 2528/2019/5210 
f 2530/2021/5212 2531/2022/5213 2528/2023/5214 
f 2531/2022/5213 2526/2024/5215 2528/2023/5214 
f 2529/2020/5216 2532/2025/5217 2528/2019/5218 
f 2532/2025/5217 2530/2026/5219 2528/2019/5218 
f 2522/2027/5220 2524/2028/5221 2526/2017/5222 
f 2524/2028/5221 2527/2018/5223 2526/2017/5222 
f 2146/2029/5224 2148/2030/5225 2533/2031/5226 
f 2148/2030/5225 2534/2032/5227 2533/2031/5226 
f 2530/2033/5228 2535/2034/5229 2536/2035/5230 
f 2535/2034/5229 2147/2036/5231 2536/2035/5230 
f 2530/2026/5232 2537/2037/5233 2535/2038/5234 
f 2537/2037/5233 2538/2039/5235 2535/2038/5234 
f 2305/2040/5236 2539/2041/5237 2303/2042/5238 
f 2539/2041/5237 2540/2043/5239 2303/2042/5238 
f 2541/2044/5240 2542/2045/5241 2543/2046/5242 
f 2542/2045/5241 2544/2047/5243 2543/2046/5242 
f 2545/2048/5244 2156/2049/5245 2546/2050/5246 
f 2156/2049/5245 2547/2051/5247 2546/2050/5246 
f 2152/2052/5248 2159/2053/5249 2153/2054/5250 
f 2159/2053/5249 2161/2055/5251 2153/2054/5250 
f 2163/1599/5252 2548/2056/5253 2549/2057/5254 
f 2548/2056/5253 2550/2058/5255 2549/2057/5254 
f 2176/2059/5256 2178/2060/5257 2551/1749/5258 
f 2178/2060/5257 2193/2061/5259 2551/1749/5258 
f 2552/2062/5260 2553/2063/5261 2554/2064/5262 
f 2553/2063/5261 2555/2065/5263 2554/2064/5262 
f 2556/2066/5264 2557/2067/5265 2558/2068/5266 
f 2557/2067/5265 2559/2069/5267 2558/2068/5266 
f 2256/1695/5268 2255/1694/5269 2560/2070/5270 
f 2255/1694/5269 2561/2071/5271 2560/2070/5270 
f 2557/2072/5272 2562/2073/5273 2559/2074/5274 
f 2562/2073/5273 2563/2075/5275 2559/2074/5274 
f 2070/1643/5276 2564/2076/5277 2207/1644/5278 
f 2564/2076/5277 2066/2077/5279 2207/1644/5278 
f 2565/2078/5280 2566/2079/5281 2567/2080/5282 
f 2566/2079/5281 2568/2081/5283 2567/2080/5282 
f 2569/2082/5284 2570/2083/5285 2571/2084/5286 
f 2570/2083/5285 2572/2085/5287 2571/2084/5286 
f 2254/2086/5288 2253/1692/5289 2573/2087/5290 
f 2253/1692/5289 2574/2088/5291 2573/2087/5290 
f 2192/2089/5292 2575/2090/5293 2190/2091/5294 
f 2575/2090/5293 2576/2092/5295 2190/2091/5294 
f 2269/2093/5296 2268/2094/5297 2577/2095/5298 
f 2268/2094/5297 2578/2096/5299 2577/2095/5298 
f 2261/1701/5300 2266/2097/5301 2258/1702/5302 
f 2266/2097/5301 2579/2098/5303 2258/1702/5302 
f 2580/2099/5304 2581/2100/5305 2582/2101/5306 
f 2581/2100/5305 2583/2102/5307 2582/2101/5306 
f 2277/2103/5308 2284/2104/5309 2278/2105/5310 
f 2284/2104/5309 2283/2105/5311 2278/2105/5310 
f 2275/1717/5312 2584/2106/5313 2585/2107/5314 
f 2584/2106/5313 2305/2040/5315 2585/2107/5314 
f 2300/2108/5316 2302/2109/5317 2586/2110/5318 
f 2302/2109/5317 2587/2111/5319 2586/2110/5318 
f 2540/2043/5320 2539/2041/5321 2092/2112/5322 
f 2539/2041/5321 2588/2113/5323 2092/2112/5322 
f 2589/2114/5324 2590/2115/5325 2348/2116/5326 
f 2590/2115/5325 2345/2117/5327 2348/2116/5326 
f 2591/2118/5328 2191/2119/5329 2592/1627/5330 
f 2191/2119/5329 2593/1625/5331 2592/1627/5330 
f 2320/2120/5332 2594/2121/5333 2595/2122/5334 
f 2594/2121/5333 2596/2123/5335 2595/2122/5334 
f 2597/2124/5336 2598/2125/5337 2599/2126/5338 
f 2598/2125/5337 2600/2127/5339 2599/2126/5338 
f 2601/2128/5340 2602/2129/5341 2603/2130/5342 
f 2602/2129/5341 2328/1773/5343 2603/2130/5342 
f 2604/2131/5344 2605/2132/5345 2606/2133/5346 
f 2605/2132/5345 2309/2134/5347 2606/2133/5346 
f 2369/1822/5348 2607/2135/5349 2608/2136/5350 
f 2607/2135/5349 2609/2137/5351 2608/2136/5350 
f 2610/1687/5352 2611/2138/5353 2612/1688/5354 
f 2611/2138/5353 2613/2139/5355 2612/1688/5354 
f 2614/2140/5356 2615/2141/5357 2616/2142/5358 
f 2615/2141/5357 2617/2143/5359 2616/2142/5358 
f 2592/2089/5360 2618/2144/5361 2619/2145/5362 
f 2618/2144/5361 2620/2146/5363 2619/2145/5362 
f 2374/1827/5364 2621/2147/5365 2268/2148/5366 
f 2621/2147/5365 2578/2096/5367 2268/2148/5366 
f 2622/2149/5368 2623/2150/5369 2624/2151/5370 
f 2623/2150/5369 2380/2152/5371 2624/2151/5370 
f 2625/2153/5372 2183/1619/5373 2626/2154/5374 
f 2183/1619/5373 2379/2155/5375 2626/2154/5374 
f 2627/2156/5376 2314/2157/5377 2628/2158/5378 
f 2314/2157/5377 2629/2159/5379 2628/2158/5378 
f 2627/2160/5380 2630/2161/5381 2631/2162/5382 
f 2630/2161/5381 2632/2163/5383 2631/2162/5382 
f 2379/2155/5384 2183/1619/5385 2185/2164/5386 
f 2183/1619/5385 2264/1705/5387 2185/2164/5386 
f 2040/2165/5388 2039/2166/5389 2385/2167/5390 
f 2039/2166/5389 2633/2168/5391 2385/2167/5390 
f 2385/2167/5390 2633/2168/5391 2634/2169/5392 
f 2635/2170/5393 2636/2171/5394 2637/2172/5395 
f 2636/2171/5394 2638/2173/5396 2637/2172/5395 
f 2637/2172/5395 2638/2173/5396 2639/2174/5397 
f 2640/2175/5398 2641/2176/5399 2642/2177/5400 
f 2641/2176/5399 2643/2178/5401 2642/2177/5400 
f 2642/2177/5400 2643/2178/5401 2644/2179/5401 
f 2645/2180/5402 2194/2181/5403 2646/2182/5404 
f 2194/2181/5403 2647/2183/5405 2646/2182/5404 
f 2646/2182/5404 2647/2183/5405 2648/2184/5406 
f 2649/2185/5407 2645/2180/5408 2650/2186/5409 
f 2645/2180/5408 2651/2187/5410 2650/2186/5409 
f 2650/2186/5409 2651/2187/5410 2652/2188/5411 
f 2653/2189/5412 2654/2190/5413 2655/2191/5414 
f 2654/2190/5413 2656/2192/5415 2655/2191/5414 
f 2655/2191/5414 2656/2192/5415 2657/2193/5416 
f 2634/2194/5417 2658/2195/5418 2659/2196/5419 
f 2658/2195/5418 2649/2185/5420 2659/2196/5419 
f 2659/2196/5419 2649/2185/5420 2660/2197/5421 
f 2661/2198/5422 2662/2199/5423 2663/2200/5424 
f 2662/2199/5423 2664/2201/5425 2663/2200/5424 
f 2663/2200/5424 2664/2201/5425 2665/2202/5426 
f 2666/2203/5427 2014/1443/5428 2667/2204/5429 
f 2014/1443/5428 2038/1467/5430 2667/2204/5429 
f 2667/2204/5429 2038/1467/5430 2668/2205/5431 
f 2093/2206/5432 2092/2207/5433 2669/2208/5434 
f 2092/2207/5433 2369/2209/5435 2669/2208/5434 
f 2669/2208/5434 2369/2209/5435 2670/2210/5436 
f 2671/2211/5437 2672/2212/5438 2673/2213/5439 
f 2672/2212/5438 2674/2214/5440 2673/2213/5439 
f 2673/2213/5439 2674/2214/5440 2675/2215/5441 
f 2676/2216/5442 2677/2217/5443 2678/2218/5444 
f 2677/2217/5443 2679/2219/5445 2678/2218/5444 
f 2678/2218/5444 2679/2219/5445 2680/2220/5446 
f 2681/2221/5447 2676/2216/5448 2682/2222/5449 
f 2676/2216/5448 2678/2218/5450 2682/2222/5449 
f 2682/2222/5449 2678/2218/5450 2683/2223/5451 
f 2684/2224/5452 2685/2225/5453 2686/2226/5454 
f 2685/2225/5453 2687/2227/5455 2686/2226/5454 
f 2686/2226/5454 2687/2227/5455 2688/2228/5456 
f 2689/2229/5457 2690/2230/5458 2399/2231/5459 
f 2690/2230/5458 2691/2232/5460 2399/2231/5459 
f 2399/2231/5459 2691/2232/5460 2400/2233/5461 
f 2692/2234/5462 2693/2235/5463 2694/2236/5464 
f 2693/2235/5463 2695/2237/5465 2694/2236/5464 
f 2694/2236/5464 2695/2237/5465 2392/1845/5466 
f 2696/2238/5467 2697/2239/5468 2698/2240/5469 
f 2697/2239/5468 2401/1855/5470 2698/2240/5469 
f 2698/2240/5469 2401/1855/5470 2699/2241/5471 
f 2018/1447/5472 2017/1446/5473 2700/2242/5474 
f 2017/1446/5473 2701/2243/5475 2700/2242/5474 
f 2700/2242/5474 2701/2243/5475 2702/2244/5476 
f 2404/1860/5477 2703/2245/5478 2403/1859/5479 
f 2703/2245/5478 2419/2246/5480 2403/1859/5479 
f 2403/1859/5479 2419/2246/5480 2049/1857/5481 
f 2078/2247/5482 2073/1506/5483 2412/2248/5484 
f 2073/1506/5483 2075/1508/5485 2412/2248/5484 
f 2412/2248/5484 2075/1508/5485 2704/2249/5486 
f 2089/1524/5487 2090/1525/5488 2705/2250/5489 
f 2090/1525/5488 2706/2251/5490 2705/2250/5489 
f 2705/2250/5489 2706/2251/5490 2707/2252/5491 
f 2092/1527/5492 2091/1526/5493 2540/2253/5494 
f 2091/1526/5493 2708/2254/5495 2540/2253/5494 
f 2540/2253/5494 2708/2254/5495 2303/2255/5496 
f 2649/1528/5497 2658/2256/5498 2645/1526/5499 
f 2658/2256/5498 2193/2255/5500 2645/1526/5499 
f 2645/1526/5499 2193/2255/5500 2194/2254/5501 
f 2709/2257/5502 2710/2258/5503 2711/2259/5504 
f 2710/2258/5503 2712/2260/5505 2711/2259/5504 
f 2711/2259/5504 2712/2260/5505 2095/2261/5506 
f 2442/2262/5507 2713/2263/5508 2714/2264/5509 
f 2713/2263/5508 2439/2265/5510 2714/2264/5509 
f 2714/2264/5509 2439/2265/5510 2440/2266/5511 
f 2442/2262/5512 2441/2267/5513 2713/2263/5514 
f 2441/2267/5513 2437/2268/5515 2713/2263/5514 
f 2713/2263/5514 2437/2268/5515 2439/2269/5516 
f 2447/1907/5517 2715/2270/5518 2446/1906/5519 
f 2715/2270/5518 2449/1910/5520 2446/1906/5519 
f 2446/1906/5519 2449/1910/5520 2105/1904/5521 
f 2454/2271/5522 2716/2272/5523 2450/2273/5524 
f 2716/2272/5523 2717/2274/5525 2450/2273/5524 
f 2450/2273/5524 2717/2274/5525 2451/2275/5526 
f 2106/1541/5527 2718/2276/5528 2107/1542/5529 
f 2718/2276/5528 2459/2277/5530 2107/1542/5529 
f 2107/1542/5529 2459/2277/5530 2457/2278/5531 
f 2466/2279/5532 2719/2280/5533 2467/2281/5534 
f 2719/2280/5533 2720/2282/5535 2467/2281/5534 
f 2467/2281/5534 2720/2282/5535 2469/2283/5536 
f 2115/2284/5537 2721/2285/5538 2722/2286/5539 
f 2721/2285/5538 2723/2258/5540 2722/2286/5539 
f 2722/2286/5539 2723/2258/5540 2724/2287/5541 
f 2119/1552/5542 2118/1551/5543 2725/2288/5544 
f 2118/1551/5543 2726/2289/5545 2725/2288/5544 
f 2725/2288/5544 2726/2289/5545 2727/2290/5546 
f 2728/2291/5547 2729/2292/5548 2730/2264/5549 
f 2729/2292/5548 2731/2293/5550 2730/2264/5549 
f 2730/2264/5549 2731/2293/5550 2481/2294/5551 
f 2732/2295/5552 2733/2296/5553 2734/2297/5554 
f 2733/2296/5553 2735/2298/5555 2734/2297/5554 
f 2734/2297/5554 2735/2298/5555 2736/2299/5556 
f 2495/2300/5557 2737/2301/5558 2738/2302/5559 
f 2737/2301/5558 2739/2303/5560 2738/2302/5559 
f 2738/2302/5559 2739/2303/5560 2740/2304/5561 
f 2128/1560/5562 2741/2305/5563 2129/1561/5564 
f 2741/2305/5563 2500/2306/5565 2129/1561/5564 
f 2129/1561/5564 2500/2306/5565 2497/2307/5566 
f 2132/1564/5567 2502/2308/5568 2505/1989/5569 
f 2502/2308/5568 2501/1986/5570 2505/1989/5569 
f 2505/1989/5569 2501/1986/5570 2503/1988/5571 
f 2516/1570/5572 2136/1568/5573 2137/1569/5574 
f 2136/1568/5573 2742/2309/5575 2137/1569/5574 
f 2137/1569/5574 2742/2309/5575 2138/1568/5576 
f 2514/2310/5577 2743/2311/5578 2515/2312/5579 
f 2743/2311/5578 2134/2313/5580 2515/2312/5579 
f 2515/2312/5579 2134/2313/5580 2136/2314/5581 
f 2141/1566/5582 2138/1568/5583 2135/1567/5584 
f 2138/1568/5583 2742/2309/5585 2135/1567/5584 
f 2135/1567/5584 2742/2309/5585 2136/1568/5586 
f 2141/1574/5587 2744/2315/5588 2140/1572/5589 
f 2744/2315/5588 2745/2316/5590 2140/1572/5589 
f 2140/1572/5589 2745/2316/5590 2139/1573/5591 
f 2148/1582/5592 2147/1581/5593 2746/2317/5594 
f 2147/1581/5593 2535/2038/5595 2746/2317/5594 
f 2746/2317/5594 2535/2038/5595 2538/2039/5596 
f 2159/2318/5597 2747/2319/5598 2162/2318/5599 
f 2747/2319/5598 2548/2320/5600 2162/2318/5599 
f 2162/2318/5599 2548/2320/5600 2163/2321/5601 
f 2748/2322/5602 2551/2323/5603 2749/2324/5604 
f 2551/2323/5603 2193/2042/5605 2749/2324/5604 
f 2749/2324/5604 2193/2042/5605 2658/2325/5606 
f 2154/2326/5607 2750/2327/5608 2158/2328/5609 
f 2750/2327/5608 2751/2329/5610 2158/2328/5609 
f 2158/2328/5609 2751/2329/5610 2167/2330/5611 
f 2752/2331/5612 2753/2332/5613 2754/2333/5614 
f 2753/2332/5613 2755/2334/5615 2754/2333/5614 
f 2754/2333/5614 2755/2334/5615 2160/2335/5616 
f 2173/2336/5617 2756/2337/5618 2174/2338/5619 
f 2756/2337/5618 2550/2058/5620 2174/2338/5619 
f 2174/2338/5619 2550/2058/5620 2757/2339/5621 
f 2758/2340/5622 2759/2341/5623 2760/2342/5624 
f 2759/2341/5623 2761/2343/5625 2760/2342/5624 
f 2760/2342/5624 2761/2343/5625 2762/2344/5626 
f 2263/2345/5627 2763/2346/5628 2264/2347/5629 
f 2763/2346/5628 2184/2348/5630 2264/2347/5629 
f 2264/2347/5629 2184/2348/5630 2183/2349/5631 
f 2764/2350/5632 2765/2351/5633 2766/2352/5634 
f 2765/2351/5633 2767/2353/5635 2766/2352/5634 
f 2766/2352/5634 2767/2353/5635 2768/2354/5636 
f 2187/1622/5637 2769/2355/5638 2188/1623/5639 
f 2769/2355/5638 2770/2356/5640 2188/1623/5639 
f 2188/1623/5639 2770/2356/5640 2771/2357/5641 
f 2772/2358/5642 2773/2359/5643 2774/2360/5644 
f 2773/2359/5643 2775/2361/5645 2774/2360/5644 
f 2774/2360/5644 2775/2361/5645 2776/2362/5646 
f 2777/2363/5647 2778/2364/5648 2779/2365/5649 
f 2778/2364/5648 2780/2366/5650 2779/2365/5649 
f 2779/2365/5649 2780/2366/5650 2217/1654/5651 
f 2781/2367/5652 2782/2368/5653 2220/1659/5654 
f 2782/2368/5653 2783/2369/5655 2220/1659/5654 
f 2220/1659/5654 2783/2369/5655 2221/1660/5656 
f 2784/2370/5657 2546/2371/5658 2785/2372/5659 
f 2546/2371/5658 2547/2373/5660 2785/2372/5659 
f 2785/2372/5659 2547/2373/5660 2786/2374/5661 
f 2248/2375/5662 2251/1690/5663 2249/2376/5664 
f 2251/1690/5663 2250/1689/5665 2249/2376/5664 
f 2249/2376/5664 2250/1689/5665 2787/2377/5666 
f 2267/1709/5667 2269/1711/5668 2788/2378/5669 
f 2269/1711/5668 2789/2379/5670 2788/2378/5669 
f 2788/2378/5669 2789/2379/5670 2790/2380/5671 
f 2791/2381/5672 2792/2382/5673 2793/2383/5674 
f 2792/2382/5673 2794/2384/5675 2793/2383/5674 
f 2793/2383/5674 2794/2384/5675 2795/2385/5676 
f 2632/2163/5677 2796/2386/5678 2797/2387/5679 
f 2796/2386/5678 2798/2388/5680 2797/2387/5679 
f 2797/2387/5679 2798/2388/5680 2799/2389/5681 
f 2800/2390/5682 2260/1699/5683 2801/2391/5684 
f 2260/1699/5683 2259/1698/5685 2801/2391/5684 
f 2801/2391/5684 2259/1698/5685 2802/2392/5686 
f 2293/2393/5687 2803/2394/5688 2292/2318/5689 
f 2803/2394/5688 2285/2395/5690 2292/2318/5689 
f 2292/2318/5689 2285/2395/5690 2287/2318/5691 
f 2290/1732/5692 2289/1731/5693 2804/2396/5694 
f 2289/1731/5693 2803/2397/5695 2804/2396/5694 
f 2804/2396/5694 2803/2397/5695 2293/1737/5696 
f 2805/2398/5697 2282/2399/5698 2806/2400/5699 
f 2282/2399/5698 2807/2401/5700 2806/2400/5699 
f 2806/2400/5699 2807/2401/5700 2808/2402/5701 
f 2809/2403/5702 2810/2404/5703 2811/2405/5704 
f 2810/2404/5703 2812/2406/5705 2811/2405/5704 
f 2811/2405/5704 2812/2406/5705 2813/2407/5706 
f 2301/1745/5707 2300/1744/5708 2814/2408/5709 
f 2300/1744/5708 2815/2409/5710 2814/2408/5709 
f 2814/2408/5709 2815/2409/5710 2816/2410/5711 
f 2305/1749/5712 2304/1748/5713 2585/2411/5714 
f 2304/1748/5713 2273/2412/5715 2585/2411/5714 
f 2585/2411/5714 2273/2412/5715 2275/2413/5716 
f 2092/2414/5717 2588/2415/5718 2369/2416/5719 
f 2588/2415/5718 2817/2417/5720 2369/2416/5719 
f 2369/2416/5719 2817/2417/5720 2607/2418/5721 
f 2183/2419/5722 2313/2420/5723 2379/1832/5724 
f 2313/2420/5723 2818/2421/5725 2379/1832/5724 
f 2379/1832/5724 2818/2421/5725 2377/1830/5726 
f 2344/2422/5727 2313/2422/5728 2185/1620/5729 
f 2313/2422/5728 2182/2423/5730 2185/1620/5729 
f 2185/1620/5729 2182/2423/5730 2184/1621/5731 
f 2319/1764/5732 2819/2424/5733 2317/1762/5734 
f 2819/2424/5733 2820/2425/5735 2317/1762/5734 
f 2317/1762/5734 2820/2425/5735 2821/2426/5736 
f 2346/1797/5737 2345/1796/5738 2822/2427/5739 
f 2345/1796/5738 2590/2428/5740 2822/2427/5739 
f 2822/2427/5739 2590/2428/5740 2823/2429/5741 
f 2603/2430/5742 2824/2431/5743 2601/2432/5744 
f 2824/2431/5743 2825/2433/5745 2601/2432/5744 
f 2601/2432/5744 2825/2433/5745 2826/2434/5746 
f 2827/2435/5747 2828/2436/5748 2829/2437/5749 
f 2828/2436/5748 2830/2438/5750 2829/2437/5749 
f 2829/2437/5749 2830/2438/5750 2831/2439/5751 
f 2195/1631/5752 2332/1777/5753 2708/2440/5754 
f 2332/1777/5753 2304/1779/5755 2708/2440/5754 
f 2708/2440/5754 2304/1779/5755 2303/2441/5756 
f 2337/1786/5757 2336/1785/5758 2832/2442/5759 
f 2336/1785/5758 2833/2443/5760 2832/2442/5759 
f 2832/2442/5759 2833/2443/5760 2834/2444/5761 
f 2835/2445/5762 2836/2446/5763 2837/2447/5764 
f 2836/2446/5763 2778/2448/5765 2837/2447/5764 
f 2837/2447/5764 2778/2448/5765 2777/2363/5766 
f 2326/1771/5767 2337/2449/5768 2327/1772/5769 
f 2337/2449/5768 2838/2450/5770 2327/1772/5769 
f 2327/1772/5769 2838/2450/5770 2839/2451/5771 
f 2840/2452/5772 2235/1674/5773 2841/2453/5774 
f 2235/1674/5773 2234/1673/5775 2841/2453/5774 
f 2841/2453/5774 2234/1673/5775 2066/2077/5776 
f 2832/2442/5777 2842/2454/5778 2337/1786/5779 
f 2842/2454/5778 2843/2455/5780 2337/1786/5779 
f 2337/1786/5779 2843/2455/5780 2838/2456/5781 
f 2151/1585/5782 2674/2457/5783 2367/1820/5784 
f 2674/2457/5783 2672/2458/5785 2367/1820/5784 
f 2367/1820/5784 2672/2458/5785 2368/1821/5786 
f 2844/2459/5787 2322/1767/5788 2845/2460/5789 
f 2322/1767/5788 2321/1766/5790 2845/2460/5789 
f 2845/2460/5789 2321/1766/5790 2846/2461/5791 
f 2370/1823/5792 2372/1825/5793 2847/2462/5794 
f 2372/1825/5793 2617/2143/5795 2847/2462/5794 
f 2847/2462/5794 2617/2143/5795 2615/2141/5796 
f 2614/2140/5797 2616/2142/5798 2848/2463/5799 
f 2616/2142/5798 2849/2464/5800 2848/2463/5799 
f 2848/2463/5799 2849/2464/5800 2850/2465/5801 
f 2373/1826/5802 2375/1828/5803 2630/2466/5804 
f 2375/1828/5803 2851/2467/5805 2630/2466/5804 
f 2630/2466/5804 2851/2467/5805 2852/2468/5806 
f 2380/1833/5807 2382/1835/5808 2624/2469/5809 
f 2382/1835/5808 2853/2470/5810 2624/2469/5809 
f 2624/2469/5809 2853/2470/5810 2854/2471/5811 
f 2855/2472/5812 2856/2473/5813 2857/2474/5814 
f 2856/2473/5813 2858/2475/5815 2857/2474/5814 
f 2857/2474/5814 2858/2475/5815 2855/2472/5816 
f 2858/2475/5815 2859/2476/5817 2855/2472/5816 
f 2675/2215/5818 2860/2477/5819 2673/2213/5820 
f 2860/2477/5819 2861/2478/5821 2673/2213/5820 
f 2673/2213/5820 2861/2478/5821 2671/2211/5822 
f 2861/2478/5821 2862/2479/5823 2671/2211/5822 
f 2033/1462/5824 2025/1454/5824 2045/2480/5825 
f 2025/1454/5824 2863/2481/5826 2045/2480/5825 
f 2045/2480/5825 2863/2481/5826 2409/2482/5827 
f 2863/2481/5826 2864/2483/5828 2409/2482/5827 
f 2034/1463/5829 2865/2484/5830 2368/2485/5831 
f 2865/2484/5830 2866/2486/5832 2368/2485/5831 
f 2368/2485/5831 2866/2486/5832 2369/2209/5833 
f 2866/2486/5832 2867/2487/5834 2369/2209/5833 
f 2410/1866/5835 2868/2488/5836 2411/1868/5837 
f 2868/2488/5836 2071/1504/5838 2411/1868/5837 
f 2411/1868/5837 2071/1504/5838 2044/2489/5839 
f 2071/1504/5838 2070/1503/5840 2044/2489/5839 
f 2008/1437/5841 2869/2490/5842 2009/1438/5843 
f 2869/2490/5842 2870/2491/5844 2009/1438/5843 
f 2009/1438/5843 2870/2491/5844 2007/1436/5845 
f 2870/2491/5844 2665/2202/5846 2007/1436/5845 
f 2871/2492/5847 2872/2493/5848 2873/2494/5849 
f 2872/2493/5848 2874/2495/5850 2873/2494/5849 
f 2873/2494/5849 2874/2495/5850 2875/2496/5851 
f 2874/2495/5850 2876/2497/5852 2875/2496/5851 
f 2423/1880/5853 2877/2498/5854 2424/1881/5855 
f 2877/2498/5854 2878/2499/5856 2424/1881/5855 
f 2424/1881/5855 2878/2499/5856 2426/1883/5857 
f 2878/2499/5856 1989/1418/5858 2426/1883/5857 
f 2074/1507/5859 2415/1872/5860 2075/2500/5861 
f 2415/1872/5860 2413/1870/5862 2075/2500/5861 
f 2075/2500/5861 2413/1870/5862 2704/2501/5863 
f 2413/1870/5862 2412/1869/5864 2704/2501/5863 
f 2435/2502/5865 2436/2503/5866 2879/2504/5867 
f 2436/2503/5866 2880/2505/5868 2879/2504/5867 
f 2879/2504/5867 2880/2505/5868 2881/2506/5869 
f 2880/2505/5868 2882/2507/5870 2881/2506/5869 
f 2507/2508/5871 2509/2509/5872 2513/1999/5873 
f 2509/2509/5872 2883/2510/5874 2513/1999/5873 
f 2513/1999/5873 2883/2510/5874 2511/2001/5875 
f 2883/2510/5874 2512/2511/5876 2511/2001/5875 
f 2521/2012/5877 2520/2512/5878 2145/1579/5879 
f 2520/2512/5878 2519/2513/5880 2145/1579/5879 
f 2145/1579/5879 2519/2513/5880 2142/1576/5881 
f 2519/2513/5880 2143/2013/5882 2142/1576/5881 
f 2884/2514/5883 2885/2515/5884 2886/2516/5885 
f 2885/2515/5884 2887/2517/5886 2886/2516/5885 
f 2886/2516/5885 2887/2517/5886 2888/2518/5887 
f 2887/2517/5886 2889/2519/5888 2888/2518/5887 
f 2174/1610/5889 2757/2520/5890 2175/1611/5891 
f 2757/2520/5890 2169/1605/5892 2175/1611/5891 
f 2175/1611/5891 2169/1605/5892 2890/2521/5893 
f 2169/1605/5892 2168/1604/5894 2890/2521/5893 
f 2786/2522/5895 2891/2523/5896 2892/2524/5897 
f 2891/2523/5896 2893/2525/5898 2892/2524/5897 
f 2892/2524/5897 2893/2525/5898 2894/2526/5899 
f 2893/2525/5898 2895/2527/5900 2894/2526/5899 
f 2896/2528/5901 2897/2529/5902 2898/2530/5903 
f 2897/2529/5902 2198/1634/5904 2898/2530/5903 
f 2898/2530/5903 2198/1634/5904 2899/2531/5905 
f 2198/1634/5904 2200/2532/5906 2899/2531/5905 
f 2192/2089/5907 2251/2145/5908 2575/2090/5909 
f 2251/2145/5908 2900/2533/5910 2575/2090/5909 
f 2575/2090/5909 2900/2533/5910 2576/2092/5911 
f 2900/2533/5910 2901/2533/5912 2576/2092/5911 
f 2901/2534/5913 2902/2535/5914 2903/2536/5915 
f 2902/2535/5914 2257/1696/5916 2903/2536/5915 
f 2903/2536/5915 2257/1696/5916 2904/2537/5917 
f 2257/1696/5916 2256/1695/5918 2904/2537/5917 
f 2269/2093/5919 2905/2538/5920 2789/2539/5921 
f 2905/2538/5920 2906/2540/5922 2789/2539/5921 
f 2789/2539/5921 2906/2540/5922 2790/2541/5923 
f 2906/2540/5922 2852/2468/5924 2790/2541/5923 
f 2794/2542/5925 2907/2543/5926 2795/2544/5927 
f 2907/2543/5926 2563/2075/5928 2795/2544/5927 
f 2795/2544/5927 2563/2075/5928 2802/2545/5929 
f 2563/2075/5928 2562/2073/5930 2802/2545/5929 
f 2296/2546/5931 2908/2547/5932 2294/2548/5933 
f 2908/2547/5932 2291/1734/5934 2294/2548/5933 
f 2294/2548/5933 2291/1734/5934 2909/2549/5935 
f 2291/1734/5934 2276/1733/5936 2909/2549/5935 
f 2590/2550/5937 2589/2551/5938 2910/2552/5939 
f 2589/2551/5938 2629/2159/5940 2910/2552/5939 
f 2910/2552/5939 2629/2159/5940 2316/2553/5941 
f 2629/2159/5940 2314/2157/5942 2316/2553/5941 
f 2339/1788/5943 2911/2554/5944 2340/1789/5945 
f 2911/2554/5944 2912/2555/5946 2340/1789/5945 
f 2340/1789/5945 2912/2555/5946 2913/2556/5947 
f 2912/2555/5946 2914/2557/5948 2913/2556/5947 
f 2915/2558/5949 2356/1809/5950 2916/2559/5951 
f 2356/1809/5950 2355/1808/5952 2916/2559/5951 
f 2916/2559/5951 2355/1808/5952 2917/2560/5953 
f 2355/1808/5952 2357/1810/5954 2917/2560/5953 
f 2592/2089/5955 2593/2091/5956 2618/2144/5957 
f 2593/2091/5956 2918/2090/5958 2618/2144/5957 
f 2618/2144/5957 2918/2090/5958 2620/2146/5959 
f 2918/2090/5958 2850/2146/5960 2620/2146/5959 
f 2383/1836/5961 2919/2561/5962 2271/1713/5963 
f 2919/2561/5962 2920/2562/5964 2271/1713/5963 
f 2271/1713/5963 2920/2562/5964 2272/1714/5965 
f 2920/2562/5964 2921/2563/5966 2272/1714/5965 
f 2922/2564/5967 2580/2099/5968 2923/2565/5969 
f 2580/2099/5968 2582/2101/5970 2923/2565/5969 
f 2923/2565/5969 2582/2101/5970 2924/2566/5971 
f 2582/2101/5970 2583/2102/5972 2924/2566/5971 
f 2925/2567/5973 2625/2153/5974 2926/2568/5975 
f 2625/2153/5974 2626/2154/5976 2926/2568/5975 
f 2926/2568/5975 2626/2154/5976 2376/1829/5977 
f 2626/2154/5976 2379/2155/5978 2376/1829/5977 
f 2647/2183/5979 2708/2569/5980 2927/2570/5981 
f 2708/2569/5980 2091/2571/5982 2927/2570/5981 
f 2927/2570/5981 2091/2571/5982 2928/2572/5983 
f 2091/2571/5982 2093/2206/5984 2928/2572/5983 
f 2928/2572/5983 2093/2206/5984 2929/2573/5985 
f 2046/1476/5986 2045/1475/5987 2930/2574/5988 
f 2045/1475/5987 2411/2575/5989 2930/2574/5988 
f 2930/2574/5988 2411/2575/5989 2931/2576/5990 
f 2411/2575/5989 2932/2577/5991 2931/2576/5990 
f 2931/2576/5990 2932/2577/5991 2933/2578/5992 
f 2934/2579/5993 2032/1461/5994 2935/2580/5995 
f 2032/1461/5994 2031/1460/5996 2935/2580/5995 
f 2935/2580/5995 2031/1460/5996 2934/2579/5997 
f 2031/1460/5996 2936/2581/5998 2934/2579/5997 
f 2934/2579/5997 2936/2581/5998 2937/2582/5999 
f 2396/1850/6000 2400/2583/6001 2398/1852/6002 
f 2400/2583/6001 2938/2584/6003 2398/1852/6002 
f 2398/1852/6002 2938/2584/6003 2052/1482/6004 
f 2938/2584/6003 2056/2585/6005 2052/1482/6004 
f 2052/1482/6004 2056/2585/6005 2050/1480/6006 
f 2059/1490/6007 2058/1489/6008 2069/1501/6009 
f 2058/1489/6008 2053/2586/6010 2069/1501/6009 
f 2069/1501/6009 2053/2586/6010 2072/1505/6011 
f 2053/2586/6010 2057/2587/6012 2072/1505/6011 
f 2072/1505/6011 2057/2587/6012 2070/1503/6013 
f 2400/2233/6014 2691/2232/6015 2938/2588/6016 
f 2691/2232/6015 2564/2589/6017 2938/2588/6016 
f 2938/2588/6016 2564/2589/6017 2056/2590/6018 
f 2564/2589/6017 2070/1513/6019 2056/2590/6018 
f 2056/2590/6018 2070/1513/6019 2057/2591/6020 
f 2939/2592/6021 2940/2593/6022 2941/2594/6023 
f 2940/2593/6022 2062/1493/6024 2941/2594/6023 
f 2941/2594/6023 2062/1493/6024 2942/2595/6025 
f 2062/1493/6024 2061/1492/6026 2942/2595/6025 
f 2942/2595/6025 2061/1492/6026 2064/2596/6027 
f 2943/2597/6028 2690/2598/6029 2944/2599/6030 
f 2690/2598/6029 2689/2600/6031 2944/2599/6030 
f 2944/2599/6030 2689/2600/6031 2065/1497/6032 
f 2689/2600/6031 2067/2601/6033 2065/1497/6032 
f 2065/1497/6032 2067/2601/6033 2064/1495/6034 
f 2690/2230/6035 2943/2602/6036 2691/2232/6037 
f 2943/2602/6036 2945/2603/6038 2691/2232/6037 
f 2691/2232/6037 2945/2603/6038 2564/2589/6039 
f 2945/2603/6038 2067/2604/6040 2564/2589/6039 
f 2564/2589/6039 2067/2604/6040 2066/2605/6041 
f 2946/2606/6042 2947/2607/6043 2948/2608/6044 
f 2947/2607/6043 2675/2609/6045 2948/2608/6044 
f 2948/2608/6044 2675/2609/6045 2949/2610/6046 
f 2675/2609/6045 2674/2611/6047 2949/2610/6046 
f 2949/2610/6046 2674/2611/6047 2151/2612/6048 
f 2418/1875/6049 2950/2613/6050 2416/1873/6051 
f 2950/2613/6050 2047/1477/6052 2416/1873/6051 
f 2416/1873/6051 2047/1477/6052 2417/1874/6053 
f 2047/1477/6052 2049/1479/6054 2417/1874/6053 
f 2417/1874/6053 2049/1479/6054 2419/1876/6055 
f 2435/1892/6056 2879/2614/6057 2433/1890/6058 
f 2879/2614/6057 2881/2615/6059 2433/1890/6058 
f 2433/1890/6058 2881/2615/6059 2431/1888/6060 
f 2881/2615/6059 2882/2616/6061 2431/1888/6060 
f 2431/1888/6060 2882/2616/6061 2432/1889/6062 
f 2109/1544/6063 2465/2617/6064 2110/1545/6065 
f 2465/2617/6064 2951/2618/6066 2110/1545/6065 
f 2110/1545/6065 2951/2618/6066 2462/1935/6067 
f 2951/2618/6066 2952/2619/6068 2462/1935/6067 
f 2462/1935/6067 2952/2619/6068 2463/1936/6069 
f 2466/2279/6070 2953/2511/6071 2719/2280/6072 
f 2953/2511/6071 2954/2510/6073 2719/2280/6072 
f 2719/2280/6072 2954/2510/6073 2720/2282/6074 
f 2954/2510/6073 2468/2509/6075 2720/2282/6074 
f 2720/2282/6074 2468/2509/6075 2469/2508/6076 
f 2473/1948/6077 2114/1549/6078 2474/1949/6079 
f 2114/1549/6078 2113/1548/6080 2474/1949/6079 
f 2474/1949/6079 2113/1548/6080 2475/1951/6081 
f 2113/1548/6080 2470/2620/6082 2475/1951/6081 
f 2475/1951/6081 2470/2620/6082 2472/1950/6083 
f 2477/1952/6084 2727/2616/6085 2479/1954/6086 
f 2727/2616/6085 2726/2621/6087 2479/1954/6086 
f 2479/1954/6086 2726/2621/6087 2478/1953/6088 
f 2726/2621/6087 2118/2622/6089 2478/1953/6088 
f 2478/1953/6088 2118/2622/6089 2120/1955/6090 
f 2728/2623/6091 2480/2624/6092 2729/2625/6093 
f 2480/2624/6092 2482/2626/6094 2729/2625/6093 
f 2729/2625/6093 2482/2626/6094 2731/2293/6095 
f 2482/2626/6094 2483/2627/6096 2731/2293/6095 
f 2731/2293/6095 2483/2627/6096 2481/2294/6097 
f 2124/1537/6098 2121/1554/6099 2126/1558/6100 
f 2121/1554/6099 2123/1556/6101 2126/1558/6100 
f 2126/1558/6100 2123/1556/6101 2127/1559/6102 
f 2123/1556/6101 2122/2628/6103 2127/1559/6102 
f 2127/1559/6102 2122/2628/6103 2484/2629/6104 
f 2505/1989/6105 2503/1988/6106 2506/1990/6107 
f 2503/1988/6106 2504/1934/6108 2506/1990/6107 
f 2506/1990/6107 2504/1934/6108 2133/1565/6109 
f 2504/1934/6108 2955/1937/6110 2133/1565/6109 
f 2133/1565/6109 2955/1937/6110 2131/1563/6111 
f 2131/1563/6112 2956/2630/6113 2132/1564/6114 
f 2956/2630/6113 2957/2631/6115 2132/1564/6114 
f 2132/1564/6114 2957/2631/6115 2502/2308/6116 
f 2957/2631/6115 2955/2632/6117 2502/2308/6116 
f 2502/2308/6116 2955/2632/6117 2504/1544/6118 
f 2532/2633/6119 2525/2634/6120 2530/2021/6121 
f 2525/2634/6120 2523/2635/6122 2530/2021/6121 
f 2530/2021/6121 2523/2635/6122 2531/2022/6123 
f 2523/2635/6122 2522/2636/6124 2531/2022/6123 
f 2531/2022/6123 2522/2636/6124 2526/2024/6125 
f 2147/2036/6126 2146/2029/6127 2536/2035/6128 
f 2146/2029/6127 2533/2031/6129 2536/2035/6128 
f 2536/2035/6128 2533/2031/6129 2530/2033/6130 
f 2533/2031/6129 2534/2032/6131 2530/2033/6130 
f 2530/2033/6130 2534/2032/6131 2537/2637/6132 
f 2177/2638/6133 2958/2639/6134 2959/2640/6135 
f 2958/2639/6134 2960/2641/6136 2959/2640/6135 
f 2959/2640/6135 2960/2641/6136 2545/2642/6137 
f 2960/2641/6136 2157/2643/6138 2545/2642/6137 
f 2545/2642/6137 2157/2643/6138 2156/2644/6139 
f 2160/2335/6140 2755/2334/6141 2161/2055/6142 
f 2755/2334/6141 2961/2645/6143 2161/2055/6142 
f 2161/2055/6142 2961/2645/6143 2153/2054/6144 
f 2961/2645/6143 2962/2646/6145 2153/2054/6144 
f 2153/2054/6144 2962/2646/6145 2154/2647/6146 
f 2170/1606/6147 2172/1608/6148 2963/2648/6149 
f 2172/1608/6148 2964/2649/6150 2963/2648/6149 
f 2963/2648/6149 2964/2649/6150 2965/2650/6151 
f 2964/2649/6150 2966/2651/6152 2965/2650/6151 
f 2965/2650/6151 2966/2651/6152 2967/2652/6153 
f 2173/2336/6154 2166/1602/6155 2756/2337/6156 
f 2166/1602/6155 2165/1601/6157 2756/2337/6156 
f 2756/2337/6156 2165/1601/6157 2550/2058/6158 
f 2165/1601/6157 2968/2653/6159 2550/2058/6158 
f 2550/2058/6158 2968/2653/6159 2549/2057/6160 
f 2658/2654/6161 2634/2655/6162 2894/2656/6163 
f 2634/2655/6162 2633/2657/6164 2894/2656/6163 
f 2894/2656/6163 2633/2657/6164 2892/2658/6165 
f 2633/2657/6164 2785/2659/6166 2892/2658/6165 
f 2892/2658/6165 2785/2659/6166 2786/2660/6167 
f 2969/2661/6168 2970/2662/6169 2971/2663/6170 
f 2970/2662/6169 2972/2664/6171 2971/2663/6170 
f 2971/2663/6170 2972/2664/6171 2973/2665/6172 
f 2972/2664/6171 2181/2666/6173 2973/2665/6172 
f 2973/2665/6172 2181/2666/6173 2180/2667/6174 
f 2974/2668/6175 2758/2340/6176 2975/2669/6177 
f 2758/2340/6176 2760/2342/6178 2975/2669/6177 
f 2975/2669/6177 2760/2342/6178 2976/2670/6179 
f 2760/2342/6178 2762/2344/6180 2976/2670/6179 
f 2976/2670/6179 2762/2344/6180 2977/2671/6181 
f 2570/2083/6182 2978/2672/6183 2572/2085/6184 
f 2978/2672/6183 2979/2673/6185 2572/2085/6184 
f 2572/2085/6184 2979/2673/6185 2980/2674/6186 
f 2979/2673/6185 2981/2675/6187 2980/2674/6186 
f 2980/2674/6186 2981/2675/6187 2982/2676/6188 
f 2773/2359/6189 2983/2677/6190 2775/2361/6191 
f 2983/2677/6190 2984/2678/6192 2775/2361/6191 
f 2775/2361/6191 2984/2678/6192 2776/2362/6193 
f 2984/2678/6192 2985/2679/6194 2776/2362/6193 
f 2776/2362/6193 2985/2679/6194 2986/2680/6195 
f 2566/2079/6196 2987/2681/6197 2568/2081/6198 
f 2987/2681/6197 2988/2682/6199 2568/2081/6198 
f 2568/2081/6198 2988/2682/6199 2231/1670/6200 
f 2988/2682/6199 2989/2683/6201 2231/1670/6200 
f 2231/1670/6200 2989/2683/6201 2232/1671/6202 
f 2990/2684/6203 2991/2685/6204 2992/2686/6205 
f 2991/2685/6204 2229/1668/6206 2992/2686/6205 
f 2992/2686/6205 2229/1668/6206 2239/1678/6207 
f 2229/1668/6206 2228/1667/6208 2239/1678/6207 
f 2239/1678/6207 2228/1667/6208 2240/1679/6209 
f 2213/1650/6210 2543/2046/6211 2214/1651/6212 
f 2543/2046/6211 2544/2047/6213 2214/1651/6212 
f 2214/1651/6212 2544/2047/6213 2212/1649/6214 
f 2544/2047/6213 2210/1647/6215 2212/1649/6214 
f 2212/1649/6214 2210/1647/6215 2993/2687/6216 
f 2210/1647/6217 2544/2047/6218 2211/1648/6219 
f 2544/2047/6218 2542/2045/6220 2211/1648/6219 
f 2211/1648/6219 2542/2045/6220 2994/2688/6221 
f 2542/2045/6220 2541/2044/6222 2994/2688/6221 
f 2994/2688/6221 2541/2044/6222 2995/2689/6223 
f 2217/1654/6224 2216/1653/6225 2779/2365/6226 
f 2216/1653/6225 2996/2690/6227 2779/2365/6226 
f 2779/2365/6226 2996/2690/6227 2777/2363/6228 
f 2996/2690/6227 2997/2691/6229 2777/2363/6228 
f 2777/2363/6228 2997/2691/6229 2998/2692/6230 
f 2773/2693/6231 2765/2351/6232 2983/2694/6233 
f 2765/2351/6232 2764/2350/6234 2983/2694/6233 
f 2983/2694/6233 2764/2350/6234 2999/2695/6235 
f 2764/2350/6234 3000/2696/6236 2999/2695/6235 
f 2999/2695/6235 3000/2696/6236 3001/2697/6237 
f 2241/1680/6238 2243/1682/6239 3002/2698/6240 
f 2243/1682/6239 3003/2699/6241 3002/2698/6240 
f 3002/2698/6240 3003/2699/6241 3004/2700/6242 
f 3003/2699/6241 2970/2701/6243 3004/2700/6242 
f 3004/2700/6242 2970/2701/6243 2969/2702/6244 
f 2901/2534/6245 2900/2703/6246 2902/2535/6247 
f 2900/2703/6246 3005/2704/6248 2902/2535/6247 
f 2902/2535/6247 3005/2704/6248 2257/1696/6249 
f 3005/2704/6248 3006/2705/6250 2257/1696/6249 
f 2257/1696/6249 3006/2705/6250 2255/1694/6251 
f 3007/2706/6252 2267/1709/6253 3008/2707/6254 
f 2267/1709/6253 2788/2378/6255 3008/2707/6254 
f 3008/2707/6254 2788/2378/6255 3009/2708/6256 
f 2788/2378/6255 2790/2380/6257 3009/2708/6256 
f 3009/2708/6256 2790/2380/6257 2852/2709/6258 
f 2280/2710/6259 2279/2711/6260 3010/2712/6261 
f 2279/2711/6260 3011/2713/6262 3010/2712/6261 
f 3010/2712/6261 3011/2713/6262 3012/2714/6263 
f 3011/2713/6262 2274/2715/6264 3012/2714/6263 
f 3012/2714/6263 2274/2715/6264 2273/2412/6265 
f 2815/2716/6266 2300/2108/6267 2288/1730/6268 
f 2300/2108/6267 2586/2110/6269 2288/1730/6268 
f 2288/1730/6268 2586/2110/6269 2289/1731/6270 
f 2586/2110/6269 2587/2111/6271 2289/1731/6270 
f 2289/1731/6270 2587/2111/6271 2299/2717/6272 
f 3013/2718/6273 2809/2403/6274 3014/2719/6275 
f 2809/2403/6274 2811/2405/6276 3014/2719/6275 
f 3014/2719/6275 2811/2405/6276 3015/2720/6277 
f 2811/2405/6276 2813/2407/6278 3015/2720/6277 
f 3015/2720/6277 2813/2407/6278 3016/2721/6279 
f 2817/2417/6280 3017/2722/6281 2607/2418/6282 
f 3017/2722/6281 3018/2723/6283 2607/2418/6282 
f 2607/2418/6282 3018/2723/6283 2609/2724/6284 
f 3018/2723/6283 2280/2725/6285 2609/2724/6284 
f 2609/2724/6284 2280/2725/6285 3010/2048/6286 
f 2311/2667/6287 2310/2726/6288 3019/2665/6289 
f 2310/2726/6288 3020/2727/6290 3019/2665/6289 
f 3019/2665/6289 3020/2727/6290 3021/2728/6291 
f 3020/2727/6290 3022/2729/6292 3021/2728/6291 
f 3021/2728/6291 3022/2729/6292 3023/2730/6293 
f 2307/2731/6294 2306/2732/6295 3024/2733/6296 
f 2306/2732/6295 3025/2734/6297 3024/2733/6296 
f 3024/2733/6296 3025/2734/6297 3026/2735/6298 
f 3025/2734/6297 3023/2736/6299 3026/2735/6298 
f 3026/2735/6298 3023/2736/6299 3022/2737/6300 
f 2316/1761/6301 2315/1760/6302 3027/2738/6303 
f 2315/1760/6302 2378/1831/6304 3027/2738/6303 
f 3027/2738/6303 2378/1831/6304 3028/2739/6305 
f 2378/1831/6304 2377/1830/6306 3028/2739/6305 
f 3028/2739/6305 2377/1830/6306 2818/2740/6307 
f 2203/1639/6308 2351/1804/6309 3029/2741/6310 
f 2351/1804/6309 2350/1803/6311 3029/2741/6310 
f 3029/2741/6310 2350/1803/6311 2342/1791/6312 
f 2350/1803/6311 3030/2742/6313 2342/1791/6312 
f 2342/1791/6312 3030/2742/6313 2343/1792/6314 
f 2708/2440/6315 2647/2743/6316 2195/1631/6317 
f 2647/2743/6316 2194/1630/6318 2195/1631/6317 
f 2195/1631/6317 2194/1630/6318 2196/1632/6319 
f 2194/1630/6318 2178/1629/6320 2196/1632/6319 
f 2196/1632/6319 2178/1629/6320 2177/2744/6321 
f 2200/1636/6322 2199/1635/6323 3031/2745/6324 
f 2199/1635/6323 3032/2746/6325 3031/2745/6324 
f 3031/2745/6324 3032/2746/6325 2333/1780/6326 
f 3032/2746/6325 3033/2747/6327 2333/1780/6326 
f 2333/1780/6326 3033/2747/6327 2334/1781/6328 
f 2838/2450/6329 2843/2455/6330 2839/2451/6331 
f 2843/2455/6330 3034/2748/6332 2839/2451/6331 
f 2839/2451/6331 3034/2748/6332 3035/2749/6333 
f 3034/2748/6332 3036/2750/6334 3035/2749/6333 
f 3035/2749/6333 3036/2750/6334 2840/2452/6335 
f 2369/1822/6336 2608/2136/6337 2367/1820/6338 
f 2608/2136/6337 3037/2751/6339 2367/1820/6338 
f 2367/1820/6338 3037/2751/6339 2151/1585/6340 
f 3037/2751/6339 3038/2752/6341 2151/1585/6340 
f 2151/1585/6340 3038/2752/6341 2149/1583/6342 
f 2617/2143/6343 3039/2753/6344 2616/2142/6345 
f 3039/2753/6344 3040/2754/6346 2616/2142/6345 
f 2616/2142/6345 3040/2754/6346 2849/2464/6347 
f 3040/2754/6346 2620/2755/6348 2849/2464/6347 
f 2849/2464/6347 2620/2755/6348 2850/2465/6349 
f 2394/1847/6350 3041/2756/6351 2392/1845/6352 
f 3041/2756/6351 2696/2238/6353 2392/1845/6352 
f 2392/1845/6352 2696/2238/6353 2694/2236/6354 
f 2696/2238/6353 2698/2240/6355 2694/2236/6354 
f 2694/2236/6354 2698/2240/6355 2692/2234/6356 
f 2698/2240/6355 2699/2241/6357 2692/2234/6356 
f 2405/1861/6358 3042/2757/6359 2406/1862/6360 
f 3042/2757/6359 2051/2758/6361 2406/1862/6360 
f 2406/1862/6360 2051/2758/6361 2408/1864/6362 
f 2051/2758/6361 2050/1488/6363 2408/1864/6362 
f 2408/1864/6362 2050/1488/6363 3043/2759/6364 
f 2050/1488/6363 2057/1487/6365 3043/2759/6364 
f 2443/1557/6366 2102/1537/6367 2097/1532/6368 
f 2102/1537/6367 2101/1536/6369 2097/1532/6368 
f 2097/1532/6368 2101/1536/6369 2098/1533/6370 
f 2101/1536/6369 2100/1535/6371 2098/1533/6370 
f 2098/1533/6370 2100/1535/6371 2099/2760/6372 
f 2100/1535/6371 2444/2629/6373 2099/2760/6372 
f 2454/2271/6374 2455/2761/6375 2716/2272/6376 
f 2455/2761/6375 3044/2762/6377 2716/2272/6376 
f 2716/2272/6376 3044/2762/6377 2717/2274/6378 
f 3044/2762/6377 3045/2763/6379 2717/2274/6378 
f 2717/2274/6378 3045/2763/6379 2451/2275/6380 
f 3045/2763/6379 2453/2764/6381 2451/2275/6380 
f 2495/2300/6382 2496/2765/6383 2737/2301/6384 
f 2496/2765/6383 2491/2766/6385 2737/2301/6384 
f 2737/2301/6384 2491/2766/6385 2739/2303/6386 
f 2491/2766/6385 2493/2767/6387 2739/2303/6386 
f 2739/2303/6386 2493/2767/6387 2740/2304/6388 
f 2493/2767/6387 2494/2768/6389 2740/2304/6388 
f 3046/2769/6390 2895/2527/6391 3047/2770/6392 
f 2895/2527/6391 2893/2525/6393 3047/2770/6392 
f 3047/2770/6392 2893/2525/6393 3048/2771/6394 
f 2893/2525/6393 2891/2523/6395 3048/2771/6394 
f 3048/2771/6394 2891/2523/6395 2547/2772/6396 
f 2891/2523/6395 2786/2522/6397 2547/2772/6396 
f 3049/2773/6398 2787/2377/6399 3050/2774/6400 
f 2787/2377/6399 2250/1689/6401 3050/2774/6400 
f 3050/2774/6400 2250/1689/6401 3051/2775/6402 
f 2250/1689/6401 2192/1627/6403 3051/2775/6402 
f 3051/2775/6402 2192/1627/6403 2591/2118/6404 
f 2192/1627/6403 2191/1626/6405 2591/2118/6404 
f 3052/2776/6406 3053/2777/6407 3054/2778/6408 
f 3053/2777/6407 3055/2779/6409 3054/2778/6408 
f 3054/2778/6408 3055/2779/6409 3056/2780/6410 
f 3055/2779/6409 3057/2781/6411 3056/2780/6410 
f 3056/2780/6410 3057/2781/6411 3058/2782/6412 
f 3057/2781/6411 3018/2783/6413 3058/2782/6412 
f 3059/2784/6414 2290/2785/6415 2808/2402/6416 
f 2290/2785/6415 2804/2786/6417 2808/2402/6416 
f 2808/2402/6416 2804/2786/6417 2806/2400/6418 
f 2804/2786/6417 2293/2787/6419 2806/2400/6418 
f 2806/2400/6418 2293/2787/6419 2805/2398/6420 
f 2293/2787/6419 2287/2318/6421 2805/2398/6420 
f 2299/2717/6422 2298/2788/6423 2289/1731/6424 
f 2298/2788/6423 2296/1740/6425 2289/1731/6424 
f 2289/1731/6424 2296/1740/6425 2803/2397/6426 
f 2296/1740/6425 2295/1739/6427 2803/2397/6426 
f 2803/2397/6426 2295/1739/6427 2285/2789/6428 
f 2295/1739/6427 2286/1728/6429 2285/2789/6428 
f 3011/2790/6430 3060/2791/6431 2274/1716/6432 
f 3060/2791/6431 3061/2792/6433 2274/1716/6432 
f 2274/1716/6432 3061/2792/6433 2275/1717/6434 
f 3061/2792/6433 3062/2793/6435 2275/1717/6434 
f 2275/1717/6434 3062/2793/6435 2584/2106/6436 
f 3062/2793/6435 3063/2794/6437 2584/2106/6436 
f 2824/2431/6438 3064/2795/6439 2825/2433/6440 
f 3064/2795/6439 3065/2796/6441 2825/2433/6440 
f 2825/2433/6440 3065/2796/6441 2826/2434/6442 
f 3065/2796/6441 3066/2797/6443 2826/2434/6442 
f 2826/2434/6442 3066/2797/6443 3067/2798/6444 
f 3066/2797/6443 3068/2799/6445 3067/2798/6444 
f 3069/2800/6446 3070/2801/6447 2325/1770/6448 
f 3070/2801/6447 3071/2802/6449 2325/1770/6448 
f 2325/1770/6448 3071/2802/6449 2323/1768/6450 
f 3071/2802/6449 3072/2803/6451 2323/1768/6450 
f 2323/1768/6450 3072/2803/6451 2339/1788/6452 
f 3072/2803/6451 2911/2554/6453 2339/1788/6452 
f 3073/2804/6454 3074/2805/6455 2038/1467/6456 
f 3074/2805/6455 3075/2806/6457 2038/1467/6456 
f 2038/1467/6456 3075/2806/6457 2036/1465/6458 
f 3075/2806/6457 3076/2807/6459 2036/1465/6458 
f 2036/1465/6458 3076/2807/6459 3077/2808/6460 
f 3076/2807/6459 3078/2809/6461 3077/2808/6460 
f 3077/2808/6460 3078/2809/6461 3079/2810/6462 
f 2670/2210/6463 2022/1451/6464 2669/2208/6465 
f 2022/1451/6464 1993/1422/6466 2669/2208/6465 
f 2669/2208/6465 1993/1422/6466 2093/2206/6467 
f 1993/1422/6466 1992/1421/6468 2093/2206/6467 
f 2093/2206/6467 1992/1421/6468 2929/2573/6469 
f 1992/1421/6468 3080/2811/6470 2929/2573/6469 
f 2929/2573/6469 3080/2811/6470 3081/2812/6471 
f 2419/2813/6472 2703/2814/6473 3082/2815/6474 
f 2703/2814/6473 2404/1860/6475 3082/2815/6474 
f 3082/2815/6474 2404/1860/6475 3083/2816/6476 
f 2404/1860/6475 2402/1858/6477 3083/2816/6476 
f 3083/2816/6476 2402/1858/6477 3084/2817/6478 
f 2402/1858/6477 2049/1857/6479 3084/2817/6478 
f 3084/2817/6478 2049/1857/6479 2048/1502/6480 
f 3085/2818/6481 3086/2819/6482 3087/2820/6483 
f 3086/2819/6482 3088/2821/6484 3087/2820/6483 
f 3087/2820/6483 3088/2821/6484 3089/2822/6485 
f 3088/2821/6484 3090/2823/6486 3089/2822/6485 
f 3089/2822/6485 3090/2823/6486 2054/1484/6487 
f 3090/2823/6486 3091/2824/6488 2054/1484/6487 
f 2054/1484/6487 3091/2824/6488 2055/1485/6489 
f 2448/1908/6490 2449/1910/6491 3092/2825/6492 
f 2449/1910/6491 2715/2270/6493 3092/2825/6492 
f 3092/2825/6492 2715/2270/6493 3093/2826/6494 
f 2715/2270/6493 2447/1907/6495 3093/2826/6494 
f 3093/2826/6494 2447/1907/6495 2104/1539/6496 
f 2447/1907/6495 2445/1905/6497 2104/1539/6496 
f 2104/1539/6496 2445/1905/6497 2105/1540/6498 
f 2070/1643/6499 2208/1645/6500 2079/2827/6501 
f 2208/1645/6500 3094/2828/6502 2079/2827/6501 
f 2079/2827/6501 3094/2828/6502 3095/2829/6503 
f 3094/2828/6502 2784/2370/6504 3095/2829/6503 
f 3095/2829/6503 2784/2370/6504 2039/2830/6505 
f 2784/2370/6504 2785/2372/6506 2039/2830/6505 
f 2039/2830/6505 2785/2372/6506 2633/2831/6507 
f 2159/1595/6508 2152/1586/6509 2747/2832/6510 
f 2152/1586/6509 2158/2328/6511 2747/2832/6510 
f 2747/2832/6510 2158/2328/6511 2548/2056/6512 
f 2158/2328/6511 2167/2330/6513 2548/2056/6512 
f 2548/2056/6512 2167/2330/6513 2550/2058/6514 
f 2167/2330/6513 2169/2833/6515 2550/2058/6514 
f 2550/2058/6514 2169/2833/6515 2757/2339/6516 
f 2165/2834/6517 3096/2835/6518 2968/2836/6519 
f 3096/2835/6518 2752/2331/6520 2968/2836/6519 
f 2968/2836/6519 2752/2331/6520 2549/2837/6521 
f 2752/2331/6520 2754/2333/6522 2549/2837/6521 
f 2549/2837/6521 2754/2333/6522 2163/2787/6523 
f 2754/2333/6522 2160/2335/6524 2163/2787/6523 
f 2163/2787/6523 2160/2335/6524 2159/2838/6525 
f 2761/2839/6526 2759/2840/6527 2989/2841/6528 
f 2759/2840/6527 3097/2842/6529 2989/2841/6528 
f 2989/2841/6528 3097/2842/6529 2232/2843/6530 
f 3097/2842/6529 3098/2844/6531 2232/2843/6530 
f 2232/2843/6530 3098/2844/6531 2230/2845/6532 
f 3098/2844/6531 2180/2846/6533 2230/2845/6532 
f 2230/2845/6532 2180/2846/6533 2179/2847/6534 
f 2186/1655/6535 2184/2848/6536 3099/2849/6537 
f 2184/2848/6536 2763/2850/6538 3099/2849/6537 
f 3099/2849/6537 2763/2850/6538 3100/2851/6539 
f 2763/2850/6538 2800/2852/6540 3100/2851/6539 
f 3100/2851/6539 2800/2852/6540 3101/2853/6541 
f 2800/2852/6540 2801/2854/6542 3101/2853/6541 
f 3101/2853/6541 2801/2854/6542 3102/2855/6543 
f 2993/2687/6544 3103/2856/6545 2245/1684/6546 
f 3103/2856/6545 3104/2857/6547 2245/1684/6546 
f 2245/1684/6546 3104/2857/6547 2246/1685/6548 
f 3104/2857/6547 3105/2858/6549 2246/1685/6548 
f 2246/1685/6548 3105/2858/6549 3106/2859/6550 
f 3105/2858/6549 3107/2860/6551 3106/2859/6550 
f 3106/2859/6550 3107/2860/6551 3108/2861/6552 
f 2248/1687/6553 2247/1686/6554 3109/2459/6555 
f 2247/1686/6554 3110/2862/6556 3109/2459/6555 
f 3109/2459/6555 3110/2862/6556 3111/1767/6557 
f 3110/2862/6556 3112/1766/6558 3111/1767/6557 
f 3111/1767/6557 3112/1766/6558 2596/1765/6559 
f 3112/1766/6558 3113/2863/6560 2596/1765/6559 
f 2596/1765/6559 3113/2863/6560 2595/2864/6561 
f 2244/1683/6562 2787/2865/6563 2245/1684/6564 
f 2787/2865/6563 3049/2866/6565 2245/1684/6564 
f 2245/1684/6564 3049/2866/6565 2993/2687/6566 
f 3049/2866/6565 3114/2867/6567 2993/2687/6566 
f 2993/2687/6566 3114/2867/6567 2212/1649/6568 
f 3114/2867/6567 3115/2868/6569 2212/1649/6568 
f 2212/1649/6568 3115/2868/6569 2213/1650/6570 
f 2307/1751/6571 3116/1751/6572 2308/1752/6573 
f 3116/1751/6572 3117/2869/6574 2308/1752/6573 
f 2308/1752/6573 3117/2869/6574 3118/2870/6575 
f 3117/2869/6574 3119/2871/6576 3118/2870/6575 
f 3118/2870/6575 3119/2871/6576 2312/1754/6577 
f 3119/2871/6576 2606/2872/6578 2312/1754/6577 
f 2312/1754/6577 2606/2872/6578 2309/1755/6579 
f 2827/2435/6580 3120/2873/6581 2828/2436/6582 
f 3120/2873/6581 3121/2874/6583 2828/2436/6582 
f 2828/2436/6582 3121/2874/6583 2830/2438/6584 
f 3121/2874/6583 3122/2875/6585 2830/2438/6584 
f 2830/2438/6584 3122/2875/6585 3123/2876/6586 
f 3122/2875/6585 3124/2877/6587 3123/2876/6586 
f 3123/2876/6586 3124/2877/6587 3125/2878/6588 
f 2197/1783/6589 3126/2879/6590 2332/1777/6591 
f 3126/2879/6590 3064/2880/6592 2332/1777/6591 
f 2332/1777/6591 3064/2880/6592 2273/1778/6593 
f 3064/2880/6592 2824/2881/6594 2273/1778/6593 
f 2273/1778/6593 2824/2881/6594 3012/2882/6595 
f 2824/2881/6594 2603/2883/6596 3012/2882/6595 
f 3012/2882/6595 2603/2883/6596 3010/2884/6597 
f 3127/2885/6598 2352/1805/6599 3128/2886/6600 
f 2352/1805/6599 2354/1807/6601 3128/2886/6600 
f 3128/2886/6600 2354/1807/6601 3127/2885/6602 
f 2354/1807/6601 2358/1811/6603 3127/2885/6602 
f 3127/2885/6602 2358/1811/6603 3129/2887/6604 
f 2358/1811/6603 2360/1813/6605 3129/2887/6604 
f 3129/2887/6604 2360/1813/6605 3130/2888/6606 
f 2364/1817/6607 3131/2889/6608 2365/1818/6609 
f 3131/2889/6608 3132/2890/6610 2365/1818/6609 
f 2365/1818/6609 3132/2890/6610 2834/2444/6611 
f 3132/2890/6610 3133/2891/6612 2834/2444/6611 
f 2834/2444/6611 3133/2891/6612 2832/2442/6613 
f 3133/2891/6612 3134/2892/6614 2832/2442/6613 
f 2832/2442/6613 3134/2892/6614 2842/2454/6615 
f 2612/2376/6616 2613/2377/6617 3135/1689/6618 
f 2613/2377/6617 3136/2893/6619 3135/1689/6618 
f 3135/1689/6618 3136/2893/6619 3137/2894/6620 
f 3136/2893/6619 3138/2895/6621 3137/2894/6620 
f 3137/2894/6620 3138/2895/6621 3139/2896/6622 
f 3138/2895/6621 2252/1691/6623 3139/2896/6622 
f 3139/2896/6622 2252/1691/6623 2254/2086/6624 
f 2630/2161/6625 2852/2897/6626 2632/2163/6627 
f 2852/2897/6626 2906/2898/6628 2632/2163/6627 
f 2632/2163/6627 2906/2898/6628 2796/2386/6629 
f 2906/2898/6628 2794/2384/6630 2796/2386/6629 
f 2796/2386/6629 2794/2384/6630 2798/2388/6631 
f 2794/2384/6630 2792/2382/6632 2798/2388/6631 
f 2798/2388/6631 2792/2382/6632 2799/2389/6633 
f 3081/2812/6634 3140/2899/6635 2004/1433/6636 
f 3140/2899/6635 2649/2185/6637 2004/1433/6636 
f 2004/1433/6636 2649/2185/6637 2005/1434/6638 
f 2649/2185/6637 2650/2186/6639 2005/1434/6638 
f 2005/1434/6638 2650/2186/6639 2006/1435/6640 
f 2650/2186/6639 2652/2188/6641 2006/1435/6640 
f 2006/1435/6640 2652/2188/6641 2004/1433/6642 
f 2652/2188/6641 2651/2187/6643 2004/1433/6642 
f 2034/2900/6644 2033/1474/6645 3141/2901/6646 
f 2033/1474/6645 2046/1476/6647 3141/2901/6646 
f 3141/2901/6646 2046/1476/6647 3142/2902/6648 
f 2046/1476/6647 2930/2574/6649 3142/2902/6648 
f 3142/2902/6648 2930/2574/6649 3143/2903/6650 
f 2930/2574/6649 2931/2576/6651 3143/2903/6650 
f 3143/2903/6650 2931/2576/6651 3144/2904/6652 
f 2931/2576/6651 2933/2578/6653 3144/2904/6652 
f 2465/1937/6654 2109/1934/6655 2464/1565/6656 
f 2109/1934/6655 2461/1932/6657 2464/1565/6656 
f 2464/1565/6656 2461/1932/6657 2462/1935/6658 
f 2461/1932/6657 2460/1931/6659 2462/1935/6658 
f 2462/1935/6658 2460/1931/6659 2110/1545/6660 
f 2460/1931/6659 3145/2905/6661 2110/1545/6660 
f 2110/1545/6660 3145/2905/6661 2111/1546/6662 
f 3145/2905/6661 2460/1931/6663 2111/1546/6662 
f 2485/1963/6664 2736/2299/6665 2486/1964/6666 
f 2736/2299/6665 2735/2298/6667 2486/1964/6666 
f 2486/1964/6666 2735/2298/6667 2489/1965/6668 
f 2735/2298/6667 2733/2296/6669 2489/1965/6668 
f 2489/1965/6668 2733/2296/6669 2490/1967/6670 
f 2733/2296/6669 2732/2295/6671 2490/1967/6670 
f 2490/1967/6670 2732/2295/6671 2488/2906/6672 
f 2732/2295/6671 2487/2907/6673 2488/2906/6672 
f 3146/2908/6674 3147/2909/6675 2748/2322/6676 
f 3147/2909/6675 3148/2910/6677 2748/2322/6676 
f 2748/2322/6676 3148/2910/6677 2551/2323/6678 
f 3148/2910/6677 3149/2911/6679 2551/2323/6678 
f 2551/2323/6678 3149/2911/6679 2176/1612/6680 
f 3149/2911/6679 3150/2912/6681 2176/1612/6680 
f 2176/1612/6680 3150/2912/6681 2177/1613/6682 
f 3150/2912/6681 2958/2913/6683 2177/1613/6682 
f 3149/2911/6684 2884/2514/6685 3150/2912/6686 
f 2884/2514/6685 2886/2516/6687 3150/2912/6686 
f 3150/2912/6686 2886/2516/6687 2958/2913/6688 
f 2886/2516/6687 2888/2518/6689 2958/2913/6688 
f 2958/2913/6688 2888/2518/6689 2960/2914/6690 
f 2888/2518/6689 2889/2519/6691 2960/2914/6690 
f 2960/2914/6690 2889/2519/6691 2157/2915/6692 
f 2889/2519/6691 2155/2916/6693 2157/2915/6692 
f 3151/2917/6694 2187/1622/6695 3152/2918/6696 
f 2187/1622/6695 2189/1624/6697 3152/2918/6696 
f 3152/2918/6696 2189/1624/6697 2552/2062/6698 
f 2189/1624/6697 2188/1623/6699 2552/2062/6698 
f 2552/2062/6698 2188/1623/6699 2553/2063/6700 
f 2188/1623/6699 2771/2357/6701 2553/2063/6700 
f 2553/2063/6700 2771/2357/6701 2555/2065/6702 
f 2771/2357/6701 3153/2919/6703 2555/2065/6702 
f 2294/1738/6704 2909/2920/6705 2295/1739/6706 
f 2909/2920/6705 2276/1718/6707 2295/1739/6706 
f 2295/1739/6706 2276/1718/6707 2286/1728/6708 
f 2276/1718/6707 2278/1720/6709 2286/1728/6708 
f 2286/1728/6708 2278/1720/6709 2287/1729/6710 
f 2278/1720/6709 2283/1725/6711 2287/1729/6710 
f 2287/1729/6710 2283/1725/6711 2805/2921/6712 
f 2283/1725/6711 2282/1724/6713 2805/2921/6712 
f 3154/2922/6714 2835/2445/6715 3155/2923/6716 
f 2835/2445/6715 2837/2447/6717 3155/2923/6716 
f 3155/2923/6716 2837/2447/6717 3156/2924/6718 
f 2837/2447/6717 2777/2363/6719 3156/2924/6718 
f 3156/2924/6718 2777/2363/6719 3157/2925/6720 
f 2777/2363/6719 2998/2692/6721 3157/2925/6720 
f 3157/2925/6720 2998/2692/6721 3158/2926/6722 
f 2998/2692/6721 2997/2691/6723 3158/2926/6722 
f 2611/2138/6724 3159/2927/6725 2613/2139/6726 
f 3159/2927/6725 3069/2800/6727 2613/2139/6726 
f 2613/2139/6726 3069/2800/6727 2334/2928/6728 
f 3069/2800/6727 2325/1770/6729 2334/2928/6728 
f 2334/2928/6728 2325/1770/6729 2335/2929/6730 
f 2325/1770/6729 2324/1769/6731 2335/2929/6730 
f 2335/2929/6730 2324/1769/6731 2827/2930/6732 
f 2324/1769/6731 3120/2931/6733 2827/2930/6732 
f 2851/2932/6734 2375/2933/6735 3160/2934/6736 
f 2375/2933/6735 2374/2935/6737 3160/2934/6736 
f 3160/2934/6736 2374/2935/6737 2921/2563/6738 
f 2374/2935/6737 2268/1710/6739 2921/2563/6738 
f 2921/2563/6738 2268/1710/6739 2272/1714/6740 
f 2268/1710/6739 2267/1709/6741 2272/1714/6740 
f 2272/1714/6740 2267/1709/6741 2270/1712/6742 
f 2267/1709/6741 3007/2706/6743 2270/1712/6742 
f 2686/2226/6744 2683/2223/6745 2684/2224/6746 
f 2683/2223/6745 2678/2218/6747 2684/2224/6746 
f 2684/2224/6746 2678/2218/6747 2685/2225/6748 
f 2678/2218/6747 2680/2220/6749 2685/2225/6748 
f 2685/2225/6748 2680/2220/6749 2687/2227/6750 
f 2680/2220/6749 2040/1469/6751 2687/2227/6750 
f 2687/2227/6750 2040/1469/6751 2688/2228/6752 
f 2040/1469/6751 2387/1840/6753 2688/2228/6752 
f 2688/2228/6752 2387/1840/6753 2010/1439/6754 
f 2053/1483/6755 2058/2936/6756 2054/1484/6757 
f 2058/2936/6756 3161/2937/6758 2054/1484/6757 
f 2054/1484/6757 3161/2937/6758 3089/2822/6759 
f 3161/2937/6758 3162/2938/6760 3089/2822/6759 
f 3089/2822/6759 3162/2938/6760 3087/2820/6761 
f 3162/2938/6760 3163/2939/6762 3087/2820/6761 
f 3087/2820/6761 3163/2939/6762 3085/2818/6763 
f 3163/2939/6762 3164/2940/6764 3085/2818/6763 
f 3085/2818/6763 3164/2940/6764 3086/2819/6765 
f 2063/2941/6766 3165/2942/6767 3166/2943/6768 
f 3165/2942/6767 2939/2592/6769 3166/2943/6768 
f 3166/2943/6768 2939/2592/6769 3167/2944/6770 
f 2939/2592/6769 2941/2594/6771 3167/2944/6770 
f 3167/2944/6770 2941/2594/6771 3168/2945/6772 
f 2941/2594/6771 2942/2595/6773 3168/2945/6772 
f 3168/2945/6772 2942/2595/6773 3169/2946/6774 
f 2942/2595/6773 2064/2596/6775 3169/2946/6774 
f 3169/2946/6774 2064/2596/6775 2067/2947/6776 
f 2067/2947/6777 2945/2948/6778 3169/2946/6779 
f 2945/2948/6778 2943/2597/6780 3169/2946/6779 
f 3169/2946/6779 2943/2597/6780 3168/2945/6781 
f 2943/2597/6780 2944/2599/6782 3168/2945/6781 
f 3168/2945/6781 2944/2599/6782 3167/2944/6783 
f 2944/2599/6782 2065/1497/6784 3167/2944/6783 
f 3167/2944/6783 2065/1497/6784 3166/2943/6785 
f 2065/1497/6784 2061/1496/6786 3166/2943/6785 
f 3166/2943/6785 2061/1496/6786 2063/2941/6787 
f 3170/2949/6788 2946/2606/6789 3171/2950/6790 
f 2946/2606/6789 2948/2608/6791 3171/2950/6790 
f 3171/2950/6790 2948/2608/6791 3172/2951/6792 
f 2948/2608/6791 2949/2610/6793 3172/2951/6792 
f 3172/2951/6792 2949/2610/6793 3173/2952/6794 
f 2949/2610/6793 2151/2612/6795 3173/2952/6794 
f 3173/2952/6794 2151/2612/6795 3174/2953/6796 
f 2151/2612/6795 2150/2954/6797 3174/2953/6796 
f 3174/2953/6796 2150/2954/6797 2068/2955/6798 
f 2068/2955/6799 2077/1510/6800 3174/2953/6801 
f 2077/1510/6800 2076/1509/6802 3174/2953/6801 
f 3174/2953/6801 2076/1509/6802 3173/2952/6803 
f 2076/1509/6802 2089/1524/6804 3173/2952/6803 
f 3173/2952/6803 2089/1524/6804 3172/2951/6805 
f 2089/1524/6804 2705/2250/6806 3172/2951/6805 
f 3172/2951/6805 2705/2250/6806 3171/2950/6807 
f 2705/2250/6806 2707/2252/6808 3171/2950/6807 
f 3171/2950/6807 2707/2252/6808 3170/2949/6809 
f 2013/1442/6810 2015/1444/6811 3175/2956/6812 
f 2015/1444/6811 2014/1443/6813 3175/2956/6812 
f 3175/2956/6812 2014/1443/6813 2020/1449/6814 
f 2014/1443/6813 2666/2203/6815 2020/1449/6814 
f 2020/1449/6814 2666/2203/6815 2021/1450/6816 
f 2666/2203/6815 2667/2204/6817 2021/1450/6816 
f 2021/1450/6816 2667/2204/6817 2019/1448/6818 
f 2667/2204/6817 2668/2205/6819 2019/1448/6818 
f 2019/1448/6818 2668/2205/6819 2020/1449/6820 
f 2096/2957/6821 2095/2261/6822 3176/2958/6823 
f 2095/2261/6822 2712/2260/6824 3176/2958/6823 
f 3176/2958/6823 2712/2260/6824 3177/2959/6825 
f 2712/2260/6824 2710/2258/6826 3177/2959/6825 
f 3177/2959/6825 2710/2258/6826 3178/2960/6827 
f 2710/2258/6826 2709/2257/6828 3178/2960/6827 
f 3178/2960/6827 2709/2257/6828 2094/1529/6829 
f 2709/2257/6828 2711/2259/6830 2094/1529/6829 
f 2094/1529/6829 2711/2259/6830 2095/1530/6831 
f 2115/1530/6832 2722/2286/6833 2116/1550/6834 
f 2722/2286/6833 2724/2287/6835 2116/1550/6834 
f 2116/1550/6834 2724/2287/6835 3179/2961/6836 
f 2724/2287/6835 2723/2258/6837 3179/2961/6836 
f 3179/2961/6836 2723/2258/6837 3180/2962/6838 
f 2723/2258/6837 2721/2285/6839 3180/2962/6838 
f 3180/2962/6838 2721/2285/6839 3181/2958/6840 
f 2721/2285/6839 2115/2284/6841 3181/2958/6840 
f 3181/2958/6840 2115/2284/6841 2117/2963/6842 
f 2594/2121/6843 2561/2071/6844 2596/2123/6845 
f 2561/2071/6844 2255/1694/6846 2596/2123/6845 
f 2596/2123/6845 2255/1694/6846 3111/2964/6847 
f 2255/1694/6846 3006/2705/6848 3111/2964/6847 
f 3111/2964/6847 3006/2705/6848 3109/2965/6849 
f 3006/2705/6848 3005/2704/6850 3109/2965/6849 
f 3109/2965/6849 3005/2704/6850 2248/2966/6851 
f 3005/2704/6850 2900/2703/6852 2248/2966/6851 
f 2248/2966/6851 2900/2703/6852 2251/2967/6853 
f 3182/2968/6854 3183/2969/6855 3184/2970/6856 
f 3183/2969/6855 3185/2971/6857 3184/2970/6856 
f 3184/2970/6856 3185/2971/6857 3186/2972/6858 
f 3185/2971/6857 2781/2367/6859 3186/2972/6858 
f 3186/2972/6858 2781/2367/6859 3187/2973/6860 
f 2781/2367/6859 2220/1659/6861 3187/2973/6860 
f 3187/2973/6860 2220/1659/6861 3188/2974/6862 
f 2220/1659/6861 2219/1658/6863 3188/2974/6862 
f 3188/2974/6862 2219/1658/6863 3187/2973/6864 
f 3189/2975/6865 2558/2976/6866 2578/2096/6867 
f 2558/2976/6866 2559/2074/6868 2578/2096/6867 
f 2578/2096/6867 2559/2074/6868 2577/2095/6869 
f 2559/2074/6868 2563/2075/6870 2577/2095/6869 
f 2577/2095/6869 2563/2075/6870 2269/2093/6871 
f 2563/2075/6870 2907/2543/6872 2269/2093/6871 
f 2269/2093/6871 2907/2543/6872 2905/2538/6873 
f 2907/2543/6872 2794/2542/6874 2905/2538/6873 
f 2905/2538/6873 2794/2542/6874 2906/2540/6875 
f 2264/1705/6876 3190/2977/6877 2262/1703/6878 
f 3190/2977/6877 3191/2978/6879 2262/1703/6878 
f 2262/1703/6878 3191/2978/6879 3192/2979/6880 
f 3191/2978/6879 3193/2980/6881 3192/2979/6880 
f 3192/2979/6880 3193/2980/6881 3194/2981/6882 
f 3193/2980/6881 3195/2982/6883 3194/2981/6882 
f 3194/2981/6882 3195/2982/6883 2854/2471/6884 
f 3195/2982/6883 2622/2983/6885 2854/2471/6884 
f 2854/2471/6884 2622/2983/6885 2624/2469/6886 
f 2831/2439/6887 2830/2438/6888 3196/2984/6889 
f 2830/2438/6888 3123/2876/6890 3196/2984/6889 
f 3196/2984/6889 3123/2876/6890 3197/2985/6891 
f 3123/2876/6890 3125/2878/6892 3197/2985/6891 
f 3197/2985/6891 3125/2878/6892 3198/2986/6893 
f 3125/2878/6892 3199/2987/6894 3198/2986/6893 
f 3198/2986/6893 3199/2987/6894 2986/2680/6895 
f 3199/2987/6894 3200/2988/6896 2986/2680/6895 
f 2986/2680/6895 3200/2988/6896 2776/2362/6897 
f 2910/2989/6898 2316/2990/6899 3201/2991/6900 
f 2316/2990/6899 3027/2992/6901 3201/2991/6900 
f 3201/2991/6900 3027/2992/6901 3202/2993/6902 
f 3027/2992/6901 3028/2994/6903 3202/2993/6902 
f 3202/2993/6902 3028/2994/6903 3203/2995/6904 
f 3028/2994/6903 2818/2996/6905 3203/2995/6904 
f 3203/2995/6904 2818/2996/6905 3204/2997/6906 
f 2818/2996/6905 2313/2998/6907 3204/2997/6906 
f 3204/2997/6906 2313/2998/6907 2344/1794/6908 
f 3205/2999/6909 3206/3000/6910 3207/3001/6911 
f 3206/3000/6910 2648/2184/6912 3207/3001/6911 
f 3207/3001/6911 2648/2184/6912 3208/3002/6913 
f 2648/2184/6912 2647/2183/6914 3208/3002/6913 
f 3208/3002/6913 2647/2183/6914 2430/1887/6915 
f 2647/2183/6914 2927/2570/6916 2430/1887/6915 
f 2430/1887/6915 2927/2570/6916 2429/1886/6917 
f 2927/2570/6916 2928/2572/6918 2429/1886/6917 
f 2429/1886/6917 2928/2572/6918 2427/1884/6919 
f 2928/2572/6918 2929/2573/6920 2427/1884/6919 
f 3209/3003/6921 3210/3004/6922 3211/3005/6923 
f 3210/3004/6922 2860/2477/6924 3211/3005/6923 
f 3211/3005/6923 2860/2477/6924 2864/2483/6925 
f 2860/2477/6924 2675/2215/6926 2864/2483/6925 
f 2864/2483/6925 2675/2215/6926 2409/2482/6927 
f 2675/2215/6926 2947/3006/6928 2409/2482/6927 
f 2409/2482/6927 2947/3006/6928 2399/2231/6929 
f 2947/3006/6928 2068/1500/6930 2399/2231/6929 
f 2399/2231/6929 2068/1500/6930 2689/2229/6931 
f 2068/1500/6930 2067/1499/6932 2689/2229/6931 
f 2541/2044/6933 3212/3007/6934 2995/2689/6935 
f 3212/3007/6934 2242/1681/6936 2995/2689/6935 
f 2995/2689/6935 2242/1681/6936 2977/2671/6937 
f 2242/1681/6936 2241/1680/6938 2977/2671/6937 
f 2977/2671/6937 2241/1680/6938 2976/2670/6939 
f 2241/1680/6938 3002/2698/6940 2976/2670/6939 
f 2976/2670/6939 3002/2698/6940 2975/2669/6941 
f 3002/2698/6940 3004/2700/6942 2975/2669/6941 
f 2975/2669/6941 3004/2700/6942 2974/2668/6943 
f 3004/2700/6942 2969/2702/6944 2974/2668/6943 
f 3031/2745/6945 3213/3008/6946 2200/2532/6947 
f 3213/3008/6946 3214/3009/6948 2200/2532/6947 
f 2200/2532/6947 3214/3009/6948 2899/2531/6949 
f 3214/3009/6948 3215/3010/6950 2899/2531/6949 
f 2899/2531/6949 3215/3010/6950 2898/2530/6951 
f 3215/3010/6950 3216/3011/6952 2898/2530/6951 
f 2898/2530/6951 3216/3011/6952 2896/2528/6953 
f 3216/3011/6952 3217/3012/6954 2896/2528/6953 
f 2896/2528/6953 3217/3012/6954 3218/3013/6955 
f 3217/3012/6954 3219/3014/6956 3218/3013/6955 
f 2916/2559/6957 2238/1677/6958 2915/2558/6959 
f 2238/1677/6958 2240/1679/6960 2915/2558/6959 
f 2915/2558/6959 2240/1679/6960 3220/3015/6961 
f 2240/1679/6960 3221/3016/6962 3220/3015/6961 
f 3220/3015/6961 3221/3016/6962 3222/3017/6963 
f 3221/3016/6962 3223/3018/6964 3222/3017/6963 
f 3222/3017/6963 3223/3018/6964 3224/3019/6965 
f 3223/3018/6964 3225/3020/6966 3224/3019/6965 
f 3224/3019/6965 3225/3020/6966 3020/3021/6967 
f 3225/3020/6966 3022/2737/6968 3020/3021/6967 
f 2411/2575/6969 2044/1473/6970 2932/2577/6971 
f 2044/1473/6970 2043/1472/6972 2932/2577/6971 
f 2932/2577/6971 2043/1472/6972 2933/2578/6973 
f 2043/1472/6972 3226/3022/6974 2933/2578/6973 
f 2933/2578/6973 3226/3022/6974 3144/2904/6975 
f 3226/3022/6974 3227/3023/6976 3144/2904/6975 
f 3144/2904/6975 3227/3023/6976 3143/2903/6977 
f 3227/3023/6976 3228/3024/6978 3143/2903/6977 
f 3143/2903/6977 3228/3024/6978 3142/2902/6979 
f 3228/3024/6978 3229/3025/6980 3142/2902/6979 
f 3142/2902/6979 3229/3025/6980 3141/2901/6981 
f 2399/1853/6982 2401/1855/6983 2409/1865/6984 
f 2401/1855/6983 2697/2239/6985 2409/1865/6984 
f 2409/1865/6984 2697/2239/6985 2410/1866/6986 
f 2697/2239/6985 2696/2238/6987 2410/1866/6986 
f 2410/1866/6986 2696/2238/6987 2868/2488/6988 
f 2696/2238/6987 3041/2756/6989 2868/2488/6988 
f 2868/2488/6988 3041/2756/6989 2071/1504/6990 
f 3041/2756/6989 2394/1847/6991 2071/1504/6990 
f 2071/1504/6990 2394/1847/6991 2072/1505/6992 
f 2394/1847/6991 2395/1848/6993 2072/1505/6992 
f 2072/1505/6992 2395/1848/6993 2069/1501/6994 
f 2010/1439/6995 2387/1840/6996 2011/1440/6997 
f 2387/1840/6996 2386/1839/6998 2011/1440/6997 
f 2011/1440/6997 2386/1839/6998 3230/3026/6999 
f 2386/1839/6998 2385/1838/7000 3230/3026/6999 
f 3230/3026/6999 2385/1838/7000 2653/2189/7001 
f 2385/1838/7000 2634/2194/7002 2653/2189/7001 
f 2653/2189/7001 2634/2194/7002 2654/2190/7003 
f 2634/2194/7002 2659/2196/7004 2654/2190/7003 
f 2654/2190/7003 2659/2196/7004 2656/2192/7005 
f 2659/2196/7004 2660/2197/7006 2656/2192/7005 
f 2656/2192/7005 2660/2197/7006 2657/2193/7006 
f 2778/2364/7007 2218/1656/7008 2780/2366/7009 
f 2218/1656/7008 2186/1655/7010 2780/2366/7009 
f 2780/2366/7009 2186/1655/7010 2217/1654/7011 
f 2186/1655/7010 3099/2849/7012 2217/1654/7011 
f 2217/1654/7011 3099/2849/7012 2215/1652/7013 
f 3099/2849/7012 3100/2851/7014 2215/1652/7013 
f 2215/1652/7013 3100/2851/7014 3231/3027/7015 
f 3100/2851/7014 3101/2853/7016 3231/3027/7015 
f 3231/3027/7015 3101/2853/7016 3232/3028/7017 
f 3101/2853/7016 3102/2855/7018 3232/3028/7017 
f 3232/3028/7017 3102/2855/7018 3233/3029/7019 
f 2066/2077/7020 2234/1673/7021 2207/1644/7022 
f 2234/1673/7021 3234/3030/7023 2207/1644/7022 
f 2207/1644/7022 3234/3030/7023 2208/1645/7024 
f 3234/3030/7023 2205/1641/7025 2208/1645/7024 
f 2208/1645/7024 2205/1641/7025 3094/2828/7026 
f 2205/1641/7025 2204/1640/7027 3094/2828/7026 
f 3094/2828/7026 2204/1640/7027 2784/2370/7028 
f 2204/1640/7027 3235/3031/7029 2784/2370/7028 
f 2784/2370/7028 3235/3031/7029 2546/2371/7030 
f 3235/3031/7029 2772/3032/7031 2546/2371/7030 
f 2546/2371/7030 2772/3032/7031 2545/3033/7032 
f 2209/1646/7033 2211/1648/7034 2237/1676/7035 
f 2211/1648/7034 2994/2688/7036 2237/1676/7035 
f 2237/1676/7035 2994/2688/7036 2565/2078/7037 
f 2994/2688/7036 2995/2689/7038 2565/2078/7037 
f 2565/2078/7037 2995/2689/7038 2566/2079/7039 
f 2995/2689/7038 2977/2671/7040 2566/2079/7039 
f 2566/2079/7039 2977/2671/7040 2987/2681/7041 
f 2977/2671/7040 2762/2344/7042 2987/2681/7041 
f 2987/2681/7041 2762/2344/7042 2988/2682/7043 
f 2762/2344/7042 2761/2343/7044 2988/2682/7043 
f 2988/2682/7043 2761/2343/7044 2989/2683/7045 
f 2276/3034/7046 2281/1723/7047 2277/2103/7048 
f 2281/1723/7047 2280/1722/7049 2277/2103/7048 
f 2277/2103/7048 2280/1722/7049 2284/2104/7050 
f 2280/1722/7049 3018/2783/7051 2284/2104/7050 
f 2284/2104/7050 3018/2783/7051 2282/2399/7052 
f 3018/2783/7051 3057/2781/7053 2282/2399/7052 
f 2282/2399/7052 3057/2781/7053 2807/2401/7054 
f 3057/2781/7053 3055/2779/7055 2807/2401/7054 
f 2807/2401/7054 3055/2779/7055 2808/2402/7056 
f 3055/2779/7055 3053/2777/7057 2808/2402/7056 
f 2808/2402/7056 3053/2777/7057 3059/2784/7058 
f 3013/2718/7059 3236/3035/7060 2809/2403/7061 
f 3236/3035/7060 3063/2794/7062 2809/2403/7061 
f 2809/2403/7061 3063/2794/7062 2810/2404/7063 
f 3063/2794/7062 3062/2793/7064 2810/2404/7063 
f 2810/2404/7063 3062/2793/7064 2812/2406/7065 
f 3062/2793/7064 3061/2792/7066 2812/2406/7065 
f 2812/2406/7065 3061/2792/7066 2813/2407/7067 
f 3061/2792/7066 3060/2791/7068 2813/2407/7067 
f 2813/2407/7067 3060/2791/7068 3016/2721/7069 
f 3060/2791/7068 3011/2790/7070 3016/2721/7069 
f 3016/2721/7069 3011/2790/7070 2279/3036/7071 
f 3237/3037/7072 3130/2888/7073 3238/3038/7074 
f 3130/2888/7073 2360/1813/7075 3238/3038/7074 
f 3238/3038/7074 2360/1813/7075 2366/1819/7076 
f 2360/1813/7075 2359/1812/7077 2366/1819/7076 
f 2366/1819/7076 2359/1812/7077 2364/1817/7078 
f 2359/1812/7077 2362/1815/7079 2364/1817/7078 
f 2364/1817/7078 2362/1815/7079 3131/2889/7080 
f 2362/1815/7079 2361/1814/7081 3131/2889/7080 
f 3131/2889/7080 2361/1814/7081 3132/2890/7082 
f 2361/1814/7081 3239/3039/7083 3132/2890/7082 
f 3132/2890/7082 3239/3039/7083 3133/2891/7084 
f 2323/1768/7085 2339/1788/7086 2324/1769/7087 
f 2339/1788/7086 2338/1787/7088 2324/1769/7087 
f 2324/1769/7087 2338/1787/7088 3120/2931/7089 
f 2338/1787/7088 2340/1789/7090 3120/2931/7089 
f 3120/2931/7089 2340/1789/7090 3068/3040/7091 
f 2340/1789/7090 2913/2556/7092 3068/3040/7091 
f 3068/3040/7091 2913/2556/7092 3067/3041/7093 
f 2913/2556/7092 2914/2557/7094 3067/3041/7093 
f 3067/3041/7093 2914/2557/7094 2826/3042/7095 
f 2914/2557/7094 2602/3043/7096 2826/3042/7095 
f 2826/3042/7095 2602/3043/7096 2601/3044/7097 
f 2630/2466/7098 2627/2156/7099 2373/1826/7100 
f 2627/2156/7099 2628/2158/7101 2373/1826/7100 
f 2373/1826/7100 2628/2158/7101 2374/1827/7102 
f 2628/2158/7101 2629/2159/7103 2374/1827/7102 
f 2374/1827/7102 2629/2159/7103 2621/2147/7104 
f 2629/2159/7103 2589/2551/7105 2621/2147/7104 
f 2621/2147/7104 2589/2551/7105 2578/2096/7106 
f 2589/2551/7105 2348/1800/7107 2578/2096/7106 
f 2578/2096/7106 2348/1800/7107 3189/2975/7108 
f 2348/1800/7107 2347/1799/7109 3189/2975/7108 
f 3189/2975/7108 2347/1799/7109 2558/2976/7110 
f 2347/1799/7109 2556/3045/7111 2558/2976/7110 
f 2934/2579/7112 3240/3046/7113 2032/1461/7114 
f 3240/3046/7113 3241/3047/7115 2032/1461/7114 
f 2032/1461/7114 3241/3047/7115 2030/1459/7116 
f 3241/3047/7115 2034/1463/7117 2030/1459/7116 
f 2030/1459/7116 2034/1463/7117 2031/1460/7118 
f 2034/1463/7117 3141/3048/7119 2031/1460/7118 
f 2031/1460/7118 3141/3048/7119 2936/2581/7120 
f 3141/3048/7119 3242/3049/7121 2936/2581/7120 
f 2936/2581/7120 3242/3049/7121 2937/2582/7122 
f 3242/3049/7121 3243/3050/7123 2937/2582/7122 
f 2937/2582/7122 3243/3050/7123 3244/3051/7124 
f 3243/3050/7123 3245/3052/7125 3244/3051/7124 
f 3244/3051/7124 3245/3052/7125 2668/2205/7126 
f 2165/2834/7127 2164/3053/7128 3096/2835/7129 
f 2164/3053/7128 3046/2769/7130 3096/2835/7129 
f 3096/2835/7129 3046/2769/7130 2752/2331/7131 
f 3046/2769/7130 3047/2770/7132 2752/2331/7131 
f 2752/2331/7131 3047/2770/7132 2753/2332/7133 
f 3047/2770/7132 3048/2771/7134 2753/2332/7133 
f 2753/2332/7133 3048/2771/7134 2755/2334/7135 
f 3048/2771/7134 2547/2772/7136 2755/2334/7135 
f 2755/2334/7135 2547/2772/7136 2961/2645/7137 
f 2547/2772/7136 2156/1590/7138 2961/2645/7137 
f 2961/2645/7137 2156/1590/7138 2962/2646/7139 
f 2156/1590/7138 2155/1589/7140 2962/2646/7139 
f 2962/2646/7139 2155/1589/7140 2154/2647/7141 
f 2299/1743/7142 2587/3054/7143 2297/1741/7144 
f 2587/3054/7143 2302/1746/7145 2297/1741/7144 
f 2297/1741/7144 2302/1746/7145 3246/3055/7146 
f 2302/1746/7145 2301/1745/7147 3246/3055/7146 
f 3246/3055/7146 2301/1745/7147 3247/3056/7148 
f 2301/1745/7147 2814/2408/7149 3247/3056/7148 
f 3247/3056/7148 2814/2408/7149 3052/2776/7150 
f 2814/2408/7149 2816/2410/7151 3052/2776/7150 
f 3052/2776/7150 2816/2410/7151 3053/2777/7152 
f 2816/2410/7151 2815/2409/7153 3053/2777/7152 
f 3053/2777/7152 2815/2409/7153 3059/2784/7154 
f 2815/2409/7153 2288/3057/7155 3059/2784/7154 
f 3059/2784/7154 2288/3057/7155 2290/2785/7156 
f 2590/2428/7157 2910/2989/7158 2823/2429/7159 
f 2910/2989/7158 3201/2991/7160 2823/2429/7159 
f 2823/2429/7159 3201/2991/7160 3248/3058/7161 
f 3201/2991/7160 3202/2993/7162 3248/3058/7161 
f 3248/3058/7161 3202/2993/7162 3249/3059/7163 
f 3202/2993/7162 3203/2995/7164 3249/3059/7163 
f 3249/3059/7163 3203/2995/7164 3154/2922/7165 
f 3203/2995/7164 3204/2997/7166 3154/2922/7165 
f 3154/2922/7165 3204/2997/7166 2835/2445/7167 
f 3204/2997/7166 2344/1794/7168 2835/2445/7167 
f 2835/2445/7167 2344/1794/7168 2836/2446/7169 
f 2344/1794/7168 2218/1793/7170 2836/2446/7169 
f 2836/2446/7169 2218/1793/7170 2778/2448/7171 
f 3237/3037/7172 3238/3038/7173 2330/1775/7174 
f 3238/3038/7173 2366/1819/7175 2330/1775/7174 
f 2330/1775/7174 2366/1819/7175 2331/1776/7176 
f 2366/1819/7175 2365/1818/7177 2331/1776/7176 
f 2331/1776/7176 2365/1818/7177 3250/3060/7178 
f 2365/1818/7177 2834/2444/7179 3250/3060/7178 
f 3250/3060/7178 2834/2444/7179 2912/2555/7180 
f 2834/2444/7179 2833/2443/7181 2912/2555/7180 
f 2912/2555/7180 2833/2443/7181 2914/2557/7182 
f 2833/2443/7181 2336/1785/7183 2914/2557/7182 
f 2914/2557/7182 2336/1785/7183 2602/3043/7184 
f 2336/1785/7183 2326/1784/7185 2602/3043/7184 
f 2602/3043/7184 2326/1784/7185 2328/3061/7186 
f 2598/2125/7187 3237/3037/7188 2600/2127/7189 
f 3237/3037/7188 2330/1775/7190 2600/2127/7189 
f 2600/2127/7189 2330/1775/7190 3251/3062/7191 
f 2330/1775/7190 2329/1774/7192 3251/3062/7191 
f 3251/3062/7191 2329/1774/7192 3252/3063/7193 
f 2329/1774/7192 3253/3064/7194 3252/3063/7193 
f 3252/3063/7193 3253/3064/7194 3254/3065/7195 
f 3253/3064/7194 2846/2461/7196 3254/3065/7195 
f 3254/3065/7195 2846/2461/7196 3255/3066/7197 
f 2846/2461/7196 2321/1766/7198 3255/3066/7197 
f 3255/3066/7197 2321/1766/7198 3113/2863/7199 
f 2321/1766/7198 2320/1765/7200 3113/2863/7199 
f 3113/2863/7199 2320/1765/7200 2595/2864/7201 
f 2619/3067/7202 2620/2755/7203 2610/3068/7204 
f 2620/2755/7203 3040/2754/7205 2610/3068/7204 
f 2610/3068/7204 3040/2754/7205 2844/3069/7206 
f 3040/2754/7205 3039/2753/7207 2844/3069/7206 
f 2844/3069/7206 3039/2753/7207 2322/3070/7208 
f 3039/2753/7207 2617/2143/7209 2322/3070/7208 
f 2322/3070/7208 2617/2143/7209 2320/2120/7210 
f 2617/2143/7209 2372/1825/7211 2320/2120/7210 
f 2320/2120/7210 2372/1825/7211 2594/2121/7212 
f 2372/1825/7211 2371/1824/7213 2594/2121/7212 
f 2594/2121/7212 2371/1824/7213 2561/2071/7214 
f 2371/1824/7213 3256/3071/7215 2561/2071/7214 
f 2561/2071/7214 3256/3071/7215 2560/2070/7216 
f 2382/1835/7217 3257/3072/7218 2853/2470/7219 
f 3257/3072/7218 3258/3073/7220 2853/2470/7219 
f 2853/2470/7219 3258/3073/7220 2854/2471/7221 
f 3258/3073/7220 3259/3074/7222 2854/2471/7221 
f 2854/2471/7221 3259/3074/7222 3194/2981/7223 
f 3259/3074/7222 2265/1706/7224 3194/2981/7223 
f 3194/2981/7223 2265/1706/7224 3192/2979/7225 
f 2265/1706/7224 2261/1708/7226 3192/2979/7225 
f 3192/2979/7225 2261/1708/7226 2262/1703/7227 
f 2261/1708/7226 2260/1699/7228 2262/1703/7227 
f 2262/1703/7227 2260/1699/7228 2263/1704/7229 
f 2260/1699/7228 2800/2390/7230 2263/1704/7229 
f 2263/1704/7229 2800/2390/7230 2763/3075/7231 
f 2078/1511/7232 2412/1869/7233 2076/1509/7234 
f 2412/1869/7233 2414/1871/7235 2076/1509/7234 
f 2076/1509/7234 2414/1871/7235 2090/1525/7236 
f 2414/1871/7235 2415/1872/7237 2090/1525/7236 
f 2090/1525/7236 2415/1872/7237 2706/2251/7238 
f 2415/1872/7237 2074/1507/7239 2706/2251/7238 
f 2706/2251/7238 2074/1507/7239 2707/2252/7240 
f 2074/1507/7239 2073/1506/7241 2707/2252/7240 
f 2707/2252/7240 2073/1506/7241 3170/2949/7242 
f 2073/1506/7241 2078/2247/7243 3170/2949/7242 
f 3170/2949/7242 2078/2247/7243 2946/2606/7244 
f 2078/2247/7243 2077/3076/7245 2946/2606/7244 
f 2946/2606/7244 2077/3076/7245 2947/2607/7246 
f 2077/3076/7245 2068/3077/7247 2947/2607/7246 
f 3147/2909/7248 3260/3078/7249 3148/2910/7250 
f 3260/3078/7249 3261/3079/7251 3148/2910/7250 
f 3148/2910/7250 3261/3079/7251 3149/2911/7252 
f 3261/3079/7251 2171/1607/7253 3149/2911/7252 
f 3149/2911/7252 2171/1607/7253 2884/2514/7254 
f 2171/1607/7253 2170/1606/7255 2884/2514/7254 
f 2884/2514/7254 2170/1606/7255 2885/2515/7256 
f 2170/1606/7255 2963/2648/7257 2885/2515/7256 
f 2885/2515/7256 2963/2648/7257 2887/2517/7258 
f 2963/2648/7257 2965/2650/7259 2887/2517/7258 
f 2887/2517/7258 2965/2650/7259 2889/2519/7260 
f 2965/2650/7259 2967/2652/7261 2889/2519/7260 
f 2889/2519/7260 2967/2652/7261 2155/2916/7262 
f 2967/2652/7261 2154/1593/7263 2155/2916/7262 
f 3010/3080/7264 2603/2130/7265 2609/2137/7266 
f 2603/2130/7265 2328/1773/7267 2609/2137/7266 
f 2609/2137/7266 2328/1773/7267 2608/2136/7268 
f 2328/1773/7267 2327/1772/7269 2608/2136/7268 
f 2608/2136/7268 2327/1772/7269 3037/2751/7270 
f 2327/1772/7269 2839/2451/7271 3037/2751/7270 
f 3037/2751/7270 2839/2451/7271 3038/2752/7272 
f 2839/2451/7271 3035/2749/7273 3038/2752/7272 
f 3038/2752/7272 3035/2749/7273 2149/1583/7274 
f 3035/2749/7273 2840/2452/7275 2149/1583/7274 
f 2149/1583/7274 2840/2452/7275 2150/1584/7276 
f 2840/2452/7275 2841/2453/7277 2150/1584/7276 
f 2150/1584/7276 2841/2453/7277 2068/3081/7278 
f 2841/2453/7277 2066/2077/7279 2068/3081/7278 
f 2606/2133/7280 3119/3082/7281 2604/2131/7282 
f 3119/3082/7281 3117/3083/7283 2604/2131/7282 
f 2604/2131/7282 3117/3083/7283 3262/3084/7284 
f 3117/3083/7283 3116/3085/7285 3262/3084/7284 
f 3262/3084/7284 3116/3085/7285 3263/3086/7286 
f 3116/3085/7285 2307/2731/7287 3263/3086/7286 
f 3263/3086/7286 2307/2731/7287 3264/3087/7288 
f 2307/2731/7287 3024/2733/7289 3264/3087/7288 
f 3264/3087/7288 3024/2733/7289 3265/3088/7290 
f 3024/2733/7289 3026/2735/7291 3265/3088/7290 
f 3265/3088/7290 3026/2735/7291 3266/3089/7292 
f 3026/2735/7291 3022/2737/7293 3266/3089/7292 
f 3266/3089/7292 3022/2737/7293 3267/3090/7294 
f 3022/2737/7293 3225/3020/7295 3267/3090/7294 
f 2610/1687/7296 2844/2459/7297 2611/2138/7298 
f 2844/2459/7297 2845/2460/7299 2611/2138/7298 
f 2611/2138/7298 2845/2460/7299 3159/2927/7300 
f 2845/2460/7299 2846/2461/7301 3159/2927/7300 
f 3159/2927/7300 2846/2461/7301 3069/2800/7302 
f 2846/2461/7301 3253/3064/7303 3069/2800/7302 
f 3069/2800/7302 3253/3064/7303 3070/2801/7304 
f 3253/3064/7303 2329/1774/7305 3070/2801/7304 
f 3070/2801/7304 2329/1774/7305 3071/2802/7306 
f 2329/1774/7305 2331/1776/7307 3071/2802/7306 
f 3071/2802/7306 2331/1776/7307 3072/2803/7308 
f 2331/1776/7307 3250/3060/7309 3072/2803/7308 
f 3072/2803/7308 3250/3060/7309 2911/2554/7310 
f 3250/3060/7309 2912/2555/7311 2911/2554/7310 
f 2613/2377/7312 2334/1781/7313 3136/2893/7314 
f 2334/1781/7313 3033/2747/7315 3136/2893/7314 
f 3136/2893/7314 3033/2747/7315 3138/2895/7316 
f 3033/2747/7315 3032/2746/7317 3138/2895/7316 
f 3138/2895/7316 3032/2746/7317 2252/1691/7318 
f 3032/2746/7317 2199/1635/7319 2252/1691/7318 
f 2252/1691/7318 2199/1635/7319 2253/1692/7320 
f 2199/1635/7319 2198/1634/7321 2253/1692/7320 
f 2253/1692/7320 2198/1634/7321 2574/2088/7322 
f 2198/1634/7321 2897/2529/7323 2574/2088/7322 
f 2574/2088/7322 2897/2529/7323 3268/3091/7324 
f 2897/2529/7323 2896/2528/7325 3268/3091/7324 
f 3268/3091/7324 2896/2528/7325 3269/3092/7326 
f 2896/2528/7325 3218/3013/7327 3269/3092/7326 
f 2773/2693/7328 2772/3032/7329 2765/2351/7330 
f 2772/3032/7329 3235/3031/7331 2765/2351/7330 
f 2765/2351/7330 3235/3031/7331 2767/2353/7332 
f 3235/3031/7331 2204/1640/7333 2767/2353/7332 
f 2767/2353/7332 2204/1640/7333 2768/2354/7334 
f 2204/1640/7333 2206/1642/7335 2768/2354/7334 
f 2768/2354/7334 2206/1642/7335 2569/2082/7336 
f 2206/1642/7335 2205/1641/7337 2569/2082/7336 
f 2569/2082/7336 2205/1641/7337 2570/2083/7338 
f 2205/1641/7337 3234/3030/7339 2570/2083/7338 
f 2570/2083/7338 3234/3030/7339 2978/2672/7340 
f 3234/3030/7339 2234/1673/7341 2978/2672/7340 
f 2978/2672/7340 2234/1673/7341 2979/2673/7342 
f 2234/1673/7341 2233/1672/7343 2979/2673/7342 
f 2979/2673/7342 2233/1672/7343 2981/2675/7344 
f 2264/1705/7345 2183/1619/7346 3190/2977/7347 
f 2183/1619/7346 2625/2153/7348 3190/2977/7347 
f 3190/2977/7347 2625/2153/7348 3191/2978/7349 
f 2625/2153/7348 2925/2567/7350 3191/2978/7349 
f 3191/2978/7349 2925/2567/7350 3193/2980/7351 
f 2925/2567/7350 2926/2568/7352 3193/2980/7351 
f 3193/2980/7351 2926/2568/7352 3195/2982/7353 
f 2926/2568/7352 2376/1829/7354 3195/2982/7353 
f 3195/2982/7353 2376/1829/7354 2622/2983/7355 
f 2376/1829/7354 2378/1831/7356 2622/2983/7355 
f 2622/2983/7355 2378/1831/7356 2623/3093/7357 
f 2378/1831/7356 2315/1760/7358 2623/3093/7357 
f 2623/3093/7357 2315/1760/7358 3270/3094/7359 
f 2315/1760/7358 2314/1759/7360 3270/3094/7359 
f 3270/3094/7359 2314/1759/7360 2627/2160/7361 
f 2002/1431/7362 3205/2999/7363 2003/1432/7364 
f 3205/2999/7363 3207/3001/7365 2003/1432/7364 
f 2003/1432/7364 3207/3001/7365 2001/1430/7366 
f 3207/3001/7365 3208/3002/7367 2001/1430/7366 
f 2001/1430/7366 3208/3002/7367 3271/3095/7368 
f 3208/3002/7367 2430/1887/7369 3271/3095/7368 
f 3271/3095/7368 2430/1887/7369 3272/3096/7370 
f 2430/1887/7369 2428/1885/7371 3272/3096/7370 
f 3272/3096/7370 2428/1885/7371 2083/1518/7372 
f 2428/1885/7371 2427/1884/7373 2083/1518/7372 
f 2083/1518/7372 2427/1884/7373 2084/1519/7374 
f 2427/1884/7373 2929/2573/7375 2084/1519/7374 
f 2084/1519/7374 2929/2573/7375 2085/1520/7376 
f 2929/2573/7375 3081/2812/7377 2085/1520/7376 
f 2085/1520/7376 3081/2812/7377 2083/1518/7378 
f 3081/2812/7377 3272/3096/7379 2083/1518/7378 
f 2983/2677/7380 3219/3014/7381 2984/2678/7382 
f 3219/3014/7381 3217/3012/7383 2984/2678/7382 
f 2984/2678/7382 3217/3012/7383 2985/2679/7384 
f 3217/3012/7383 3216/3011/7385 2985/2679/7384 
f 2985/2679/7384 3216/3011/7385 2986/2680/7386 
f 3216/3011/7385 3215/3010/7387 2986/2680/7386 
f 2986/2680/7386 3215/3010/7387 3198/2986/7388 
f 3215/3010/7387 3214/3009/7389 3198/2986/7388 
f 3198/2986/7388 3214/3009/7389 3197/2985/7390 
f 3214/3009/7389 3213/3008/7391 3197/2985/7390 
f 3197/2985/7390 3213/3008/7391 3196/2984/7392 
f 3213/3008/7391 3031/2745/7393 3196/2984/7392 
f 3196/2984/7392 3031/2745/7393 2831/2439/7394 
f 3031/2745/7393 2333/1780/7395 2831/2439/7394 
f 2831/2439/7394 2333/1780/7395 2829/2437/7396 
f 2333/1780/7395 2335/1782/7397 2829/2437/7396 
f 2829/2437/7396 2335/1782/7397 2827/2435/7398 
f 2341/1790/7399 2820/2425/7400 2342/1791/7401 
f 2820/2425/7400 2819/2424/7402 2342/1791/7401 
f 2342/1791/7401 2819/2424/7402 3029/2741/7403 
f 2819/2424/7402 2319/1764/7404 3029/2741/7403 
f 3029/2741/7403 2319/1764/7404 2203/1639/7405 
f 2319/1764/7404 2318/1763/7406 2203/1639/7405 
f 2203/1639/7405 2318/1763/7406 2201/1637/7407 
f 2318/1763/7406 3107/2860/7408 2201/1637/7407 
f 2201/1637/7407 3107/2860/7408 2202/1638/7409 
f 3107/2860/7408 3105/2858/7410 2202/1638/7409 
f 2202/1638/7409 3105/2858/7410 3273/3097/7411 
f 3105/2858/7410 3104/2857/7412 3273/3097/7411 
f 3273/3097/7411 3104/2857/7412 2236/1675/7413 
f 3104/2857/7412 3103/2856/7414 2236/1675/7413 
f 2236/1675/7413 3103/2856/7414 2209/1646/7415 
f 3103/2856/7414 2993/2687/7416 2209/1646/7415 
f 2209/1646/7415 2993/2687/7416 2210/1647/7417 
f 3120/2873/7418 3068/2799/7419 3121/2874/7420 
f 3068/2799/7419 3066/2797/7421 3121/2874/7420 
f 3121/2874/7420 3066/2797/7421 3122/2875/7422 
f 3066/2797/7421 3065/2796/7423 3122/2875/7422 
f 3122/2875/7422 3065/2796/7423 3124/2877/7424 
f 3065/2796/7423 3064/2795/7425 3124/2877/7424 
f 3124/2877/7424 3064/2795/7425 3125/2878/7426 
f 3064/2795/7425 3126/3098/7427 3125/2878/7426 
f 3125/2878/7426 3126/3098/7427 3199/2987/7428 
f 3126/3098/7427 2197/1633/7429 3199/2987/7428 
f 3199/2987/7428 2197/1633/7429 3200/2988/7430 
f 2197/1633/7429 2196/1632/7431 3200/2988/7430 
f 3200/2988/7430 2196/1632/7431 2776/2362/7432 
f 2196/1632/7431 2177/2744/7433 2776/2362/7432 
f 2776/2362/7432 2177/2744/7433 2774/2360/7434 
f 2177/2744/7433 2959/3099/7435 2774/2360/7434 
f 2774/2360/7434 2959/3099/7435 2772/2358/7436 
f 2959/3099/7435 2545/3100/7437 2772/2358/7436 
f 2048/1502/7438 2069/1501/7439 3084/2817/7440 
f 2069/1501/7439 2395/1848/7441 3084/2817/7440 
f 3084/2817/7440 2395/1848/7441 3083/2816/7442 
f 2395/1848/7441 2393/1846/7443 3083/2816/7442 
f 3083/2816/7442 2393/1846/7443 3082/2815/7444 
f 2393/1846/7443 2392/1845/7445 3082/2815/7444 
f 3082/2815/7444 2392/1845/7445 2419/2813/7446 
f 2392/1845/7445 2695/2237/7447 2419/2813/7446 
f 2419/2813/7446 2695/2237/7447 2418/3101/7448 
f 2695/2237/7447 2693/2235/7449 2418/3101/7448 
f 2418/3101/7448 2693/2235/7449 2950/2613/7450 
f 2693/2235/7449 2692/2234/7451 2950/2613/7450 
f 2950/2613/7450 2692/2234/7451 2047/1477/7452 
f 2692/2234/7451 2699/2241/7453 2047/1477/7452 
f 2047/1477/7452 2699/2241/7453 2048/1478/7454 
f 2699/2241/7453 2401/1855/7455 2048/1478/7454 
f 2048/1478/7454 2401/1855/7455 2059/3102/7456 
f 2401/1855/7455 2396/1856/7457 2059/3102/7456 
f 2059/3102/7456 2396/1856/7457 2060/3103/7458 
f 2213/1650/7459 3001/2697/7460 2543/2046/7461 
f 3001/2697/7460 3000/2696/7462 2543/2046/7461 
f 2543/2046/7461 3000/2696/7462 2541/2044/7463 
f 3000/2696/7462 2764/2350/7464 2541/2044/7463 
f 2541/2044/7463 2764/2350/7464 3212/3007/7465 
f 2764/2350/7464 2766/2352/7466 3212/3007/7465 
f 3212/3007/7465 2766/2352/7466 2242/1681/7467 
f 2766/2352/7466 2768/2354/7468 2242/1681/7467 
f 2242/1681/7467 2768/2354/7468 2243/1682/7469 
f 2768/2354/7468 2569/2082/7470 2243/1682/7469 
f 2243/1682/7469 2569/2082/7470 3003/2699/7471 
f 2569/2082/7470 2571/2084/7472 3003/2699/7471 
f 3003/2699/7471 2571/2084/7472 2970/2701/7473 
f 2571/2084/7472 2572/2085/7474 2970/2701/7473 
f 2970/2701/7473 2572/2085/7474 2972/3104/7475 
f 2572/2085/7474 2980/2674/7476 2972/3104/7475 
f 2972/3104/7475 2980/2674/7476 2181/3105/7477 
f 2980/2674/7476 2982/2676/7478 2181/3105/7477 
f 2181/3105/7477 2982/2676/7478 2179/3106/7479 
f 2058/2936/7480 2060/1849/7481 3161/2937/7482 
f 2060/1849/7481 2397/1851/7483 3161/2937/7482 
f 3161/2937/7482 2397/1851/7483 3162/2938/7484 
f 2397/1851/7483 2398/1852/7485 3162/2938/7484 
f 3162/2938/7484 2398/1852/7485 3163/2939/7486 
f 2398/1852/7485 2052/1482/7487 3163/2939/7486 
f 3163/2939/7486 2052/1482/7487 3164/2940/7488 
f 2052/1482/7487 2051/1481/7489 3164/2940/7488 
f 3164/2940/7488 2051/1481/7489 3086/2819/7490 
f 2051/1481/7489 3042/3107/7491 3086/2819/7490 
f 3086/2819/7490 3042/3107/7491 3088/2821/7492 
f 3042/3107/7491 2405/1861/7493 3088/2821/7492 
f 3088/2821/7492 2405/1861/7493 3090/2823/7494 
f 2405/1861/7493 2407/1863/7495 3090/2823/7494 
f 3090/2823/7494 2407/1863/7495 3091/2824/7496 
f 2407/1863/7495 2408/1864/7497 3091/2824/7496 
f 3091/2824/7496 2408/1864/7497 2055/1485/7498 
f 2408/1864/7497 3043/2759/7499 2055/1485/7498 
f 2055/1485/7498 3043/2759/7499 2053/1483/7500 
f 3043/2759/7499 2057/1487/7501 2053/1483/7500 
f 2221/1660/7502 2223/1662/7503 2219/1658/7504 
f 2223/1662/7503 3158/2926/7505 2219/1658/7504 
f 2219/1658/7504 3158/2926/7505 3187/2973/7506 
f 3158/2926/7505 2997/2691/7507 3187/2973/7506 
f 3187/2973/7506 2997/2691/7507 3186/2972/7508 
f 2997/2691/7507 2996/2690/7509 3186/2972/7508 
f 3186/2972/7508 2996/2690/7509 3184/2970/7510 
f 2996/2690/7509 2216/1653/7511 3184/2970/7510 
f 3184/2970/7510 2216/1653/7511 3182/2968/7512 
f 2216/1653/7511 2215/1652/7513 3182/2968/7512 
f 3182/2968/7512 2215/1652/7513 3274/3108/7514 
f 2215/1652/7513 3231/3027/7515 3274/3108/7514 
f 3274/3108/7514 3231/3027/7515 3275/3109/7516 
f 3231/3027/7515 3232/3028/7517 3275/3109/7516 
f 3275/3109/7516 3232/3028/7517 3276/3110/7518 
f 3232/3028/7517 3233/3029/7519 3276/3110/7518 
f 3276/3110/7518 3233/3029/7519 3277/3111/7520 
f 3233/3029/7519 3278/3112/7521 3277/3111/7520 
f 3277/3111/7520 3278/3112/7521 3279/3113/7522 
f 3278/3112/7521 3280/3114/7523 3279/3113/7522 
f 3279/3113/7522 3280/3114/7523 3281/3115/7524 
f 3020/3021/7525 2310/3116/7526 3224/3019/7527 
f 2310/3116/7526 3282/3117/7528 3224/3019/7527 
f 3224/3019/7527 3282/3117/7528 3222/3017/7529 
f 3282/3117/7528 2363/1816/7530 3222/3017/7529 
f 3222/3017/7529 2363/1816/7530 3220/3015/7531 
f 2363/1816/7530 2362/1815/7532 3220/3015/7531 
f 3220/3015/7531 2362/1815/7532 2915/2558/7533 
f 2362/1815/7532 2359/1812/7534 2915/2558/7533 
f 2915/2558/7533 2359/1812/7534 2356/1809/7535 
f 2359/1812/7534 2358/1811/7536 2356/1809/7535 
f 2356/1809/7535 2358/1811/7536 2357/1810/7537 
f 2358/1811/7536 2354/1807/7538 2357/1810/7537 
f 2357/1810/7537 2354/1807/7538 2917/2560/7539 
f 2354/1807/7538 2353/1806/7540 2917/2560/7539 
f 2917/2560/7539 2353/1806/7540 2916/2559/7541 
f 2353/1806/7540 3283/3118/7542 2916/2559/7541 
f 2916/2559/7541 3283/3118/7542 2238/1677/7543 
f 3283/3118/7542 2225/1664/7544 2238/1677/7543 
f 2238/1677/7543 2225/1664/7544 2239/1678/7545 
f 2225/1664/7544 2224/1663/7546 2239/1678/7545 
f 2239/1678/7545 2224/1663/7546 2992/2686/7547 
f 2380/1833/7548 2623/3093/7549 2381/1834/7550 
f 2623/3093/7549 3270/3094/7551 2381/1834/7550 
f 2381/1834/7550 3270/3094/7551 2382/1835/7552 
f 3270/3094/7551 2627/2160/7553 2382/1835/7552 
f 2382/1835/7552 2627/2160/7553 3257/3072/7554 
f 2627/2160/7553 2631/2162/7555 3257/3072/7554 
f 3257/3072/7554 2631/2162/7555 3258/3073/7556 
f 2631/2162/7555 2632/2163/7557 3258/3073/7556 
f 3258/3073/7556 2632/2163/7557 3259/3074/7558 
f 2632/2163/7557 2797/2387/7559 3259/3074/7558 
f 3259/3074/7558 2797/2387/7559 2265/1706/7560 
f 2797/2387/7559 2799/2389/7561 2265/1706/7560 
f 2265/1706/7560 2799/2389/7561 2266/1707/7562 
f 2799/2389/7561 2792/2382/7563 2266/1707/7562 
f 2266/1707/7562 2792/2382/7563 2579/3119/7564 
f 2792/2382/7563 2791/2381/7565 2579/3119/7564 
f 2579/3119/7564 2791/2381/7565 2258/1697/7566 
f 2791/2381/7565 2793/2383/7567 2258/1697/7566 
f 2258/1697/7566 2793/2383/7567 2259/1698/7568 
f 2793/2383/7567 2795/2385/7569 2259/1698/7568 
f 2259/1698/7568 2795/2385/7569 2802/2392/7570 
f 2852/2709/7571 2851/2932/7572 3009/2708/7573 
f 2851/2932/7572 3160/2934/7574 3009/2708/7573 
f 3009/2708/7573 3160/2934/7574 3008/2707/7575 
f 3160/2934/7574 2921/2563/7576 3008/2707/7575 
f 3008/2707/7575 2921/2563/7576 3007/2706/7577 
f 2921/2563/7576 2920/2562/7578 3007/2706/7577 
f 3007/2706/7577 2920/2562/7578 3284/3120/7579 
f 2920/2562/7578 2919/2561/7580 3284/3120/7579 
f 3284/3120/7579 2919/2561/7580 2922/2564/7581 
f 2919/2561/7580 2383/1836/7582 2922/2564/7581 
f 2922/2564/7581 2383/1836/7582 2580/2099/7583 
f 2383/1836/7582 2384/1837/7584 2580/2099/7583 
f 2580/2099/7583 2384/1837/7584 2581/2100/7585 
f 2384/1837/7584 2271/1713/7586 2581/2100/7585 
f 2581/2100/7585 2271/1713/7586 2583/2102/7587 
f 2271/1713/7586 2270/1712/7588 2583/2102/7587 
f 2583/2102/7587 2270/1712/7588 2924/2566/7589 
f 2270/1712/7588 3007/2706/7590 2924/2566/7589 
f 2924/2566/7589 3007/2706/7590 2923/2565/7591 
f 3007/2706/7590 3284/3120/7592 2923/2565/7591 
f 2923/2565/7591 3284/3120/7592 2922/2564/7593 
f 2343/1792/7594 2597/2124/7595 2341/1790/7596 
f 2597/2124/7595 2599/2126/7597 2341/1790/7596 
f 2341/1790/7596 2599/2126/7597 2820/2425/7598 
f 2599/2126/7597 2600/2127/7599 2820/2425/7598 
f 2820/2425/7598 2600/2127/7599 2821/2426/7600 
f 2600/2127/7599 3251/3062/7601 2821/2426/7600 
f 2821/2426/7600 3251/3062/7601 2317/1762/7602 
f 3251/3062/7601 3252/3063/7603 2317/1762/7602 
f 2317/1762/7602 3252/3063/7603 2318/1763/7604 
f 3252/3063/7603 3254/3065/7605 2318/1763/7604 
f 2318/1763/7604 3254/3065/7605 3107/2860/7606 
f 3254/3065/7605 3255/3066/7607 3107/2860/7606 
f 3107/2860/7606 3255/3066/7607 3108/2861/7608 
f 3255/3066/7607 3113/2863/7609 3108/2861/7608 
f 3108/2861/7608 3113/2863/7609 3106/2859/7610 
f 3113/2863/7609 3112/1766/7611 3106/2859/7610 
f 3106/2859/7610 3112/1766/7611 2246/3121/7612 
f 3112/1766/7611 3110/2862/7613 2246/3121/7612 
f 2246/3121/7612 3110/2862/7613 2244/1683/7614 
f 3110/2862/7613 2247/1686/7615 2244/1683/7614 
f 2244/1683/7614 2247/1686/7615 2787/2865/7616 
f 2247/1686/7615 2249/1688/7617 2787/2865/7616 
f 2610/2375/7618 2612/2376/7619 2619/1690/7620 
f 2612/2376/7619 3135/1689/7621 2619/1690/7620 
f 2619/1690/7620 3135/1689/7621 2592/1627/7622 
f 3135/1689/7621 3137/2894/7623 2592/1627/7622 
f 2592/1627/7622 3137/2894/7623 2591/2118/7624 
f 3137/2894/7623 3139/2896/7625 2591/2118/7624 
f 2591/2118/7624 3139/2896/7625 3051/2775/7626 
f 3139/2896/7625 2254/2086/7627 3051/2775/7626 
f 3051/2775/7626 2254/2086/7627 3050/2774/7628 
f 2254/2086/7627 2573/2087/7629 3050/2774/7628 
f 3050/2774/7628 2573/2087/7629 3049/2773/7630 
f 2573/2087/7629 2574/2088/7631 3049/2773/7630 
f 3049/2773/7630 2574/2088/7631 3114/3122/7632 
f 2574/2088/7631 3268/3091/7633 3114/3122/7632 
f 3114/3122/7632 3268/3091/7633 3115/3123/7634 
f 3268/3091/7633 3269/3092/7635 3115/3123/7634 
f 3115/3123/7634 3269/3092/7635 2213/3124/7636 
f 3269/3092/7635 3218/3013/7637 2213/3124/7636 
f 2213/3124/7636 3218/3013/7637 3001/3125/7638 
f 3218/3013/7637 3219/3014/7639 3001/3125/7638 
f 3001/3125/7638 3219/3014/7639 2999/3126/7640 
f 3219/3014/7639 2983/2677/7641 2999/3126/7640 
f 2420/1877/7642 2867/2487/7643 2421/1878/7644 
f 2867/2487/7643 2866/2486/7645 2421/1878/7644 
f 2421/1878/7644 2866/2486/7645 2390/1843/7646 
f 2866/2486/7645 2865/2484/7647 2390/1843/7646 
f 2390/1843/7646 2865/2484/7647 2388/1841/7648 
f 2865/2484/7647 2034/1463/7649 2388/1841/7648 
f 2388/1841/7648 2034/1463/7649 2389/1842/7650 
f 2034/1463/7649 3241/3047/7651 2389/1842/7650 
f 2389/1842/7650 3241/3047/7651 2028/1457/7652 
f 3241/3047/7651 3240/3046/7653 2028/1457/7652 
f 2028/1457/7652 3240/3046/7653 2029/1458/7654 
f 3240/3046/7653 2934/2579/7655 2029/1458/7654 
f 2029/1458/7654 2934/2579/7655 2027/1456/7656 
f 2934/2579/7655 2937/2582/7657 2027/1456/7656 
f 2027/1456/7656 2937/2582/7657 2028/1457/7658 
f 2937/2582/7657 3244/3051/7659 2028/1457/7658 
f 2028/1457/7658 3244/3051/7659 2389/1842/7660 
f 3244/3051/7659 2668/2205/7661 2389/1842/7660 
f 2389/1842/7660 2668/2205/7661 2391/1844/7662 
f 2668/2205/7661 2038/1467/7663 2391/1844/7662 
f 2391/1844/7662 2038/1467/7663 3285/3127/7664 
f 2038/1467/7663 2037/1466/7665 3285/3127/7664 
f 3285/3127/7664 2037/1466/7665 3286/3128/7666 
f 3209/3003/7667 3211/3005/7668 3287/3129/7669 
f 3211/3005/7668 2864/2483/7670 3287/3129/7669 
f 3287/3129/7669 2864/2483/7670 3209/3003/7671 
f 2864/2483/7670 2863/2481/7672 3209/3003/7671 
f 3209/3003/7671 2863/2481/7672 3210/3004/7673 
f 2863/2481/7672 2025/1454/7674 3210/3004/7673 
f 3210/3004/7673 2025/1454/7674 2860/2477/7675 
f 2025/1454/7674 2024/1453/7676 2860/2477/7675 
f 2860/2477/7675 2024/1453/7676 2861/2478/7677 
f 2024/1453/7676 2026/1455/7678 2861/2478/7677 
f 2861/2478/7677 2026/1455/7678 2862/2479/7679 
f 2026/1455/7678 2025/1454/7680 2862/2479/7679 
f 2862/2479/7679 2025/1454/7680 2671/2211/7681 
f 2025/1454/7680 2033/1462/7682 2671/2211/7681 
f 2671/2211/7681 2033/1462/7682 2672/2212/7683 
f 2033/1462/7682 2086/1521/7684 2672/2212/7683 
f 2672/2212/7683 2086/1521/7684 2368/2485/7685 
f 2086/1521/7684 2088/1523/7686 2368/2485/7685 
f 2368/2485/7685 2088/1523/7686 2034/1463/7687 
f 2088/1523/7686 2087/1522/7688 2034/1463/7687 
f 2034/1463/7687 2087/1522/7688 2035/1464/7689 
f 2087/1522/7688 2086/1521/7690 2035/1464/7689 
f 2035/1464/7689 2086/1521/7690 2033/1462/7691 
f 2658/2325/7692 2894/2526/7693 2749/2324/7694 
f 2894/2526/7693 2895/2527/7695 2749/2324/7694 
f 2749/2324/7694 2895/2527/7695 2748/2322/7696 
f 2895/2527/7695 3046/2769/7697 2748/2322/7696 
f 2748/2322/7696 3046/2769/7697 3146/2908/7698 
f 3046/2769/7697 2164/3053/7699 3146/2908/7698 
f 3146/2908/7698 2164/3053/7699 3147/2909/7700 
f 2164/3053/7699 2166/3130/7701 3147/2909/7700 
f 3147/2909/7700 2166/3130/7701 3260/3078/7702 
f 2166/3130/7701 2173/1609/7703 3260/3078/7702 
f 3260/3078/7702 2173/1609/7703 3261/3079/7704 
f 2173/1609/7703 2175/1611/7705 3261/3079/7704 
f 3261/3079/7704 2175/1611/7705 2171/1607/7706 
f 2175/1611/7705 2890/2521/7707 2171/1607/7706 
f 2171/1607/7706 2890/2521/7707 2172/1608/7708 
f 2890/2521/7707 2168/1604/7709 2172/1608/7708 
f 2172/1608/7708 2168/1604/7709 2964/2649/7710 
f 2168/1604/7709 2167/1603/7711 2964/2649/7710 
f 2964/2649/7710 2167/1603/7711 2966/2651/7712 
f 2167/1603/7711 2751/3131/7713 2966/2651/7712 
f 2966/2651/7712 2751/3131/7713 2967/2652/7714 
f 2751/3131/7713 2750/3132/7715 2967/2652/7714 
f 2967/2652/7714 2750/3132/7715 2154/1593/7716 
f 2279/3036/7717 2281/3133/7718 3016/2721/7719 
f 2281/3133/7718 2291/1734/7720 3016/2721/7719 
f 3016/2721/7719 2291/1734/7720 3015/2720/7721 
f 2291/1734/7720 2908/2547/7722 3015/2720/7721 
f 3015/2720/7721 2908/2547/7722 3014/2719/7723 
f 2908/2547/7722 2296/2546/7724 3014/2719/7723 
f 3014/2719/7723 2296/2546/7724 3013/2718/7725 
f 2296/2546/7724 2298/1742/7726 3013/2718/7725 
f 3013/2718/7725 2298/1742/7726 3236/3035/7727 
f 2298/1742/7726 2297/1741/7728 3236/3035/7727 
f 3236/3035/7727 2297/1741/7728 3063/2794/7729 
f 2297/1741/7728 3246/3055/7730 3063/2794/7729 
f 3063/2794/7729 3246/3055/7730 2584/2106/7731 
f 3246/3055/7730 3247/3056/7732 2584/2106/7731 
f 2584/2106/7731 3247/3056/7732 2305/2040/7733 
f 3247/3056/7732 3052/2776/7734 2305/2040/7733 
f 2305/2040/7733 3052/2776/7734 2539/2041/7735 
f 3052/2776/7734 3054/2778/7736 2539/2041/7735 
f 2539/2041/7735 3054/2778/7736 2588/2113/7737 
f 3054/2778/7736 3056/2780/7738 2588/2113/7737 
f 2588/2113/7737 3056/2780/7738 2817/3134/7739 
f 3056/2780/7738 3058/2782/7740 2817/3134/7739 
f 2817/3134/7739 3058/2782/7740 3017/3135/7741 
f 3058/2782/7740 3018/2783/7742 3017/3135/7741 
f 2230/1669/7743 3288/3136/7744 2231/1670/7745 
f 3288/3136/7744 2227/1666/7746 2231/1670/7745 
f 2231/1670/7745 2227/1666/7746 2568/2081/7747 
f 2227/1666/7746 2229/1668/7748 2568/2081/7747 
f 2568/2081/7747 2229/1668/7748 2567/2080/7749 
f 2229/1668/7748 2991/2685/7750 2567/2080/7749 
f 2567/2080/7749 2991/2685/7750 2565/2078/7751 
f 2991/2685/7750 2990/2684/7752 2565/2078/7751 
f 2565/2078/7751 2990/2684/7752 2237/1676/7753 
f 2990/2684/7752 3151/2917/7754 2237/1676/7753 
f 2237/1676/7753 3151/2917/7754 2236/1675/7755 
f 3151/2917/7754 3152/2918/7756 2236/1675/7755 
f 2236/1675/7755 3152/2918/7756 3273/3097/7757 
f 3152/2918/7756 2552/2062/7758 3273/3097/7757 
f 3273/3097/7757 2552/2062/7758 2202/1638/7759 
f 2552/2062/7758 2554/2064/7760 2202/1638/7759 
f 2202/1638/7759 2554/2064/7760 2203/1639/7761 
f 2554/2064/7760 2555/2065/7762 2203/1639/7761 
f 2203/1639/7761 2555/2065/7762 2351/1804/7763 
f 2555/2065/7762 3153/2919/7764 2351/1804/7763 
f 2351/1804/7763 3153/2919/7764 2349/1802/7765 
f 3153/2919/7764 3289/3137/7766 2349/1802/7765 
f 2349/1802/7765 3289/3137/7766 2350/1803/7767 
f 3289/3137/7766 3290/3138/7768 2350/1803/7767 
f 2350/1803/7767 3290/3138/7768 3030/2742/7769 
f 2876/2497/7770 3291/3139/7771 2875/2496/7772 
f 3291/3139/7771 2042/3140/7773 2875/2496/7772 
f 2875/2496/7772 2042/3140/7773 2873/2494/7774 
f 2042/3140/7773 2044/1512/7775 2873/2494/7774 
f 2873/2494/7774 2044/1512/7775 2871/2492/7776 
f 2044/1512/7775 2079/1514/7777 2871/2492/7776 
f 2871/2492/7776 2079/1514/7777 2872/2493/7778 
f 2079/1514/7777 3095/3141/7779 2872/2493/7778 
f 2872/2493/7778 3095/3141/7779 2874/2495/7780 
f 3095/3141/7779 2039/1468/7781 2874/2495/7780 
f 2874/2495/7780 2039/1468/7781 2876/2497/7782 
f 2039/1468/7781 2041/1470/7783 2876/2497/7782 
f 2876/2497/7782 2041/1470/7783 3291/3139/7784 
f 2041/1470/7783 2040/1469/7785 3291/3139/7784 
f 3291/3139/7784 2040/1469/7785 2042/3140/7786 
f 2040/1469/7785 2680/2220/7787 2042/3140/7786 
f 2042/3140/7786 2680/2220/7787 2043/3142/7788 
f 2680/2220/7787 2679/2219/7789 2043/3142/7788 
f 2043/3142/7788 2679/2219/7789 3226/3143/7790 
f 2679/2219/7789 2677/2217/7791 3226/3143/7790 
f 3226/3143/7790 2677/2217/7791 3227/3144/7792 
f 2677/2217/7791 2676/2216/7793 3227/3144/7792 
f 3227/3144/7792 2676/2216/7793 3228/3145/7794 
f 2676/2216/7793 2681/2221/7795 3228/3145/7794 
f 3228/3145/7794 2681/2221/7795 3229/3146/7796 
f 2681/2221/7795 3141/3048/7797 3229/3146/7796 
f 2310/3116/7798 2309/2134/7799 3282/3117/7800 
f 2309/2134/7799 2605/2132/7801 3282/3117/7800 
f 3282/3117/7800 2605/2132/7801 2363/1816/7802 
f 2605/2132/7801 2604/2131/7803 2363/1816/7802 
f 2363/1816/7802 2604/2131/7803 2361/1814/7804 
f 2604/2131/7803 3262/3084/7805 2361/1814/7804 
f 2361/1814/7804 3262/3084/7805 3239/3039/7806 
f 3262/3084/7805 3263/3086/7807 3239/3039/7806 
f 3239/3039/7806 3263/3086/7807 3133/2891/7808 
f 3263/3086/7807 3264/3087/7809 3133/2891/7808 
f 3133/2891/7808 3264/3087/7809 3134/2892/7810 
f 3264/3087/7809 3265/3088/7811 3134/2892/7810 
f 3134/2892/7810 3265/3088/7811 2842/2454/7812 
f 3265/3088/7811 3266/3089/7813 2842/2454/7812 
f 2842/2454/7812 3266/3089/7813 2843/2455/7814 
f 3266/3089/7813 3267/3090/7815 2843/2455/7814 
f 2843/2455/7814 3267/3090/7815 3034/2748/7816 
f 3267/3090/7815 3225/3020/7817 3034/2748/7816 
f 3034/2748/7816 3225/3020/7817 3036/2750/7818 
f 3225/3020/7817 3223/3018/7819 3036/2750/7818 
f 3036/2750/7818 3223/3018/7819 2840/2452/7820 
f 3223/3018/7819 3221/3016/7821 2840/2452/7820 
f 2840/2452/7820 3221/3016/7821 2235/1674/7822 
f 3221/3016/7821 2240/1679/7823 2235/1674/7822 
f 2235/1674/7822 2240/1679/7823 2233/1672/7824 
f 2240/1679/7823 2228/1667/7825 2233/1672/7824 
f 2233/1672/7824 2228/1667/7825 2981/2675/7826 
f 2228/1667/7825 2227/1666/7827 2981/2675/7826 
f 2981/2675/7826 2227/1666/7827 2982/2676/7828 
f 2227/1666/7827 3288/3136/7829 2982/2676/7828 
f 2982/2676/7828 3288/3136/7829 2179/3106/7830 
f 3288/3136/7829 2230/1669/7831 2179/3106/7830 
f 2037/1466/7832 2081/1516/7833 3286/3128/7834 
f 2081/1516/7833 2080/1515/7835 3286/3128/7834 
f 3286/3128/7834 2080/1515/7835 3285/3127/7836 
f 2080/1515/7835 2082/1517/7837 3285/3127/7836 
f 3285/3127/7836 2082/1517/7837 2391/1844/7838 
f 2082/1517/7837 2081/1516/7839 2391/1844/7838 
f 2391/1844/7838 2081/1516/7839 2390/1843/7840 
f 2081/1516/7839 2037/1466/7841 2390/1843/7840 
f 2390/1843/7840 2037/1466/7841 2422/1879/7842 
f 2037/1466/7841 3292/3147/7843 2422/1879/7842 
f 2422/1879/7842 3292/3147/7843 2420/1877/7844 
f 3292/3147/7843 2037/1466/7845 2420/1877/7844 
f 2420/1877/7844 2037/1466/7845 2867/2487/7846 
f 2037/1466/7845 2036/1465/7847 2867/2487/7846 
f 2867/2487/7846 2036/1465/7847 2369/2209/7848 
f 2036/1465/7847 3077/2808/7849 2369/2209/7848 
f 2369/2209/7848 3077/2808/7849 2670/2210/7850 
f 3077/2808/7849 3079/2810/7851 2670/2210/7850 
f 2670/2210/7850 3079/2810/7851 2022/1451/7852 
f 3079/2810/7851 2425/1882/7853 2022/1451/7852 
f 2022/1451/7852 2425/1882/7853 2023/1452/7854 
f 2425/1882/7853 2426/1883/7855 2023/1452/7854 
f 2023/1452/7854 2426/1883/7855 1993/1422/7856 
f 2426/1883/7855 1989/1418/7857 1993/1422/7856 
f 1993/1422/7856 1989/1418/7857 1994/1423/7858 
f 1989/1418/7857 1991/1420/7859 1994/1423/7858 
f 1994/1423/7858 1991/1420/7859 1992/1421/7860 
f 1991/1420/7859 1990/1419/7861 1992/1421/7860 
f 1992/1421/7860 1990/1419/7861 3080/2811/7862 
f 1990/1419/7861 3293/3148/7863 3080/2811/7862 
f 3080/2811/7862 3293/3148/7863 3081/2812/7864 
f 3293/3148/7863 1990/1419/7865 3081/2812/7864 
f 3081/2812/7864 1990/1419/7865 3140/2899/7866 
f 1990/1419/7865 1989/1418/7867 3140/2899/7866 
f 3140/2899/7866 1989/1418/7867 3074/2805/7868 
f 1989/1418/7867 2878/2499/7869 3074/2805/7868 
f 3074/2805/7868 2878/2499/7869 3075/2806/7870 
f 2878/2499/7869 2877/2498/7871 3075/2806/7870 
f 3075/2806/7870 2877/2498/7871 3076/2807/7872 
f 2877/2498/7871 2423/1880/7873 3076/2807/7872 
f 3076/2807/7872 2423/1880/7873 3078/2809/7874 
f 2423/1880/7873 2425/1882/7875 3078/2809/7874 
f 3078/2809/7874 2425/1882/7875 3079/2810/7876 
f 3294/3149/7877 2859/2476/7878 3272/3096/7879 
f 2859/2476/7878 2858/2475/7880 3272/3096/7879 
f 3272/3096/7879 2858/2475/7880 3271/3095/7881 
f 2858/2475/7880 2856/2473/7882 3271/3095/7881 
f 3271/3095/7881 2856/2473/7882 2001/1430/7883 
f 2856/2473/7882 2855/2472/7884 2001/1430/7883 
f 2001/1430/7883 2855/2472/7884 2002/1431/7885 
f 2855/2472/7884 2859/2476/7886 2002/1431/7885 
f 2002/1431/7885 2859/2476/7886 3205/2999/7887 
f 2859/2476/7886 3294/3149/7888 3205/2999/7887 
f 3205/2999/7887 3294/3149/7888 3206/3000/7889 
f 3294/3149/7888 3295/3150/7890 3206/3000/7889 
f 3206/3000/7889 3295/3150/7890 1998/1427/7891 
f 3295/3150/7890 2640/2175/7892 1998/1427/7891 
f 1998/1427/7891 2640/2175/7892 1999/1428/7893 
f 2640/2175/7892 2642/2177/7894 1999/1428/7893 
f 1999/1428/7893 2642/2177/7894 2000/1429/7895 
f 2642/2177/7894 2644/2179/7896 2000/1429/7895 
f 2000/1429/7895 2644/2179/7896 1998/1427/7897 
f 2644/2179/7896 2643/2178/7898 1998/1427/7897 
f 1998/1427/7897 2643/2178/7898 3206/3000/7899 
f 2643/2178/7898 2641/2176/7900 3206/3000/7899 
f 3206/3000/7899 2641/2176/7900 2648/2184/7901 
f 2641/2176/7900 2640/2175/7902 2648/2184/7901 
f 2648/2184/7901 2640/2175/7902 2646/2182/7903 
f 2640/2175/7902 3295/3150/7904 2646/2182/7903 
f 2646/2182/7903 3295/3150/7904 2645/2180/7905 
f 3295/3150/7904 3294/3149/7906 2645/2180/7905 
f 2645/2180/7905 3294/3149/7906 2651/2187/7907 
f 3294/3149/7906 3272/3096/7908 2651/2187/7907 
f 2651/2187/7907 3272/3096/7908 2639/2174/7909 
f 3272/3096/7908 3081/2812/7910 2639/2174/7909 
f 2639/2174/7909 3081/2812/7910 2637/2172/7911 
f 3081/2812/7910 2004/1433/7912 2637/2172/7911 
f 2637/2172/7911 2004/1433/7912 2635/2170/7913 
f 2004/1433/7912 2651/2187/7914 2635/2170/7913 
f 2635/2170/7913 2651/2187/7914 1995/1424/7915 
f 2651/2187/7914 2639/2174/7916 1995/1424/7915 
f 1995/1424/7915 2639/2174/7916 1996/1425/7917 
f 2639/2174/7916 2638/2173/7918 1996/1425/7917 
f 1996/1425/7917 2638/2173/7918 1997/1426/7919 
f 2638/2173/7918 2636/2171/7920 1997/1426/7919 
f 1997/1426/7919 2636/2171/7920 1995/1424/7921 
f 2636/2171/7920 2635/2170/7922 1995/1424/7921 
f 3141/3048/7923 2681/2221/7924 3242/3049/7925 
f 2681/2221/7924 2682/2222/7926 3242/3049/7925 
f 3242/3049/7925 2682/2222/7926 3243/3050/7927 
f 2682/2222/7926 2683/2223/7928 3243/3050/7927 
f 3243/3050/7927 2683/2223/7928 3245/3052/7929 
f 2683/2223/7928 2686/2226/7930 3245/3052/7929 
f 3245/3052/7929 2686/2226/7930 2668/2205/7931 
f 2686/2226/7930 2688/2228/7932 2668/2205/7931 
f 2668/2205/7931 2688/2228/7932 2020/1449/7933 
f 2688/2228/7932 2010/1439/7934 2020/1449/7933 
f 2020/1449/7933 2010/1439/7934 3175/2956/7935 
f 2010/1439/7934 2012/1441/7936 3175/2956/7935 
f 3175/2956/7935 2012/1441/7936 2013/1442/7937 
f 2012/1441/7936 2011/1440/7938 2013/1442/7937 
f 2013/1442/7937 2011/1440/7938 2014/1443/7939 
f 2011/1440/7938 3230/3026/7940 2014/1443/7939 
f 2014/1443/7939 3230/3026/7940 2038/1467/7941 
f 3230/3026/7940 2016/1445/7942 2038/1467/7941 
f 2038/1467/7941 2016/1445/7942 3073/2804/7943 
f 2016/1445/7942 2018/1447/7944 3073/2804/7943 
f 3073/2804/7943 2018/1447/7944 3296/3151/7945 
f 2018/1447/7944 2700/2242/7946 3296/3151/7945 
f 3296/3151/7945 2700/2242/7946 3073/2804/7947 
f 2700/2242/7946 2702/2244/7948 3073/2804/7947 
f 3073/2804/7947 2702/2244/7948 3074/2805/7949 
f 2702/2244/7948 2661/2198/7950 3074/2805/7949 
f 3074/2805/7949 2661/2198/7950 3140/2899/7951 
f 2661/2198/7950 2663/2200/7952 3140/2899/7951 
f 3140/2899/7951 2663/2200/7952 2649/2185/7953 
f 2663/2200/7952 2665/2202/7954 2649/2185/7953 
f 2649/2185/7953 2665/2202/7954 2660/2197/7955 
f 2665/2202/7954 2870/2491/7956 2660/2197/7955 
f 2660/2197/7955 2870/2491/7956 2657/2193/7957 
f 2870/2491/7956 2869/2490/7958 2657/2193/7957 
f 2657/2193/7957 2869/2490/7958 2655/2191/7959 
f 2869/2490/7958 2008/1437/7960 2655/2191/7959 
f 2655/2191/7959 2008/1437/7960 2653/2189/7961 
f 2008/1437/7960 2007/1436/7962 2653/2189/7961 
f 2653/2189/7961 2007/1436/7962 3230/3026/7963 
f 2007/1436/7962 2665/2202/7964 3230/3026/7963 
f 3230/3026/7963 2665/2202/7964 2016/1445/7965 
f 2665/2202/7964 2664/2201/7966 2016/1445/7965 
f 2016/1445/7965 2664/2201/7966 2017/1446/7967 
f 2664/2201/7966 2662/2199/7968 2017/1446/7967 
f 2017/1446/7967 2662/2199/7968 2701/2243/7969 
f 2662/2199/7968 2661/2198/7970 2701/2243/7969 
f 2701/2243/7969 2661/2198/7970 2702/2244/7971 
f 2801/2854/7972 2802/3152/7973 3102/2855/7974 
f 2802/3152/7973 2562/3153/7975 3102/2855/7974 
f 3102/2855/7974 2562/3153/7975 3233/3029/7976 
f 2562/3153/7975 2557/3154/7977 3233/3029/7976 
f 3233/3029/7976 2557/3154/7977 3278/3112/7978 
f 2557/3154/7977 2556/3155/7979 3278/3112/7978 
f 3278/3112/7978 2556/3155/7979 3280/3114/7980 
f 2556/3155/7979 2347/1798/7981 3280/3114/7980 
f 3280/3114/7980 2347/1798/7981 3281/3115/7982 
f 2347/1798/7981 2346/1797/7983 3281/3115/7982 
f 3281/3115/7982 2346/1797/7983 3290/3138/7984 
f 2346/1797/7983 2822/2427/7985 3290/3138/7984 
f 3290/3138/7984 2822/2427/7985 3030/2742/7986 
f 2822/2427/7985 2823/2429/7987 3030/2742/7986 
f 3030/2742/7986 2823/2429/7987 2343/1792/7988 
f 2823/2429/7987 3248/3058/7989 2343/1792/7988 
f 2343/1792/7988 3248/3058/7989 2597/2124/7990 
f 3248/3058/7989 3249/3059/7991 2597/2124/7990 
f 2597/2124/7990 3249/3059/7991 2598/2125/7992 
f 3249/3059/7991 3154/2922/7993 2598/2125/7992 
f 2598/2125/7992 3154/2922/7993 3237/3037/7994 
f 3154/2922/7993 3155/2923/7995 3237/3037/7994 
f 3237/3037/7994 3155/2923/7995 3130/2888/7996 
f 3155/2923/7995 3156/2924/7997 3130/2888/7996 
f 3130/2888/7996 3156/2924/7997 3129/2887/7998 
f 3156/2924/7997 3157/2925/7999 3129/2887/7998 
f 3129/2887/7998 3157/2925/7999 3127/2885/8000 
f 3157/2925/7999 3158/2926/8001 3127/2885/8000 
f 3127/2885/8000 3158/2926/8001 2352/1805/8002 
f 3158/2926/8001 2223/1662/8003 2352/1805/8002 
f 2352/1805/8002 2223/1662/8003 2353/1806/8004 
f 2223/1662/8003 2222/1661/8005 2353/1806/8004 
f 2353/1806/8004 2222/1661/8005 3283/3118/8006 
f 2222/1661/8005 2221/1660/8007 3283/3118/8006 
f 3283/3118/8006 2221/1660/8007 2225/1664/8008 
f 2221/1660/8007 2783/2369/8009 2225/1664/8008 
f 2225/1664/8008 2783/2369/8009 2226/1665/8010 
f 2783/2369/8009 2782/2368/8011 2226/1665/8010 
f 2226/1665/8010 2782/2368/8011 2224/1663/8012 
f 2782/2368/8011 2781/2367/8013 2224/1663/8012 
f 2224/1663/8012 2781/2367/8013 2992/2686/8014 
f 2781/2367/8013 3185/2971/8015 2992/2686/8014 
f 2992/2686/8014 3185/2971/8015 2990/2684/8016 
f 3185/2971/8015 3183/2969/8017 2990/2684/8016 
f 2990/2684/8016 3183/2969/8017 3151/2917/8018 
f 3183/2969/8017 3182/2968/8019 3151/2917/8018 
f 3151/2917/8018 3182/2968/8019 2187/1622/8020 
f 3182/2968/8019 3274/3108/8021 2187/1622/8020 
f 2187/1622/8020 3274/3108/8021 2769/2355/8022 
f 3274/3108/8021 3275/3109/8023 2769/2355/8022 
f 2769/2355/8022 3275/3109/8023 2770/2356/8024 
f 3275/3109/8023 3276/3110/8025 2770/2356/8024 
f 2770/2356/8024 3276/3110/8025 2771/2357/8026 
f 3276/3110/8025 3277/3111/8027 2771/2357/8026 
f 2771/2357/8026 3277/3111/8027 3153/2919/8028 
f 3277/3111/8027 3279/3113/8029 3153/2919/8028 
f 3153/2919/8028 3279/3113/8029 3289/3137/8030 
f 3279/3113/8029 3281/3115/8031 3289/3137/8030 
f 3289/3137/8030 3281/3115/8031 3290/3138/8032 
f 3297/3156/8033 3298/3157/8033 3299/3158/8033 
f 3300/3159/8034 3301/3160/8035 3302/3161/8035 
f 3301/3160/8035 3303/3162/8036 3302/3161/8035 
f 3304/3163/8037 3299/3158/8038 3305/3164/8039 
f 3299/3158/8038 3298/3157/8040 3305/3164/8039 
f 3305/3164/8039 3298/3157/8040 3306/3165/8041 
f 3307/3166/8042 3308/3167/8043 3309/3168/8044 
f 3308/3167/8043 3310/3169/8045 3309/3168/8044 
f 3309/3168/8044 3310/3169/8045 3311/3170/8046 
f 3310/3169/8045 3312/3171/8047 3311/3170/8046 
f 3311/3170/8046 3312/3171/8047 3313/3172/8048 
f 3312/3171/8047 3314/3173/8049 3313/3172/8048 
f 3313/3172/8048 3314/3173/8049 3315/3174/8049 
f 3316/3175/8050 3304/3163/8050 3317/3176/8051 
f 3304/3163/8050 3305/3164/8052 3317/3176/8051 
f 3317/3176/8051 3305/3164/8052 3318/3177/8053 
f 3305/3164/8052 3306/3165/8054 3318/3177/8053 
f 3318/3177/8053 3306/3165/8054 3301/3160/8055 
f 3306/3165/8054 3298/3157/8056 3301/3160/8055 
f 3301/3160/8055 3298/3157/8056 3303/3162/8057 
f 3298/3157/8056 3297/3156/8058 3303/3162/8057 
f 3303/3162/8057 3297/3156/8058 3302/3161/8059 
f 3319/3178/8060 3320/3179/8061 3321/3180/8062 
f 3320/3179/8061 3307/3166/8063 3321/3180/8062 
f 3321/3180/8062 3307/3166/8063 3322/3181/8064 
f 3307/3166/8063 3309/3168/8065 3322/3181/8064 
f 3322/3181/8064 3309/3168/8065 3323/3182/8066 
f 3309/3168/8065 3311/3170/8067 3323/3182/8066 
f 3323/3182/8066 3311/3170/8067 3324/3183/8068 
f 3311/3170/8067 3313/3172/8069 3324/3183/8068 
f 3324/3183/8068 3313/3172/8069 3325/3184/8070 
f 3313/3172/8069 3315/3174/8071 3325/3184/8070 
f 3325/3184/8070 3315/3174/8071 3326/3185/8071 
f 3327/3186/8072 3328/3187/8073 3329/3188/8074 
f 3328/3187/8073 3319/3178/8075 3329/3188/8074 
f 3329/3188/8074 3319/3178/8075 3330/3189/8076 
f 3319/3178/8075 3321/3180/8077 3330/3189/8076 
f 3330/3189/8076 3321/3180/8077 3331/3190/8078 
f 3321/3180/8077 3322/3181/8079 3331/3190/8078 
f 3331/3190/8078 3322/3181/8079 3332/3191/8080 
f 3322/3181/8079 3323/3182/8081 3332/3191/8080 
f 3332/3191/8080 3323/3182/8081 3333/3192/8082 
f 3323/3182/8081 3324/3183/8083 3333/3192/8082 
f 3333/3192/8082 3324/3183/8083 3334/3193/8084 
f 3324/3183/8083 3325/3184/8085 3334/3193/8084 
f 3334/3193/8084 3325/3184/8085 3335/3194/8086 
f 3325/3184/8085 3326/3185/8087 3335/3194/8086 
f 3335/3194/8086 3326/3185/8087 3336/3195/8087 
f 3310/3169/8088 3337/3196/8089 3312/3171/8090 
f 3337/3196/8089 3327/3186/8091 3312/3171/8090 
f 3312/3171/8090 3327/3186/8091 3314/3173/8092 
f 3327/3186/8091 3329/3188/8093 3314/3173/8092 
f 3314/3173/8092 3329/3188/8093 3316/3175/8094 
f 3329/3188/8093 3330/3189/8095 3316/3175/8094 
f 3316/3175/8094 3330/3189/8095 3304/3163/8096 
f 3330/3189/8095 3331/3190/8097 3304/3163/8096 
f 3304/3163/8096 3331/3190/8097 3299/3158/8098 
f 3331/3190/8097 3332/3191/8099 3299/3158/8098 
f 3299/3158/8098 3332/3191/8099 3297/3156/8100 
f 3332/3191/8099 3333/3192/8101 3297/3156/8100 
f 3297/3156/8100 3333/3192/8101 3302/3161/8102 
f 3333/3192/8101 3334/3193/8103 3302/3161/8102 
f 3302/3161/8102 3334/3193/8103 3300/3159/8104 
f 3334/3193/8103 3335/3194/8105 3300/3159/8104 
f 3300/3159/8104 3335/3194/8105 3301/3160/8106 
f 3335/3194/8105 3336/3195/8107 3301/3160/8106 
f 3301/3160/8106 3336/3195/8107 3318/3177/8108 
f 3336/3195/8107 3326/3185/8109 3318/3177/8108 
f 3318/3177/8108 3326/3185/8109 3317/3176/8110 
f 3326/3185/8109 3315/3174/8111 3317/3176/8110 
f 3317/3176/8110 3315/3174/8111 3316/3175/8112 
f 3315/3174/8111 3314/3173/8113 3316/3175/8112 
f 3338/3197/8114 3339/3198/8114 3340/3199/8114 
f 3341/3200/8115 3342/3201/8116 3343/3202/8117 
f 3342/3201/8116 3344/3203/8118 3343/3202/8117 
f 3345/3204/8119 3338/3197/8120 3346/3205/8121 
f 3338/3197/8120 3340/3199/8122 3346/3205/8121 
f 3346/3205/8121 3340/3199/8122 3347/3206/8122 
f 3348/3207/8123 3349/3208/8124 3350/3209/8125 
f 3349/3208/8124 3351/3210/8126 3350/3209/8125 
f 3350/3209/8125 3351/3210/8126 3352/3211/8127 
f 3351/3210/8126 3353/3212/8128 3352/3211/8127 
f 3352/3211/8127 3353/3212/8128 3354/3213/8129 
f 3353/3212/8128 3355/3214/8130 3354/3213/8129 
f 3354/3213/8129 3355/3214/8130 3356/3215/8130 
f 3357/3216/8131 3345/3204/8131 3358/3217/8132 
f 3345/3204/8131 3346/3205/8133 3358/3217/8132 
f 3358/3217/8132 3346/3205/8133 3359/3218/8134 
f 3346/3205/8133 3347/3206/8135 3359/3218/8134 
f 3359/3218/8134 3347/3206/8135 3342/3201/8136 
f 3347/3206/8135 3340/3199/8137 3342/3201/8136 
f 3342/3201/8136 3340/3199/8137 3344/3203/8138 
f 3340/3199/8137 3339/3198/8139 3344/3203/8138 
f 3344/3203/8138 3339/3198/8139 3343/3202/8140 
f 3360/3219/8141 3361/3220/8142 3362/3221/8143 
f 3361/3220/8142 3348/3207/8144 3362/3221/8143 
f 3362/3221/8143 3348/3207/8144 3363/3222/8145 
f 3348/3207/8144 3350/3209/8146 3363/3222/8145 
f 3363/3222/8145 3350/3209/8146 3364/3223/8147 
f 3350/3209/8146 3352/3211/8148 3364/3223/8147 
f 3364/3223/8147 3352/3211/8148 3365/3224/8149 
f 3352/3211/8148 3354/3213/8150 3365/3224/8149 
f 3365/3224/8149 3354/3213/8150 3366/3225/8151 
f 3354/3213/8150 3356/3215/8152 3366/3225/8151 
f 3366/3225/8151 3356/3215/8152 3367/3226/8152 
f 3368/3227/8153 3369/3228/8154 3370/3229/8155 
f 3369/3228/8154 3360/3219/8156 3370/3229/8155 
f 3370/3229/8155 3360/3219/8156 3371/3230/8157 
f 3360/3219/8156 3362/3221/8158 3371/3230/8157 
f 3371/3230/8157 3362/3221/8158 3372/3231/8159 
f 3362/3221/8158 3363/3222/8160 3372/3231/8159 
f 3372/3231/8159 3363/3222/8160 3373/3232/8161 
f 3363/3222/8160 3364/3223/8162 3373/3232/8161 
f 3373/3232/8161 3364/3223/8162 3374/3233/8163 
f 3364/3223/8162 3365/3224/8164 3374/3233/8163 
f 3374/3233/8163 3365/3224/8164 3375/3234/8165 
f 3365/3224/8164 3366/3225/8166 3375/3234/8165 
f 3375/3234/8165 3366/3225/8166 3376/3235/8167 
f 3366/3225/8166 3367/3226/8168 3376/3235/8167 
f 3376/3235/8167 3367/3226/8168 3377/3236/8168 
f 3351/3210/8169 3378/3237/8170 3353/3212/8171 
f 3378/3237/8170 3368/3227/8172 3353/3212/8171 
f 3353/3212/8171 3368/3227/8172 3355/3214/8173 
f 3368/3227/8172 3370/3229/8174 3355/3214/8173 
f 3355/3214/8173 3370/3229/8174 3357/3216/8175 
f 3370/3229/8174 3371/3230/8176 3357/3216/8175 
f 3357/3216/8175 3371/3230/8176 3345/3204/8177 
f 3371/3230/8176 3372/3231/8178 3345/3204/8177 
f 3345/3204/8177 3372/3231/8178 3338/3197/8179 
f 3372/3231/8178 3373/3232/8180 3338/3197/8179 
f 3338/3197/8179 3373/3232/8180 3339/3198/8181 
f 3373/3232/8180 3374/3233/8182 3339/3198/8181 
f 3339/3198/8181 3374/3233/8182 3343/3202/8183 
f 3374/3233/8182 3375/3234/8184 3343/3202/8183 
f 3343/3202/8183 3375/3234/8184 3341/3200/8185 
f 3375/3234/8184 3376/3235/8186 3341/3200/8185 
f 3341/3200/8185 3376/3235/8186 3342/3201/8187 
f 3376/3235/8186 3377/3236/8188 3342/3201/8187 
f 3342/3201/8187 3377/3236/8188 3359/3218/8189 
f 3377/3236/8188 3367/3226/8190 3359/3218/8189 
f 3359/3218/8189 3367/3226/8190 3358/3217/8191 
f 3367/3226/8190 3356/3215/8192 3358/3217/8191 
f 3358/3217/8191 3356/3215/8192 3357/3216/8193 
f 3356/3215/8192 3355/3214/8194 3357/3216/8193 
# 0 polygons - 3757 triangles

